2022 roush f 150|https://www.forddonhinds.com/new-Fishers-2022-Ford-ROUSH F 150-XLT-1FTFW1E59NFB47280|7|0|23|NEW
2022 roush f150|https://www.forddonhinds.com/new-Fishers-2022-Ford-ROUSH F 150-XLT-1FTFW1E59NFB47280|8|0|22|NEW
best suvs Carmel, IN|https://www.forddonhinds.com/carmel-in-used-suvs-for-sale.html|11|0|0|NEW
best suvs Fishers, IN|https://www.forddonhinds.com/best-suvs-fishers-in.html|1|0|0|NEW
best suvs Fortville, IN|https://www.forddonhinds.com/best-suvs-fortville-in.html|1|0|0|NEW
buy used car Fortville, IN|https://www.forddonhinds.com/searchused.aspx|2|0|0|NEW
buy used car Zionsville, IN|https://www.forddonhinds.com/buy-used-cars-zionsville-in.html|5|0|0|NEW
buy used cars Fortville, IN|https://www.forddonhinds.com/buy-used-car-fortville-in.html|6|0|0|NEW
buy used cars Noblesville, IN|https://www.forddonhinds.com/used-cars-for-sale-near-me-noblesville-in.html|14|0|0|NEW
buy used cars Zionsville, IN|https://www.forddonhinds.com/buy-used-cars-zionsville-in.html|5|0|0|NEW
car appraisal Carmel, IN|https://www.forddonhinds.com/car-appraisal-carmel-in.html|2|0|0|NEW
car appraisal Fishers, IN|https://www.forddonhinds.com/car-appraisal-fishers-in.html|2|0|0|NEW
car appraisal Fortville, IN|https://www.forddonhinds.com/trade-in-car-fortville-in.html|5|0|0|NEW
car appraisal Lawrence, IN|https://www.forddonhinds.com/lawrence-in-car-appraisal.html|2|0|0|NEW
car appraisal near me Indianapolis, IN|https://www.forddonhinds.com/car-appraisal-near-me-indianapolis-in.html|3|0|0|NEW
car appraisal Noblesville, IN|https://www.forddonhinds.com/car-appraisal-noblesville-in.html|2|0|0|NEW
car appraisal Zionsville, IN|https://www.forddonhinds.com/car-appraisal-zionsville-in.html|2|0|0|NEW
car dealerships near me used Fishers, IN|https://www.forddonhinds.com/fishers-in-used-car-dealer-near-me.html|11|0|0|NEW
car for trade in Indianapolis, IN|https://www.forddonhinds.com/car-for-trade-in-indianapolis-in.html|1|0|0|NEW
car trade in deals Indianapolis, IN|https://www.forddonhinds.com/car-trade-in-deals-indianapolis-in.html|2|0|0|NEW
car trade in Indianapolis, IN|https://www.forddonhinds.com/trade-in-car-indianapolis-in.html|4|0|0|NEW
car trade in Lawrence, IN|https://www.forddonhinds.com/trade-in-car-lawrence-in.html|1|0|0|NEW
car trade in near me Indianapolis, IN|https://www.forddonhinds.com/indianapolis-in-car-trade-in-near-me.html|3|0|0|NEW
car trade in Noblesville, IN|https://www.forddonhinds.com/trade-in-car-noblesville-in.html|1|0|0|NEW
Carmel IN car repair|https://www.forddonhinds.com/car-repair-near-me-carmel-in.htm|24|0|6|NEW
Carmel IN car serviced near me|https://www.forddonhinds.com/carmel-in-car-serviced-near-me.html|2|3|+1|UP
Carmel IN Carfax used cars|https://www.forddonhinds.com/get-full-carmel-in-carfax-for-used-cars.html|5|0|25|NEW
Carmel IN collision|https://www.forddonhinds.com/|3|0|27|NEW
Carmel IN Ford Bronco|https://www.forddonhinds.com/discover-the-carmel-in-ford-bronco.html|1|1|0|EQ
Carmel IN Ford Explorer|https://www.forddonhinds.com/announcing-the-all-powerful-ford-explorer-carmel-in.html|11|0|19|NEW
Carmel IN Mustang Mach E|https://www.forddonhinds.com/carmel-in-mustang-mach-e.html|1|0|29|NEW
Carmel IN used car dealers near me|https://www.forddonhinds.com/discover-used-car-dealers-near-me-carmel-in.html|14|13|-1|DOWN
Carmel IN used car lots near me|https://www.forddonhinds.com/discover-used-car-dealers-near-me-carmel-in.html|8|12|+4|UP
Carmel IN used cars near me|https://www.forddonhinds.com/reliable-used-cars-for-sale-near-me-carmel-in.html|14|12|-2|DOWN
collision repair carmel in|https://www.forddonhinds.com/professional-collision-repair-carmel-in.html|13|0|17|NEW
collision repair fishers in|https://www.forddonhinds.com/|3|0|27|NEW
collision repair noblesville in|https://www.forddonhinds.com/|3|3|0|EQ
don hinds fishers indiana|https://www.forddonhinds.com/|1|1|0|EQ
don hinds ford|https://www.forddonhinds.com/|2|1|-1|DOWN
don hinds ford fishers|https://www.forddonhinds.com/|1|0|29|NEW
don hinds ford fishers indiana|https://www.forddonhinds.com/|1|1|0|EQ
don hinds ford inc|https://www.forddonhinds.com/|1|1|0|EQ
don hinds ford inc fishers in|https://www.forddonhinds.com/|1|1|0|EQ
don hinds ford indiana|https://www.forddonhinds.com/|1|1|0|EQ
don hinds ford inventory|https://www.forddonhinds.com/|1|0|29|NEW
don hinds ford parts|https://www.forddonhinds.com/|1|1|0|EQ
don hinds ford service|https://www.forddonhinds.com/service.aspx|1|1|0|EQ
don hinds ford service coupons|https://www.forddonhinds.com/manufacturer-service-specials.html|1|1|0|EQ
don hinds ford service department|https://www.forddonhinds.com/|1|1|0|EQ
don hinds ford used|https://www.forddonhinds.com/|1|0|29|NEW
don hinds ford used cars|https://www.forddonhinds.com/|1|1|0|EQ
don hinds used cars|https://www.forddonhinds.com/|1|1|0|EQ
don hines ford|https://www.forddonhinds.com/|1|1|0|EQ
donhinds ford|https://www.forddonhinds.com/|1|1|0|EQ
donhindsford|https://www.forddonhinds.com/searchused.aspx|1|1|0|EQ
electric cars Fishers, IN|https://www.forddonhinds.com/glorious-used-electric-cars-fishers-in.html|3|0|0|NEW
electric ford f150 Indianapolis, IN|https://www.forddonhinds.com/indianapolis-in-ford-f150-lightning-electric-truck.html|2|0|0|NEW
f150 raptor Indianapolis, IN|https://www.forddonhinds.com/ford-f150-raptor-indianapolis-in.html|2|0|0|NEW
fishers auto body|https://www.forddonhinds.com/|3|0|27|NEW
fishers car dealership|https://www.forddonhinds.com/|3|4|+1|UP
Fishers IN auto repair and service|https://www.forddonhinds.com/book-amazing-auto-repair-and-service-fishers-in.htm|12|0|18|NEW
Fishers IN car mechanic near me|https://www.forddonhinds.com/fishers-in-car-repair-near-me.htm|6|0|24|NEW
Fishers IN car serviced near me|https://www.forddonhinds.com/car-serviced-near-me-fishers-in.html|3|0|27|NEW
Fishers IN Carfax used cars|https://www.forddonhinds.com/always-ask-for-the-carfax-used-cars-fishers-in.html|6|11|+5|UP
Fishers IN collision|https://www.forddonhinds.com/fisher-collision-repair-location.html|11|0|19|NEW
Fishers IN collision repair|https://www.forddonhinds.com/fisher-collision-repair-location.html|5|0|25|NEW
Fishers IN collision repair near me|https://www.forddonhinds.com/fishers-in-collision-repair-near-me.html|7|0|23|NEW
Fishers IN Ford Bronco|https://www.forddonhinds.com/fishers-in-ford-bronco.html|1|1|0|EQ
Fishers IN Ford Explorer|https://www.forddonhinds.com/new-Fishers-2022-Ford-Explorer- -1FMSK7BH9NGB93919|1|1|0|EQ
Fishers IN mechanic shop near me|https://www.forddonhinds.com/reliable-mechanic-shops-near-me-fishers-in.html|5|6|+1|UP
Fishers IN mechanic shops near me|https://www.forddonhinds.com/reliable-mechanic-shops-near-me-fishers-in.html|5|6|+1|UP
Fishers IN Mustang Mach E|https://www.forddonhinds.com/|1|0|29|NEW
Fishers IN used car dealer near me|https://www.forddonhinds.com/fishers-in-used-car-dealer-near-me.html|11|12|+1|UP
Fishers IN used car dealers|https://www.forddonhinds.com/|4|0|26|NEW
Fishers IN used car lots near me|https://www.forddonhinds.com/fishers-in-used-car-dealer-near-me.html|11|4|-7|DOWN
Fishers IN used cars|https://www.forddonhinds.com/|7|0|23|NEW
Fishers IN used cars for sale|https://www.forddonhinds.com/used-car-for-sale-fishers-in.html|26|0|4|NEW
Fishers IN used cars for sale near me|https://www.forddonhinds.com/used-cars-for-sale-near-me-fishers-in.html|21|20|-1|DOWN
Fishers IN used cars near me|https://www.forddonhinds.com/fishers-in-used-car-dealer-near-me.html|12|0|18|NEW
Fishers IN used trucks|https://www.forddonhinds.com/fishers-in-used-pickup-trucks-sale.html|9|0|21|NEW
ford car Fishers, IN|https://www.forddonhinds.com/|1|0|0|NEW
ford car Indianapolis, IN|https://www.forddonhinds.com/ford-cars-indianapolis-in.html|3|0|0|NEW
ford cars Carmel, IN|https://www.forddonhinds.com/|5|0|0|NEW
ford cars Fishers, IN|http://www.forddonhinds.com/|1|0|0|NEW
ford cars Indianapolis, IN|https://www.forddonhinds.com/ford-cars-indianapolis-in.html|3|0|0|NEW
ford dealership fishers|http://www.forddonhinds.com/|1|1|0|EQ
ford dealership noblesville|http://www.forddonhinds.com/|1|0|29|NEW
ford electric car Indianapolis, IN|https://www.forddonhinds.com/indianapolis-in-used-electric-car.html|2|0|0|NEW
ford f 150 Indianapolis, IN|https://www.forddonhinds.com/|6|0|0|NEW
ford f 150 lightning electric truck Indianapolis, IN|https://www.forddonhinds.com/indianapolis-in-ford-f150-lightning-electric-truck.html|1|0|0|NEW
ford f150 Fishers, IN|https://www.forddonhinds.com/new-Fishers-2022-Ford-F 150-XL-1FTEW1EP7NKE50501|1|0|0|NEW
ford f150 hybrid Indianapolis, IN|https://www.forddonhinds.com/ford-f150-hybrid-indianapolis-in.html|1|0|0|NEW
ford f-150 Indianapolis, IN|https://www.forddonhinds.com/|4|0|0|NEW
ford f150 tremor Indianapolis, IN|https://www.forddonhinds.com/ford-f150-tremor-indianapolis-in.html|1|0|0|NEW
ford f150 Zionsville, IN|https://www.forddonhinds.com/zionsville-in-used-ford-f150.html|27|0|0|NEW
ford fisher|https://www.forddonhinds.com/|4|4|0|EQ
ford fishers|https://www.forddonhinds.com/|1|1|0|EQ
ford garage fishers|https://www.forddonhinds.com/searchused.aspx|1|0|29|NEW
ford hybrid truck Indianapolis, IN|https://www.forddonhinds.com/ford-hybrid-truck-indianapolis-in.html|2|0|0|NEW
ford indiana dealers|https://www.forddonhinds.com/|8|7|-1|DOWN
ford lightning Carmel, IN|https://www.forddonhinds.com/|1|0|0|NEW
ford lightning Fishers, IN|https://www.forddonhinds.com/new-Fishers-2022-Ford-F 150 Lightning-LARIAT-1FTVW1EV4NWG07604|1|0|0|NEW
ford lightning for sale indiana|https://www.forddonhinds.com/|5|0|25|NEW
ford lightning Fortville, IN|https://www.forddonhinds.com/ford-lighting-fortville-in.html|1|0|0|NEW
ford lightning Noblesville, IN|https://www.forddonhinds.com/|7|0|0|NEW
ford lightning Zionsville, IN|https://www.forddonhinds.com/searchused.aspx|1|0|0|NEW
ford maverick Fishers, IN|https://www.forddonhinds.com/ford-maverick-fishers-in.html|1|0|0|NEW
ford maverick Fortville, IN|https://www.forddonhinds.com/searchused.aspx|1|0|0|NEW
ford maverick Indianapolis, IN|https://www.forddonhinds.com/ford-maverick-indianapolis-in.html|2|0|0|NEW
ford maverick Noblesville, IN|https://www.forddonhinds.com/ford-maverick-noblesville-in.html|1|0|0|NEW
ford maverick Zionsville, IN|https://www.forddonhinds.com/searchused.aspx|1|0|0|NEW
ford noblesville|https://www.forddonhinds.com/|4|3|-1|DOWN
ford pickup truck Indianapolis, IN|https://www.forddonhinds.com/ford-truck-indianapolis-in.html|1|0|0|NEW
ford raptor Carmel, IN|https://www.forddonhinds.com/new-Fishers-2022-Ford-F 150-Raptor-1FTFW1RG7NFB49489|20|0|0|NEW
ford raptor Fishers, IN|https://www.forddonhinds.com/ford-raptor-fishers-in.html|1|0|0|NEW
ford raptor for sale Fishers, IN|https://www.forddonhinds.com/ford-raptor-for-sale-fishers-in.html|2|0|0|NEW
ford raptor for sale Indianapolis, IN|https://www.forddonhinds.com/ford-raptor-for-sale-indianapolis-in.html|3|0|0|NEW
ford raptor Noblesville, IN|https://www.forddonhinds.com/ford-raptor-noblesville-in.html|1|0|0|NEW
ford raptor r Indianapolis, IN|https://www.forddonhinds.com/ford-raptor-r-indianapolis-in.html|1|0|0|NEW
ford raptors for sale Indianapolis, IN|https://www.forddonhinds.com/indianapolis-in-used-ford-raptor-for-sale.html|5|0|0|NEW
ford shelby truck Indianapolis, IN|https://www.forddonhinds.com/indianapolis-in-ford-shelby-truck.html|1|0|0|NEW
ford suv models Indianapolis, IN|https://www.forddonhinds.com/indianapolis-in-ford-suv-models.html|1|0|0|NEW
ford truck Indianapolis, IN|https://www.forddonhinds.com/ford-truck-indianapolis-in.html|2|0|0|NEW
ford vehicles Indianapolis, IN|http://www.forddonhinds.com/|1|0|0|NEW
Fortville IN auto repair and service|https://www.forddonhinds.com/auto-repair-and-service-fortville-in.htm|6|6|0|EQ
Fortville IN car ac repair|https://www.forddonhinds.com/get-quality-fortville-in-car-ac-repair.html|6|49|+43|UP
Fortville IN car repair|https://www.forddonhinds.com/car-repair-fortville-in.html|8|0|22|NEW
Fortville IN car serviced near me|https://www.forddonhinds.com/fortville-in-car-serviced-near-me.html|2|2|0|EQ
Fortville IN Carfax used cars|https://www.forddonhinds.com/valuable-carfax-for-used-cars-fortville-in.html|1|0|29|NEW
Fortville IN cars for sale|https://www.forddonhinds.com/used-car-for-sale-fortville-in.html|26|0|4|NEW
Fortville IN collision repair near me|https://www.forddonhinds.com/remarkable-collision-repair-near-me-fortville-in.html|5|0|25|NEW
Fortville IN Ford Bronco|https://www.forddonhinds.com/searchused.aspx|1|1|0|EQ
Fortville IN mechanic shop near me|https://www.forddonhinds.com/full-service-from-a-mechanic-shop-near-me-fortville-in.htm|6|0|24|NEW
Fortville IN used car dealerships near me|https://www.forddonhinds.com/used-car-dealers-near-me-fortville-in.html|5|4|-1|DOWN
Fortville IN used cars|https://www.forddonhinds.com/fortville-in-used-car-dealer-near-me.html|14|12|-2|DOWN
Fortville IN used cars for sale near me|https://www.forddonhinds.com/fortville-in-used-car-dealer-near-me.html|12|16|+4|UP
Indianapolis IN auto collision|https://www.forddonhinds.com/helpful-auto-collision-services-indianapolis-in.html|20|26|+6|UP
Indianapolis IN auto collision repair near me|https://www.forddonhinds.com/best-collision-repair-near-me-indianapolis-in.html|4|4|0|EQ
Indianapolis IN auto electrical services|https://www.forddonhinds.com/indianapolis-in-auto-electrical-services.html|3|0|27|NEW
Indianapolis IN auto mechanic near me|https://www.forddonhinds.com/indianapolis-in-auto-mechanic-shops-near-me.html|7|6|-1|DOWN
Indianapolis IN auto mechanic shop|https://www.forddonhinds.com/indianapolis-in-auto-mechanic-shops-near-me.html|10|14|+4|UP
Indianapolis IN auto mechanic shops near me|https://www.forddonhinds.com/reliable-mechanics-shops-near-me-indinapolis-in.html|7|6|-1|DOWN
Indianapolis IN auto mechanics shops near me|https://www.forddonhinds.com/indianapolis-in-auto-mechanic-shops-near-me.html|5|0|25|NEW
Indianapolis IN auto service near me|https://www.forddonhinds.com/reliable-auto-service-near-me-indianapolis-in.html|7|8|+1|UP
Indianapolis IN auto servicing near me|https://www.forddonhinds.com/indianapolis-in-auto-servicing-near-me.html|3|6|+3|UP
Indianapolis IN automotive repair|https://www.forddonhinds.com/indianapolis-in-automotive-repair-near-me.html|10|11|+1|UP
Indianapolis IN automotive repair near me|https://www.forddonhinds.com/indianapolis-in-automotive-repair-near-me.html|6|0|24|NEW
Indianapolis IN automotive repair shops|https://www.forddonhinds.com/indianapolis-in-automotive-repair-shops.html|11|0|19|NEW
Indianapolis IN best collision repair near me|https://www.forddonhinds.com/best-collision-repair-near-me-indianapolis-in.html|3|2|-1|DOWN
Indianapolis IN best place to buy used cars|https://www.forddonhinds.com/indianapolis-in-used-cars-to-buy.html|11|0|19|NEW
Indianapolis IN buying used car|https://www.forddonhinds.com/indianapolis-in-buying-used-car.html|13|16|+3|UP
Indianapolis IN car ac repair|https://www.forddonhinds.com/indianapolis-in-car-air-conditioner-repair-near-me.html|23|0|7|NEW
Indianapolis IN car air conditioner repair near me|https://www.forddonhinds.com/indianapolis-in-car-air-conditioner-repair-near-me.html|4|0|26|NEW
Indianapolis IN car dealers near me used|https://www.forddonhinds.com/indianapolis-in-car-dealers-near-me-used.html|9|0|21|NEW
Indianapolis IN car electrical repair|https://www.forddonhinds.com/indianapolis-in-car-electrical-repair.html|6|0|24|NEW
Indianapolis IN car mechanic near me|https://www.forddonhinds.com/indianapolis-in-mechanic-shop-near-me.htm|7|0|23|NEW
Indianapolis IN car repair near me|https://www.forddonhinds.com/indianapolis-in-automotive-repair-near-me.html|12|48|+36|UP
Indianapolis IN car repair shop near me|https://www.forddonhinds.com/indianapolis-in-auto-mechanic-shops-near-me.html|18|11|-7|DOWN
Indianapolis IN car repair shops near me|https://www.forddonhinds.com/indianapolis-in-auto-mechanic-shops-near-me.html|18|0|12|NEW
Indianapolis IN Carfax used cars|https://www.forddonhinds.com/full-carfax-for-used-cars-indianapolis-in.html|11|10|-1|DOWN
Indianapolis IN colision|https://www.forddonhinds.com/certified-collision-center-indianapolis-in.html|26|0|4|NEW
Indianapolis IN collision center|https://www.forddonhinds.com/car-collision-centers-indianapolis-in.html|10|9|-1|DOWN
Indianapolis IN collision center near me|https://www.forddonhinds.com/indianapolis-in-collision-shops-near-me.html|4|0|26|NEW
Indianapolis IN collision centers near me|https://www.forddonhinds.com/indianapolis-in-collision-center-near-me.html|4|4|0|EQ
Indianapolis IN collision repair|https://www.forddonhinds.com/indianapolis-in-collision.html|28|0|2|NEW
Indianapolis IN collision repairs near me|https://www.forddonhinds.com/best-collision-repair-near-me-indianapolis-in.html|3|0|27|NEW
Indianapolis IN collision.|https://www.forddonhinds.com/indianapolis-in-collision.html|3|0|27|NEW
Indianapolis IN F150 Lightning|https://www.forddonhinds.com/indianapolis-in-ford-f150-lightning-electric-truck.html|1|1|0|EQ
Indianapolis IN Ford Bronco|https://www.forddonhinds.com/indianapolis-in-new-ford-bronco.html|1|2|+1|UP
Indianapolis IN Ford electric truck|https://www.forddonhinds.com/indianapolis-in-ford-f150-lightning-electric-truck.html|1|1|0|EQ
Indianapolis IN Ford Explorer|https://www.forddonhinds.com/the-ford-explorer-is-here-indianapolis-in.html|4|9|+5|UP
Indianapolis IN Ford Lightning|https://www.forddonhinds.com/introducing-the-ford-lightning-indianapolis-in.html|1|0|29|NEW
Indianapolis IN Ford Maverick truck|https://www.forddonhinds.com/new-ford-maverick-indianapolis-in.html|4|0|26|NEW
Indianapolis IN Ford Mustang|https://www.forddonhinds.com/new-ford-mustang-indianapolis-in.html|3|10|+7|UP
Indianapolis IN Ford Raptor|https://www.forddonhinds.com/raptor-ford-indianapolis-in.html|1|1|0|EQ
Indianapolis IN Ford trucks|https://www.forddonhinds.com/ford-truck-indianapolis-in.html|2|2|0|EQ
Indianapolis IN mechanic shop|https://www.forddonhinds.com/indianapolis-in-auto-mechanic-shops-near-me.html|14|14|0|EQ
Indianapolis IN mechanic shop near me|https://www.forddonhinds.com/indianapolis-in-auto-mechanic-shops-near-me.html|5|0|25|NEW
Indianapolis IN mechanic shops near me|https://www.forddonhinds.com/indianapolis-in-auto-mechanic-shops-near-me.html|8|7|-1|DOWN
Indianapolis IN mechanics near me|https://www.forddonhinds.com/indianapolis-in-auto-mechanic-shops-near-me.html|5|7|+2|UP
Indianapolis IN mechanics shop|https://www.forddonhinds.com/indianapolis-in-auto-mechanic-shops-near-me.html|14|7|-7|DOWN
Indianapolis IN mechanics shops|https://www.forddonhinds.com/professional-mechanic-shops-indianapolis-in.html|12|14|+2|UP
Indianapolis IN mechanics shops near me|https://www.forddonhinds.com/indianapolis-in-auto-mechanic-shops-near-me.html|6|0|24|NEW
Indianapolis IN Mustang|https://www.forddonhinds.com/new-ford-mustang-indianapolis-in.html|6|6|0|EQ
Indianapolis IN Mustang Mach E|https://www.forddonhinds.com/|27|0|3|NEW
Indianapolis IN Mustang SUV|https://www.forddonhinds.com/the-adaptable-mustang-suv-indianapolis-in.html|1|1|0|EQ
Indianapolis IN used car dealer near me|https://www.forddonhinds.com/indianapolis-in-car-dealers-near-me-used.html|7|0|23|NEW
Indianapolis IN used car dealerships near me|https://www.forddonhinds.com/great-used-cars-dealerships-near-me-indianapolis-in.html|20|0|10|NEW
Indianapolis IN used car near me|https://www.forddonhinds.com/buy-used-cars-near-me-indianapolis-in.html|27|8|-19|DOWN
Indianapolis IN used car sales near me|https://www.forddonhinds.com/indianapolis-in-used-car-sale-near-me.html|14|6|-8|DOWN
Indianapolis IN used cars lots near me|https://www.forddonhinds.com/indianapolis-in-used-cars-lots-near-me.html|20|0|10|NEW
Indianapolis IN used Ford Explorer|https://www.forddonhinds.com/|7|5|-2|DOWN
Indianapolis IN used Ford F 150|https://www.forddonhinds.com/used-ford-f150-indianapolis-in.html|10|11|+1|UP
Indianapolis IN used Ford F150|https://www.forddonhinds.com/used-ford-f150-indianapolis-in.html|10|9|-1|DOWN
Indianapolis IN used pickup trucks|https://www.forddonhinds.com/indianapolis-in-used-pickup-trucks-for-sale.html|10|0|20|NEW
Indianapolis IN used pickup trucks sale|https://www.forddonhinds.com/pickup-truck-for-sale-used-indianapolis-in.html|25|0|5|NEW
Indianapolis IN used suv|https://www.forddonhinds.com/|1|1|0|EQ
Indianapolis IN used suv near me|https://www.forddonhinds.com/|1|1|0|EQ
Indianapolis IN used truck for sale near me|https://www.forddonhinds.com/used-truck-near-me-indianapolis-in.html|10|6|-4|DOWN
Indianapolis IN used trucks near me|https://www.forddonhinds.com/used-truck-near-me-indianapolis-in.html|8|9|+1|UP
Indianapolis IN used trucks near me for sale|https://www.forddonhinds.com/used-truck-near-me-indianapolis-in.html|11|16|+5|UP
Indianapolis INauto services|https://www.forddonhinds.com/efficient-auto-services-indianapolis-in.html|4|35|+31|UP
Indianapolis INused car lot near me|https://www.forddonhinds.com/a-dependable-used-car-lot-near-me-indianapolis-in.html|14|6|-8|DOWN
lease buyout Indianapolis, IN|https://www.forddonhinds.com/lease-buyout-indianapolis-in.html|1|0|0|NEW
mustang Carmel, IN|https://www.forddonhinds.com/|4|0|0|NEW
mustang Fishers, IN|https://www.forddonhinds.com/mustang-fishers-in.html|1|0|0|NEW
mustang Fortville, IN|https://www.forddonhinds.com/searchused.aspx|2|0|0|NEW
mustang Noblesville, IN|https://www.forddonhinds.com/|2|0|0|NEW
mustang Zionsville, IN|https://www.forddonhinds.com/mustang-zionsville-in.html|1|0|0|NEW
new ford bronco Carmel, IN|https://www.forddonhinds.com/new-ford-bronco-carmel-in.html|1|0|0|NEW
new ford bronco Fishers, IN|https://www.forddonhinds.com/indianapolis-in-new-ford-bronco.html|13|0|0|NEW
new ford bronco Indianapolis, IN|https://www.forddonhinds.com/indianapolis-in-new-ford-bronco.html|1|0|0|NEW
new ford bronco Zionsville, IN|https://www.forddonhinds.com/searchused.aspx|1|0|0|NEW
new ford car Indianapolis, IN|https://www.forddonhinds.com/|6|0|0|NEW
new ford f 150 raptor Indianapolis, IN|https://www.forddonhinds.com/ford-f150-raptor-indianapolis-in.html|2|0|0|NEW
new ford mustang Indianapolis, IN|https://www.forddonhinds.com/new-ford-mustang-indianapolis-in.html|1|0|0|NEW
Noblesville IN auto repair and service|https://www.forddonhinds.com/noblesville-in-auto-repair-and-service.html|23|15|-8|DOWN
Noblesville IN car ac repair|https://www.forddonhinds.com/searchused.aspx|4|6|+2|UP
Noblesville IN car repair|https://www.forddonhinds.com/|5|0|25|NEW
Noblesville IN car repair near me|https://www.forddonhinds.com/efficient-car-repair-near-me-noblesville-in.html|8|0|22|NEW
Noblesville IN Carfax used cars|https://www.forddonhinds.com/get-carfax-for-great-used-cars-in-noblesville-in.html|7|4|-3|DOWN
Noblesville IN collision|https://www.forddonhinds.com/|2|24|+22|UP
noblesville in collision repair|https://www.forddonhinds.com/srotngly-suggest-collision-repair-near-me-noblesville-in.html|13|16|+3|UP
Noblesville IN collision repair near me|https://www.forddonhinds.com/srotngly-suggest-collision-repair-near-me-noblesville-in.html|6|0|24|NEW
Noblesville IN Ford Bronco|https://www.forddonhinds.com/noblesville-in-ford-bronco.html|1|1|0|EQ
Noblesville IN Ford Explorer|https://www.forddonhinds.com/noblesville-in-ford-explorer.html|1|2|+1|UP
Noblesville IN Mustang Mach E|https://www.forddonhinds.com/|1|1|0|EQ
Noblesville IN used car dealers|https://www.forddonhinds.com/|5|3|-2|DOWN
Noblesville IN used cars near me|https://www.forddonhinds.com/used-cars-for-sale-near-me-noblesville-in.html|14|0|16|NEW
noblesville used car dealers|https://www.forddonhinds.com/used-car-dealers-noblesville-in.html|21|19|-2|DOWN
raptor ford Indianapolis, IN|https://www.forddonhinds.com/raptor-ford-indianapolis-in.html|1|0|0|NEW
roush f150 Indianapolis, IN|https://www.forddonhinds.com/new-Fishers-2022-Ford-ROUSH F 150-XLT-1FTFW1E59NFB47280|4|0|0|NEW
tesla trade in Fishers, IN|https://www.forddonhinds.com/tesla-trade-in-fishers-in.html|2|0|0|NEW
tesla trade in Fortville, IN|https://www.forddonhinds.com/tesla-trade-in-fortville-in.html|3|0|0|NEW
tesla trade in Indianapolis, IN|https://www.forddonhinds.com/indianapolis-in-used-tesla-model-x|18|0|0|NEW
tesla trade in Lawrence, IN|https://www.forddonhinds.com/tesla-trade-in-lawrence-in.html|3|0|0|NEW
tesla trade in Westfield, IN|https://www.forddonhinds.com/tesla-trade-in-westfield-in.html|1|0|0|NEW
tesla trade in Zionsville, IN|https://www.forddonhinds.com/tesla-trade-in-zionsville-in.html|2|0|0|NEW
trade in car Carmel, IN|https://www.forddonhinds.com/trade-in-car-carmel-in.html|1|0|0|NEW
trade in car dealerships near me Indianapolis, IN|https://www.forddonhinds.com/trade-in-car-dealerships-near-me-indianapolis-in.html|3|0|0|NEW
trade in car Fishers, IN|https://www.forddonhinds.com/|2|0|0|NEW
trade in car for lease Indianapolis, IN|https://www.forddonhinds.com/trade-in-car-for-lease-indianapolis-in.html|1|0|0|NEW
trade in car Fortville, IN|https://www.forddonhinds.com/trade-in-car-fortville-in.html|1|0|0|NEW
trade in car Lawrence, IN|https://www.forddonhinds.com/trade-in-car-lawrence-in.html|1|0|0|NEW
trade in car near me Indianapolis, IN|https://www.forddonhinds.com/indianapolis-in-car-trade-in-near-me.html|2|0|0|NEW
trade in car Noblesville, IN|https://www.forddonhinds.com/trade-in-car-noblesville-in.html|1|0|0|NEW
trade in car Westfield, IN|https://www.forddonhinds.com/trade-in-car-westfield-in.html|1|0|0|NEW
trade in car Zionsville, IN|https://www.forddonhinds.com/trade-in-car-zionsville-in.html|1|0|0|NEW
trade in cars Indianapolis, IN|https://www.forddonhinds.com/trade-in-car-indianapolis-in.html|2|0|0|NEW
trade in cars near me Indianapolis, IN|https://www.forddonhinds.com/indianapolis-in-car-trade-in-near-me.html|5|0|0|NEW
trade in deals near me Indianapolis, IN|https://www.forddonhinds.com/car-trade-in-deals-indianapolis-in.html|3|0|0|NEW
trade in my car Indianapolis, IN|https://www.forddonhinds.com/trade-in-car-indianapolis-in.html|3|0|0|NEW
trade in vehicle Indianapolis, IN|https://www.forddonhinds.com/vehicle-trade-in-indianapolis-in.html|1|0|0|NEW
trade in your car Indianapolis, IN|https://www.forddonhinds.com/trade-in-car-indianapolis-in.html|3|0|0|NEW
used Cadillac Indianapolis, IN|https://www.forddonhinds.com/used-cadillac-indianapolis-in.html|11|0|0|NEW
used car appraisal Indianapolis, IN|https://www.forddonhinds.com/used-car-appraisal-indianapolis-in.html|2|0|0|NEW
used car lots Carmel, IN|https://www.forddonhinds.com/used-car-lots-carmel-in.html|18|0|0|NEW
used car lots Noblesville, IN|https://www.forddonhinds.com/searchused.aspx|4|0|0|NEW
used car sales Fishers, IN|https://www.forddonhinds.com/|3|0|0|NEW
used car sales Noblesville, IN|https://www.forddonhinds.com/used-car-for-sale-noblesville-in.html|12|0|0|NEW
used car sales Zionsville, IN|https://www.forddonhinds.com/used-car-for-sale-zionsville-in.html|8|0|0|NEW
used car sell Indianapolis, IN|https://www.forddonhinds.com/used-cars-for-sell-indianapolis-in.html|10|0|0|NEW
used cars for sale fishers|https://www.forddonhinds.com/used-car-for-sale-fishers-in.html|19|0|11|NEW
used dodge charger Fishers, IN|https://www.forddonhinds.com/searchused.aspx|3|0|0|NEW
used honda accord Fortville, IN|https://www.forddonhinds.com/searchused.aspx|1|0|0|NEW
used honda accord Noblesville, IN|https://www.forddonhinds.com/used-honda-accord-noblesville-in.html|12|0|0|NEW
used honda accord Zionsville, IN|https://www.forddonhinds.com/used-honda-accord-zionsville-in.html|5|0|0|NEW
used jeep grand Cherokee Noblesville, IN|https://www.forddonhinds.com/searchused.aspx|6|0|0|NEW
used jeep wrangler sales Indianapolis, IN|https://www.forddonhinds.com/used-jeep-wrangler-for-sale-indianapolis-in.html|26|0|0|NEW
used jeeps for sale Fortville, IN|https://www.forddonhinds.com/used-jeeps-for-sale-fortville-in.html|6|0|0|NEW
used pickup trucks for sale Fortville, IN|https://www.forddonhinds.com/used-pickup-trucks-for-sale-fortville-in.html|4|0|0|NEW
used pickup trucks for sale Noblesville, IN|https://www.forddonhinds.com/used-pickup-trucks-for-sale-noblesville-in.html|4|0|0|NEW
used pickup trucks for sale Zionsville, IN|https://www.forddonhinds.com/used-pickup-trucks-for-sale-zionsville-in.html|4|0|0|NEW
used prius Indianapolis, IN|https://www.forddonhinds.com/used-toyota-prius-indianapolis-in.html|28|0|0|NEW
used suv Fishers, IN|https://www.forddonhinds.com/|5|0|0|NEW
used suvs sale Indianapolis, IN|https://www.forddonhinds.com/used-suv-sale-indianapolis-in.html|12|0|0|NEW
used truck sales Indianapolis, IN|https://www.forddonhinds.com/used-truck-sales-indianapolis-in.html|22|0|0|NEW
used trucks for sales near me Indianapolis, IN|https://www.forddonhinds.com/used-truck-near-me-indianapolis-in.html|13|0|0|NEW
used trucks sales Indianapolis, IN|https://www.forddonhinds.com/used-trucks-sales-indianapolis-in.html|23|0|0|NEW
used Volkswagen Indianapolis, IN|https://www.forddonhinds.com/used-volkswagen-indianapolis-in.html|28|0|0|NEW
www.forddonhinds.com|https://www.forddonhinds.com/|1|1|0|EQ
Zionsville IN auto repair and service|https://www.forddonhinds.com/auto-repair-and-service-zionsville-in.html|11|13|+2|UP
Zionsville IN car ac repair|https://www.forddonhinds.com/zionsville-in-car-ac-repair.html|4|6|+2|UP
Zionsville IN car repair near me|https://www.forddonhinds.com/car-repair-near-me-zionsville-in.htm|14|6|-8|DOWN
Zionsville IN car serviced near me|https://www.forddonhinds.com/car-serviced-near-me-today-zionsville-in.html|7|2|-5|DOWN
Zionsville IN Carfax used cars|https://www.forddonhinds.com/immediately-get-carfax-for-used-cars-zionville-in.html|4|3|-1|DOWN
Zionsville IN Ford Bronco|https://www.forddonhinds.com/searchused.aspx|1|1|0|EQ
Zionsville IN mechanic shop near me|https://www.forddonhinds.com/mechanic-shop-near-me-zionsville-in.htm|5|6|+1|UP
Zionsville IN used car dealers|https://www.forddonhinds.com/used-car-dealers-zionsville-in.html|12|7|-5|DOWN
Zionsville IN used car dealerships near me|https://www.forddonhinds.com/used-car-near-me-zionsville-in.html|5|0|25|NEW
Zionsville IN used cars|https://www.forddonhinds.com/searchused.aspx|15|19|+4|UP
Zionsville IN used cars for sale near me|https://www.forddonhinds.com/used-car-near-me-zionsville-in.html|12|11|-1|DOWN
|||||
