Navasota TX limo rental||4|4|0|EQ
Cypress TX corporate coach & limousine|https://abbalimos.com/cypress-tx-corporate-coach-limousine/|2|3|1|UP
Magnolia TX prom limo service||1|2|1|UP
limousine rental houston tx||18|22|4|UP
Houston TX charter bus tours near me||11|30|19|NEW
Spring TX charter bus tours near me||7|30|23|NEW
Spring TX limo service||16|15|1|DOWN
Spring TX car service near me||20|10|10|DOWN
College Station TX Corporate Limousine Rental|https://abbalimos.com/college-station-tx-corporate-limousine-rental/|5|8|3|UP
Katy TX corporate coach & limousine|https://abbalimos.com/pricing/|7|13|6|UP
limo rental near me Cypress TX|https://abbalimos.com/limo-rental-near-me-cypress-tx/|6|6|0|EQ
limousine service near me Magnolia, TX||7|5|2|DOWN
prom limousine service near me The Woodlands, TX||9|15|6|UP
prom limo rental near me The Woodlands, TX|https://abbalimos.com/the-woodlands-tx-prom-limo-rentals/|7|30|23|NEW
wedding party bus Magnolia, TX||2|30|28|NEW
prom limo rental The Woodlands, TX|https://abbalimos.com/the-woodlands-tx-prom-limo-rentals/|29|30|1|NEW
The Woodlands TX party bus rental near me||22|16|6|DOWN
Spring TX party bus rental near me||7|6|1|DOWN
rodeo ride service Magnolia, TX|https://abbalimos.com/rodeo-ride-service-magnolia-tx/|1|1|0|EQ
abba limo houston|https://abbalimos.com/|1|1|0|EQ
shuttle bus rental houston tx||15|14|1|DOWN
Spring TX shuttle bus||15|7|8|DOWN
bachelorette party limo Magnolia, TX||1|2|1|UP
Magnolia TX corporate transportation||2|1|1|DOWN
corporate transportation houston||9|6|3|DOWN
Sugar Land TX charter bus||3|3|0|EQ
Navasota TX limo service||5|5|0|EQ
Spring TX corporate coach & limousine|https://abbalimos.com/spring-tx-corporate-coach-limousine/|7|8|1|UP
The Woodlands TX corporate coach & limousine|https://abbalimos.com/the-woodlands-tx-corporate-coach-limousine/|1|2|1|UP
College Station TX corporate coach & limousine|https://abbalimos.com/college-station-tx-corporate-limousine-rental/|2|2|0|EQ
Cypress TX 5 star limo and car service|https://abbalimos.com/amazing-5-star-limo-and-car-service-cypress-tx/|2|8|6|UP
Magnolia TX 15 passenger sprinter van rental|https://abbalimos.com/magnolia-tx-mercedes-benz-sprinter-passenger-van-rental/|1|2|1|UP
limousine service Bryan TX||11|11|0|EQ
charter bus Navasota TX|https://abbalimos.com/charter-bus-navasota-tx/|2|3|1|UP
prom limo rentals Magnolia, TX||1|30|29|NEW
Pearland TX limo rental||12|12|0|EQ
Katy TX 5 star limo and car service|https://abbalimos.com/choose-the-best-5-star-limo-and-car-services-in-katy/|2|2|0|EQ
Magnolia TX 5 star limo and car service|https://abbalimos.com/radiant-5-star-limo-and-car-service-magnolia-tx/|7|5|2|DOWN
elite transportation Cypress, TX|https://abbalimos.com/elite-transportation-cypress-tx/|2|3|1|UP
party bus and limo rental houston||19|28|9|UP
The Woodlands TX charter bus tours near me|https://abbalimos.com/the-woodlands-tx-charter-bus-rental/|4|4|0|EQ
mercedes limo service||3|3|0|EQ
Sugar Land TX rent charter bus||2|3|1|UP
The Woodlands TX corporate limousine rental|https://abbalimos.com/the-woodlands-tx-corporate-limousine-rental/|14|11|3|DOWN
Cypress TX prom limo service||6|5|1|DOWN
houston luxury transportation|https://abbalimos.com/|25|26|1|UP
airport limousine service houston texas||24|30|6|NEW
The Woodlands TX charter bus rental||5|4|1|DOWN
Spring TX rent charter bus|https://abbalimos.com/spring-tx-rent-charter-bus/|4|3|1|DOWN
Spring TX corporate limousine rental||11|10|1|DOWN
Sugar Land TX corporate limousine rental||7|8|1|UP
Katy TX Corporate Limousine Rental|https://abbalimos.com/katy-tx-limo-rental/|12|17|5|UP
Galveston TX Corporate Limousine Rental||8|10|2|UP
Conroe TX Corporate Limousine Rental||7|4|3|DOWN
Houston TX corporate transportation||14|11|3|DOWN
Pearland TX corporate transportation|https://abbalimos.com/|11|8|3|DOWN
Cypress TX corporate transportation|https://abbalimos.com/cypress-tx-corporate-transportation/|2|2|0|EQ
Houston TX 5 star limo and car service|https://abbalimos.com/quick-5-star-limo-and-car-service-houston-tx/|4|3|1|DOWN
party bus rentals in houston tx area||29|26|3|DOWN
best limo service in houston||28|17|11|DOWN
houston party bus for 40 passenger|https://abbalimos.com/40-passengers-executive-shuttle-bus-houston/|4|5|1|UP
reviews limo and party bus houston service||11|8|3|DOWN
Houston TX Shuttle Bus near me||6|6|0|EQ
Conroe TX party bus rental near me||7|8|1|UP
Magnolia TX party bus rental near me|https://abbalimos.com/magnolia-tx-party-bus-rental-near-me/|4|4|0|EQ
Pearland TX party bus rental near me|https://abbalimos.com/pearland-tx-party-bus-rental-near-me/|14|13|1|DOWN
College Station TX limo service||16|18|2|UP
Katy TX limo party bus rental|https://abbalimos.com/katy-tx-limo-party-bus-rental/|18|17|1|DOWN
party bus rental near me College Station TX||14|10|4|DOWN
party bus rental near me Bryan TX||7|5|2|DOWN
limo rental near me The Woodlands TX|https://abbalimos.com/the-woodlands-tx-limo-rental/|12|10|2|DOWN
limo rental near me Spring TX||10|10|0|EQ
limousine service near me Spring, TX||14|18|4|UP
limousine service near me Pearland, TX||10|13|3|UP
wedding transportation houston tx||16|14|2|DOWN
prom limo rental near me Magnolia, TX||1|30|29|NEW
Sugar Land TX prom limo||2|5|3|UP
limousine service College Station TX||16|17|1|UP
prom limousine service near me Magnolia, TX|https://abbalimos.com/magnolia-tx-limo-service/|1|2|1|UP
prom limo rentals The Woodlands, TX|https://abbalimos.com/the-woodlands-tx-prom-limo/|6|30|24|NEW
limo rental for prom The Woodlands, TX||5|30|25|NEW
Magnolia TX shuttle bus|https://abbalimos.com/magnolia-tx-limo-service/|3|2|1|DOWN
Cypress TX shuttle bus|https://abbalimos.com/cypress-tx-shuttle-bus/|14|5|9|DOWN
limousine bus Conroe TX|https://abbalimos.com/conroe-tx-party-bus-rental-near-me/|8|8|0|EQ
Navasota TX corporate coach & limousine|https://abbalimos.com/limousine-service-navasota-tx/|1|1|0|EQ
Sugar land TX corporate coach & limousine||7|9|2|UP
Magnolia TX corporate coach & limousine|https://abbalimos.com/magnolia-tx-corporate-limousine-rental/|1|1|0|EQ
Galveston TX corporate coach & limousine|https://abbalimos.com/galveston-tx-corporate-limousine-rental/|5|4|1|DOWN
Conroe TX corporate coach & limousine|https://abbalimos.com/conroe-tx-corporate-coach-limousine/|2|2|0|EQ
Bryan TX corporate coach & limousine||1|6|5|UP
prom limo rental Magnolia, TX||1|30|29|NEW
Houston TX Elite Party Bus||4|4|0|EQ
houston coach bus||28|20|8|DOWN
Conroe TX 5 star limo and car service||2|2|0|EQ
elite transportation College Station, TX|https://abbalimos.com/elite-transportation-college-station-tx/|1|1|0|EQ
abba limousine service|https://abbalimos.com/|1|1|0|EQ
american corporate transportation houston||11|12|1|UP
Magnolia TX party bus||1|3|2|UP
Bryan TX car service near me||27|30|3|NEW
Galveston TX 5 star limo and car service|https://abbalimos.com/profitable-5-star-limo-and-car-service-galveston-tx/|10|16|6|UP
limo rental mercedes in houston||4|3|1|DOWN
Conroe TX Charter bus|https://abbalimos.com/conroe-tx-charter-bus-rental/|2|2|0|EQ
Conroe TX charter bus rental||2|2|0|EQ
Magnolia TX charter bus rental||2|1|1|DOWN
Pearland TX rent charter bus||3|3|0|EQ
Cypress TX rent charter bus||2|2|0|EQ
Katy TX prom limo|https://abbalimos.com/katy-tx-prom-limo-rentals/|2|4|2|UP
Pearland TX charter bus||3|3|0|EQ
Cypress TX charter bus|https://abbalimos.com/cypress-tx-charter-bus/|4|3|1|DOWN
Sugar Land TX prom limo rentals|https://abbalimos.com/sugar-land-tx-prom-limo-rentals/|8|7|1|DOWN
Pearland TX charter bus rental|https://abbalimos.com/pearland-tx-rent-charter-bus/|2|3|1|UP
Sugar Land TX charter bus rental|https://abbalimos.com/sugar-land-tx-charter-bus/|3|3|0|EQ
Magnolia TX limo rental||4|3|1|DOWN
College Station TX limo rental||17|14|3|DOWN
Cypress TX corporate limousine rental||5|5|0|EQ
Magnolia TX Wedding Transportation|https://abbalimos.com/magnolia-tx-wedding-transportation/|2|2|0|EQ
Sugar Land TX 5 star limo and car service|https://abbalimos.com/astounding-5-star-limo-and-car-service-sugar-land-tx/|2|2|0|EQ
Spring TX 15 passenger sprinter van rental|https://abbalimos.com/luxurious-15-passenger-sprinter-van-rental-spring-tx/|3|30|27|NEW
bachelorette limousine service The Woodlands, TX||2|2|0|EQ
Navasota TX party bus|https://abbalimos.com/navasota-tx-party-bus-rental/|3|3|0|EQ
Navasota TX party bus rental|https://abbalimos.com/navasota-tx-party-bus-rental/|2|3|1|UP
houston limo rental service|https://abbalimos.com/|25|21|4|DOWN
The Woodlands TX rent charter bus||6|3|3|DOWN
Pearland TX party bus||16|13|3|DOWN
The Woodlands TX Prom limo||2|6|4|UP
Katy TX charter bus|https://abbalimos.com/katy-tx-charter-bus-rental/|5|5|0|EQ
Limo Houston Service|https://abbalimos.com/|23|22|1|DOWN
The Woodlands TX prom limo rentals|https://abbalimos.com/the-woodlands-tx-prom-limo/|4|14|10|UP
Pearland TX prom limo rentals||5|7|2|UP
Galveston TX party bus||17|17|0|EQ
Spring TX limo rental|https://abbalimos.com/spring-tx-limo-rental/|11|9|2|DOWN
College Station TX party bus||11|11|0|EQ
Pearland TX corporate limousine rental|https://abbalimos.com/pearland-tx-corporate-limousine-rental/|4|3|1|DOWN
Cypress TX wedding transportation|https://abbalimos.com/elite-transportation-cypress-tx/|10|7|3|DOWN
The Woodlands TX prom limo service||4|8|4|UP
Pearland TX prom limo service||5|5|0|EQ
Sugar Land TX prom limo service||7|8|1|UP
Conroe TX prom limo service||6|6|0|EQ
Houston TX book a limo|https://abbalimos.com/houston-tx-book-a-limo/|10|9|1|DOWN
Conroe TX book a limo||9|5|4|DOWN
Spring TX limo party bus rental|https://abbalimos.com/spring-tx-limo-party-bus-rental/|5|5|0|EQ
The Woodlands TX 15 passenger sprinter van rental||2|1|1|DOWN
Magnolia TX limo service|https://abbalimos.com/magnolia-tx-limo-service/|4|3|1|DOWN
Bryan TX limo rental||11|10|1|DOWN
Bryan TX limo service||11|10|1|DOWN
limousine service Navasota TX|https://abbalimos.com/limousine-service-navasota-tx/|6|6|0|EQ
Katy TX prom limo service|https://abbalimos.com/katy-tx-prom-limo/|6|3|3|DOWN
elite transportation Sugar Land, TX||2|2|0|EQ
mercedes limo rental||5|4|1|DOWN
mercedes benz limo rental||3|3|0|EQ
Conroe TX Wedding Transportation||5|18|13|UP
bachelorette party limo The Woodlands, TX|https://abbalimos.com/bachelorette-party-limo-the-woodlands-tx/|4|3|1|DOWN
wedding party bus The Woodlands, TX|https://abbalimos.com/wedding-party-bus-the-woodlands-tx/|9|30|21|NEW
Houston Wedding Limo||15|22|7|UP
luxury vans houston tx||18|17|1|DOWN
Katy TX Wedding Transportation||20|20|0|EQ
College Station TX Wedding Transportation||4|5|1|UP
Spring TX corporate transportation||12|2|10|DOWN
Sugarland TX 15 passenger sprinter van rental|https://abbalimos.com/sugarland-tx-15-passenger-sprinter-van-rental/|3|12|9|UP
Conroe TX 15 passenger sprinter van rental|https://abbalimos.com/conroe-tx-mercedes-benz-sprinter-passenger-van-rental/|2|2|0|EQ
Pearland TX 5 star limo and car service|https://abbalimos.com/pearland-tx-5-star-limo-and-car-service/|2|2|0|EQ
elite transportation Galveston, TX||3|3|0|EQ
wedding transportation houston||24|15|9|DOWN
houston wedding transportation|https://abbalimos.com/houston-tx-wedding-transportation/|19|15|4|DOWN
Sugar Land TX limo rental|https://abbalimos.com/sugar-land-tx-limo-rental/|15|18|3|UP
limo houston|https://abbalimos.com/|26|25|1|DOWN
limousine houston||23|21|2|DOWN
Sugar Land TX party bus rental||11|10|1|DOWN
Katy TX rent charter bus|https://abbalimos.com/katy-tx-charter-bus-rental/|4|4|0|EQ
Galveston TX corporate transportation||20|13|7|DOWN
Spring TX prom limo service||5|4|1|DOWN
limo service houston tx||22|24|2|UP
Galveston TX charter bus||15|13|2|DOWN
Galveston TX limo rental|https://abbalimos.com/galveston-tx-limo-service/|13|14|1|UP
Conroe TX limo rental||14|16|2|UP
College Station TX party bus rental||11|10|1|DOWN
Conroe TX corporate transportation||14|17|3|UP
Spring TX prom limo rentals|https://abbalimos.com/spring-tx-prom-limo-rentals/|6|4|2|DOWN
limo and party bus service houston reviews||11|11|0|EQ
party bus rental near me Navasota TX|https://abbalimos.com/navasota-tx-party-bus-rental/|3|3|0|EQ
limo rental near me Sugar Land TX||15|30|15|NEW
limo rental for prom Magnolia, TX|https://abbalimos.com/magnolia-tx-limo-service/|3|30|27|NEW
limo rental near me Pearland TX||9|11|2|UP
limousine service near me Conroe, TX||27|14|13|DOWN
abba car service|https://abbalimos.com/|1|1|0|EQ
abbalimos.com|https://abbalimos.com/|1|1|0|EQ
abbalimos|https://abbalimos.com/|1|1|0|EQ
Magnolia TX Corporate Limousine Rental|https://abbalimos.com/magnolia-tx-limo-service/|3|2|1|DOWN
Pearland TX corporate coach & limousine|https://abbalimos.com/pearland-tx-corporate-coach-limousine/|1|5|4|UP
limousine bus Magnolia TX||1|1|0|EQ
boss limousine of houston||1|30|29|NEW
houston american corporate transportation||29|27|2|DOWN
Pearland TX prom limo||3|30|27|NEW
limousine bus College Station TX||11|7|4|DOWN
College Station TX rent charter bus||10|10|0|EQ
Pearland TX book a limo||13|4|9|DOWN
abba transport||1|1|0|EQ
prom transportation Magnolia, TX|https://abbalimos.com/luxurious-prom-limo-rentals-are-here-magnolia-tx/|1|2|1|UP
prom night limo service houston|https://abbalimos.com/houston-prom-night-limo/|8|7|1|DOWN
Houston TX prom limo rentals||17|8|9|DOWN
Cypress TX prom limo rentals||6|5|1|DOWN
Katy TX charter bus rental|https://abbalimos.com/katy-tx-charter-bus-rental/|3|3|0|EQ
Houston TX prom limo service|https://abbalimos.com/houston-tx-limo-service/|14|11|3|DOWN
Galveston TX prom limo service|https://abbalimos.com/galveston-tx-limousine/|3|4|1|UP
houston prom night limo service|https://abbalimos.com/houston-prom-night-limo/|7|6|1|DOWN
limo and party service houston tx||18|26|8|UP
houston rent limousine|https://abbalimos.com/houston-texas-limousine-rental/|21|18|3|DOWN
houston limo rental|https://abbalimos.com/|17|23|6|UP
prom transportation The Woodlands, TX|https://abbalimos.com/the-woodlands-tx-prom-limo-rentals/|3|12|9|UP
abba houston||5|5|0|EQ
Magnolia TX Party bus rental|https://abbalimos.com/magnolia-tx-wedding-transportation/|1|3|2|UP
Conroe TX Party bus rental|https://abbalimos.com/conroe-tx-party-bus-rental/|8|8|0|EQ
Conroe TX party bus||7|18|11|UP
Cypress TX party bus rental|https://abbalimos.com/cypress-tx-limo-party-bus-rental/|7|5|2|DOWN
Conroe TX limo party bus rental||9|9|0|EQ
rodeo transportation The Woodlands, TX|https://abbalimos.com/rodeo-transportation-woodlands-tx/|15|12|3|DOWN
Bryan TX rent charter bus||10|7|3|DOWN
Cypress TX book a limo|https://abbalimos.com/cypress-tx-book-a-limo/|3|5|2|UP
Pearland TX party bus rental|https://abbalimos.com/pearland-tx-limo-party-bus-rental/|14|12|2|DOWN
Bryan TX party bus rental||10|9|1|DOWN
College Station TX charter bus rental||12|11|1|DOWN
Sugarland TX limo party bus rental|https://abbalimos.com/sugarland-tx-limo-party-bus-rental/|11|10|1|DOWN
Pearland TX wedding transportation||3|3|0|EQ
Katy TX 15 passenger sprinter van rental|https://abbalimos.com/katy-tx-15-passenger-sprinter-van-rental/|2|2|0|EQ
mercedes limo rental in houston||6|6|0|EQ
wedding transportation service houston||23|15|8|DOWN
mercedes limousine houston tx|https://abbalimos.com/houston-mercedes-limo-service/|2|3|1|UP
The Woodlands TX limo party bus rental|https://abbalimos.com/the-woodlands-limo-party-bus-rental/|20|14|6|DOWN
limos in houston area|https://abbalimos.com/houston-tx-luxury-limousine/|19|24|5|UP
prom party bus houston||22|17|5|DOWN
Houston TX Party Van||30|22|8|DOWN
Spring TX charter bus|https://abbalimos.com/spring-tx-charter-bus-rental/|5|4|1|DOWN
The Woodlands TX 5 star limo and car service||3|22|19|UP
Houston TX limo party bus rental||26|28|2|UP
The Woodlands TX party bus rental|https://abbalimos.com/the-woodlands-limo-party-bus-rental/|12|11|1|DOWN
limo rental mercedes||11|4|7|DOWN
limo service houston||27|30|3|NEW
Houston TX Mini Charter Bus rental||28|25|3|DOWN
Spring TX charter bus rental|https://abbalimos.com/spring-tx-charter-bus-rental/|4|4|0|EQ
Sugar Land TX wedding transportation|https://abbalimos.com/sugar-land-tx-wedding-transportation/|21|17|4|DOWN
The Woodlands TX wedding transportation|https://abbalimos.com/the-woodlands-tx-wedding-transportation/|12|13|1|UP
stretch limo rental houston||9|9|0|EQ
Sugarland TX book a limo|https://abbalimos.com/sugar-land-tx-limo-rental/|13|12|1|DOWN
limo and party bus service houston||22|24|2|UP
Spring TX party bus||4|3|1|DOWN
Sugar Land TX corporate transportation||6|13|7|UP
luxury party bus rental||13|16|3|UP
limo service mercedes||3|3|0|EQ
Cypress TX charter bus rental||2|1|1|DOWN
limousine rental houston|https://abbalimos.com/|19|24|5|UP
limousine service houston||21|15|6|DOWN
40 passenger party bus houston||5|4|1|DOWN
limousine service near me The Woodlands, TX|https://abbalimos.com/limousine-service-near-me-the-woodlands-tx/|14|11|3|DOWN
28 passenger shuttle bus||1|1|0|EQ
abba limos|https://abbalimos.com/|1|1|0|EQ
Magnolia TX limo party bus rental|https://abbalimos.com/magnolia-tx-limo-service/|2|2|0|EQ
Magnolia TX book a limo|https://abbalimos.com/magnolia-tx-limo-service/|1|2|1|UP
Pearland TX shuttle bus||8|7|1|DOWN
Conroe TX shuttle bus||13|10|3|DOWN
mercedes shuttle bus houston|https://abbalimos.com/houston-executive-sprinter-shuttle-service/|1|1|0|EQ
limousine bus Galveston TX||16|13|3|DOWN
Navasota TX rent charter bus|https://abbalimos.com/charter-bus-navasota-tx/|2|2|0|EQ
g wagon limo near me||2|2|0|EQ
mercedes shuttle bus||2|2|0|EQ
shuttle bus mercedes houston||1|1|0|EQ
shuttle bus mercedes||2|2|0|EQ
g wagon limo rental price||10|8|2|DOWN
mercedes sprinter shuttle bus||3|5|2|UP
limousine bus Katy TX|https://abbalimos.com/katy-tx-shuttle-bus/|17|25|8|UP
Pearland TX limo party bus rental||11|10|1|DOWN
Spring TX book a limo|https://abbalimos.com/spring-tx-limo-rental/|14|14|0|EQ
Houston Limo Anniversaries|https://abbalimos.com/houston-limo-anniversaries/|2|4|2|UP
Bryan TX party bus|https://abbalimos.com/bryan-tx-party-bus-rental/|8|10|2|UP
limo rental houston||19|27|8|UP
The Woodlands TX charter bus||7|5|2|DOWN
Katy TX prom limo rentals|https://abbalimos.com/katy-tx-prom-limo/|5|2|3|DOWN
Cypress TX limo party bus rental|https://abbalimos.com/cypress-tx-limo-party-bus-rental/|9|7|2|DOWN
Conroe TX rent charter bus|https://abbalimos.com/conroe-tx-rent-charter-bus/|1|2|1|UP
Galveston TX book a limo||8|7|1|DOWN
Cypress TX 15 passenger sprinter van rental|https://abbalimos.com/15-passenger-sprinter-van-rental-houston-tx/|1|5|4|UP
The Woodlands TX book a limo|https://abbalimos.com/the-woodlands-tx-book-a-limo/|15|13|2|DOWN
stretch limo houston|https://abbalimos.com/houston-tx-stretch-limo/|7|8|1|UP
40 passenger bus for party houston|https://abbalimos.com/40-passengers-executive-shuttle-bus-houston/|4|5|1|UP
Houston TX Party Bus Rental Cost||25|18|7|DOWN
Houston TX 15 passenger sprinter van rental|https://abbalimos.com/15-passenger-sprinter-van-rental-houston-tx/|18|10|8|DOWN
Houston TX Party Van Rental||28|20|8|DOWN
Galveston TX limo party bus rental|https://abbalimos.com/galveston-tx-limo-party-bus-rental/|17|15|2|DOWN
Galveston TX Wedding Transportation||7|7|0|EQ
SUV Houston Limousine||8|8|0|EQ
Spring TX wedding transportation|https://abbalimos.com/spring-tx-wedding-transportation/|14|13|1|DOWN
Galveston TX 15 passenger sprinter van rental||18|2|16|DOWN
Galveston TX rent charter bus||15|13|2|DOWN
limo service houston prices||15|16|1|UP
coach hire in houston||28|24|4|DOWN
charter bus College Station TX|https://abbalimos.com/college-station-tx-charter-bus-rental/|14|13|1|DOWN
rent limousine houston|https://abbalimos.com/pricing/|16|17|1|UP
bus and coach hire services||23|9|14|DOWN
abba limos houston|https://abbalimos.com/|1|1|0|EQ
The Woodlands TX shuttle bus|https://abbalimos.com/the-woodlands-tx-shuttle-bus/|5|5|0|EQ
Magnolia TX rent charter bus||1|1|0|EQ
Sugar Land TX shuttle bus|https://abbalimos.com/sugar-land-tx-shuttle-bus/|19|21|2|UP
g wagon limo rental||4|5|1|UP
Katy TX book a limo||18|23|5|UP
The Woodlands TX corporate transportation|https://abbalimos.com/the-woodlands-tx-corporate-limousine-rental/|18|5|13|DOWN
Magnolia TX charter bus||2|2|0|EQ
Pearland TX 15 passenger sprinter van rental|https://abbalimos.com/pearland-tx-15-passenger-sprinter-van-rental/|4|5|1|UP
prom night limo service||2|2|0|EQ
houston mercedes benz limo rental|https://abbalimos.com/|4|4|0|EQ
luxury party bus houston|https://abbalimos.com/luxury-buses-and-coaches-in-houston/|14|12|2|DOWN
charter bus Bryan TX|https://abbalimos.com/charter-bus-bryan-tx/|12|7|5|DOWN
Houston TX Affordable Party Bus rentals||21|16|5|DOWN
