carbide recycling Houston TX|https://astrocityscrap.com/houston-tx-carbide-scrap-near-me/|24|10|14|DOWN
metal salvage Houston TX|https://astrocityscrap.com/|20|30|10|NEW
where to sell scrap radiators|https://astrocityscrap.com/metals-we-accept/radiators/|6|30|24|NEW
astro recycling|https://astrocityscrap.com/|1|30|29|NEW
Harris County TX Scrap Yard|https://astrocityscrap.com/harris-county-tx-scrap-yard/|2|4|2|UP
scrap metal yard Houston TX|https://astrocityscrap.com/|13|30|17|NEW
scrap radiators buy|https://astrocityscrap.com/metals-we-accept/radiators/|3|30|27|NEW
astro city scrap metal|https://astrocityscrap.com/|1|30|29|NEW
buy radiators houston|https://astrocityscrap.com/|23|30|7|NEW
scrap alloys houston tx|https://astrocityscrap.com/pricing/|16|9|7|DOWN
houston tx scrap yard near me|https://astrocityscrap.com/houston-tx-scrap-yards-open-today-near-me/|24|5|19|DOWN
aluminum scrap price houston|https://astrocityscrap.com/houston-tx-aluminum-scrap-metal-prices/|10|10|0|EQ
scrap aluminum houston tx|https://astrocityscrap.com/houston-tx-aluminum-scrap-metal-prices/|8|6|2|DOWN
Copper Recycling Prices 77090|https://astrocityscrap.com/copper-recycling-prices-77090/|3|30|27|NEW
astrocityscrap.com|https://astrocityscrap.com/|1|1|0|EQ
carbide scrap price|https://astrocityscrap.com/metals-we-accept/carbide-scraps/|23|30|7|NEW
scrap stainless steel company near me|https://astrocityscrap.com/|16|30|14|NEW
Harris County TX Aluminum Recycling Near Me|https://astrocityscrap.com/harris-county-tx-aluminum-recycling-near-me/|7|30|23|NEW
Houston TX aluminum prices near me|https://astrocityscrap.com/houston-tx-scrap-aluminum-prices-near-me/|11|30|19|NEW
houston tx brass recycling near me|https://astrocityscrap.com/harris-county-tx-brass-recycling-near-me/|20|2|18|DOWN
scrap yards open today|https://astrocityscrap.com/houston-tx-scrap-yards-open-today-near-me/|19|30|11|NEW
Houston TX Aluminum Buyers Near Me|https://astrocityscrap.com/houston-tx-aluminum-buyers-near-me/|7|30|23|NEW
brass scrapers houston|https://astrocityscrap.com/pricing/|2|30|28|NEW
Harris County TX Scrap Yard Near Me|https://astrocityscrap.com/harris-county-tx-scrap-prices-near-me/|3|30|27|NEW
Harris County TX brass recycling near me|https://astrocityscrap.com/harris-county-tx-brass-recycling-near-me/|6|30|24|NEW
radiators scrap houston|https://astrocityscrap.com/metals-we-accept/radiators/|2|30|28|NEW
Copper Recycling Prices 77091|https://astrocityscrap.com/scrap-copper-prices-77091/|4|30|26|NEW
scrap metal houston|https://astrocityscrap.com/|7|30|23|NEW
