best coffee near me Fairfield, TX|https://thecoffeedripco.com/fairfield-tx-coffee-shops-near-me|9|0|21|NEW
coffe drip|https://thecoffeedripco.com|20|0|10|NEW
coffee drip|https://thecoffeedripco.com|12|0|18|NEW
coffee places near me Cypress, TX|https://thecoffeedripco.com|10|7|3|DOWN
coffee places near me Fairfield, TX|https://thecoffeedripco.com/fairfield-tx-coffee-shops-near-me|6|0|24|NEW
coffee places near me Houston, TX|https://thecoffeedripco.com/houston-tx-coffee-shops-near-me|33|0|3|NEW
Cypress TX coffee|https://thecoffeedripco.com|2|8|6|UP
Cypress TX coffee near me|https://thecoffeedripco.com|9|6|3|DOWN
Cypress TX coffee shop near me|https://thecoffeedripco.com|9|9|0|EQ
Cypress TX coffee shops near me|https://thecoffeedripco.com|10|6|4|DOWN
Cypress TX french press|https://thecoffeedripco.com/cypress-tx-french-press|4|4|0|EQ
Fairfield TX coffee|http://thecoffeedripco.com|5|2|3|DOWN
Fairfield TX coffee near me|https://thecoffeedripco.com/fairfield-tx-coffee-shops-near-me|10|0|20|NEW
Fairfield TX coffee shop near me|https://thecoffeedripco.com/fairfield-tx-coffee-shops-near-me|9|0|21|NEW
Fairfield TX coffee shops near me|https://thecoffeedripco.com/fairfield-tx-coffee-shops-near-me|4|5|1|UP
Fairfield TX french press|https://thecoffeedripco.com/fairfield-tx-french-press|1|0|29|NEW
Fort Bend County coffee|https://thecoffeedripco.com/fort-bend-county-coffee|2|0|28|NEW
Fort Bend County coffee shop near me|https://thecoffeedripco.com/fort-bend-county-coffee-shop-near-me|6|0|24|NEW
Fort Bend County coffee shops near me|https://thecoffeedripco.com/fort-bend-county-coffee-shop-near-me|5|0|25|NEW
Houston TX coffee near me|https://thecoffeedripco.com/houston-tx-coffee-shops-near-me|25|0|5|NEW
Houston TX coffee shop near me|https://thecoffeedripco.com/houston-tx-coffee-shops-near-me|27|0|3|NEW
Houston TX coffee shops near me|https://thecoffeedripco.com/houston-tx-coffee-shops-near-me|6|0|24|NEW
Katy TX coffee|https://thecoffeedripco.com/katy-tx-coffee|26|24|2|DOWN
Katy TX coffee near me|https://thecoffeedripco.com/katy-tx-coffee-near-me|10|6|4|DOWN
Katy TX coffee shop near me|https://thecoffeedripco.com/katy-tx-coffee-shops-near-me|12|9|3|DOWN
Katy TX coffee shops near me|https://thecoffeedripco.com/katy-tx-coffee-shops-near-me|12|8|4|DOWN
Katy TX french press|https://thecoffeedripco.com/katy-tx-french-press|1|0|29|NEW
latte Cypress TX|https://thecoffeedripco.com/latte-cypress-tx|4|8|4|UP
latte Fairfield TX|https://thecoffeedripco.com/a-hot-and-delicious-latte-is-priceless-fairfield-tx|2|0|28|NEW
latte Waller County TX|https://thecoffeedripco.com/latte-waller-county-tx|1|0|29|NEW
Richmond TX coffee shop near me|https://thecoffeedripco.com/richmond-tx-coffee-shops-near-me|15|0|15|NEW
Richmond TX coffee shops near me|https://thecoffeedripco.com/richmond-tx-coffee-shops-near-me|13|0|17|NEW
Richmond TX french press|https://thecoffeedripco.com/richmond-tx-french-press|1|0|29|NEW
Waller County coffee|https://thecoffeedripco.com/waller-county-coffee|2|3|1|UP
Waller County coffee near me|https://thecoffeedripco.com/waller-county-coffee-near-me|3|1|2|DOWN
Waller County coffee shop near me|https://thecoffeedripco.com/waller-county-coffee-near-me|3|1|2|DOWN
Waller County coffee shops near me|https://thecoffeedripco.com/waller-county-coffee-near-me|1|2|1|UP
Waller County french press|https://thecoffeedripco.com/waller-county-french-press|1|0|29|NEW
