advanced custom cabinets katy tx|https://amishcabinetsoftexas.com/katy-tx-advanced-custom-cabinets|2|1|1|DOWN
affordable amish custom cabinets houston|https://amishcabinetsoftexas.com|1|1|0|EQ
affordable custom cabinets contractor houston tx|http://amishcabinetsoftexas.com|6|9|3|UP
affordable custom cabinets contractor katy tx|https://amishcabinetsoftexas.com/katy-tx-cost-of-custom-cabinets|13|11|2|DOWN
all wood cabinetry houston tx|https://amishcabinetsoftexas.com/|2|2|0|EQ
amish bathroom cabinets|http://amishcabinetsoftexas.com|1|1|0|EQ
amish bathroom cabinets austin tx|https://amishcabinetsoftexas.com/custom-cabinet-makers|3|3|0|EQ
amish bathroom cabinets houston tx|https://amishcabinetsoftexas.com/|1|1|0|EQ
amish builders austin tx|http://amishcabinetsoftexas.com|6|30|24|NEW
amish builders harris county|https://amishcabinetsoftexas.com/|2|2|0|EQ
amish builders houston|https://amishcabinetsoftexas.com/|2|1|1|DOWN
amish cabinet builders austin tx|https://amishcabinetsoftexas.com/contact-us/|2|1|1|DOWN
amish cabinet builders houston|https://amishcabinetsoftexas.com|1|1|0|EQ
amish cabinet builders texas|https://amishcabinetsoftexas.com/custom-cabinet-makers|1|1|0|EQ
amish cabinet carpentry austin tx|https://amishcabinetsoftexas.com/custom-cabinet-makers|2|2|0|EQ
amish cabinet carpentry houston tx|https://amishcabinetsoftexas.com|1|1|0|EQ
amish cabinet carpentry texas|https://amishcabinetsoftexas.com/custom-cabinet-makers|1|1|0|EQ
amish cabinet carpentry tx|https://amishcabinetsoftexas.com/custom-cabinet-makers|1|1|0|EQ
amish cabinet company austin tx|https://amishcabinetsoftexas.com/contact-us/|2|1|1|DOWN
amish cabinet company houston|https://amishcabinetsoftexas.com|1|1|0|EQ
amish cabinet doors|https://amishcabinetsoftexas.com|4|30|26|NEW
amish cabinet doors austin tx|https://amishcabinetsoftexas.com/contact-us/|2|2|0|EQ
amish cabinet doors houston tx|https://amishcabinetsoftexas.com/|2|1|1|DOWN
amish cabinet maker austin tx|https://amishcabinetsoftexas.com/contact-us/|2|1|1|DOWN
amish cabinet maker houston|https://amishcabinetsoftexas.com|1|1|0|EQ
amish cabinet maker houston tx|https://amishcabinetsoftexas.com|1|1|0|EQ
amish cabinet maker near austin|https://amishcabinetsoftexas.com/contact-us/|2|2|0|EQ
amish cabinet maker near austin tx|https://amishcabinetsoftexas.com/contact-us/|2|2|0|EQ
amish cabinet maker near houston|https://amishcabinetsoftexas.com|1|1|0|EQ
amish cabinet makers|https://amishcabinetsoftexas.com/|1|1|0|EQ
amish cabinet makers houston|https://amishcabinetsoftexas.com|1|1|0|EQ
amish cabinet makers houston tx|https://amishcabinetsoftexas.com|1|1|0|EQ
amish cabinet makers near houston|https://amishcabinetsoftexas.com|1|1|0|EQ
amish cabinet makers texas|https://amishcabinetsoftexas.com/custom-cabinet-makers|1|1|0|EQ
amish cabinet makers tx|https://amishcabinetsoftexas.com/custom-cabinet-makers|1|1|0|EQ
amish cabinet maker texas|https://amishcabinetsoftexas.com/custom-cabinet-makers|1|1|0|EQ
amish cabinet maker tx|https://amishcabinetsoftexas.com/custom-cabinet-makers|1|1|0|EQ
amish cabinetry|https://amishcabinetsoftexas.com/|5|1|4|DOWN
amish cabinetry houston|https://amishcabinetsoftexas.com|1|1|0|EQ
amish cabinets|https://amishcabinetsoftexas.com/|2|2|0|EQ
amish cabinets houston|https://amishcabinetsoftexas.com|1|1|0|EQ
amish cabinets near houston tx|https://amishcabinetsoftexas.com|1|1|0|EQ
amish cabinets of texas|https://amishcabinetsoftexas.com|1|1|0|EQ
amishcabinetsoftexas.com|https://amishcabinetsoftexas.com|1|1|0|EQ
amish cabinets of texas houston, tx|https://amishcabinetsoftexas.com|1|1|0|EQ
amish cabinets of texas  houston tx|https://amishcabinetsoftexas.com|1|1|0|EQ
amish carpenter houston|https://amishcabinetsoftexas.com/|2|2|0|EQ
amish construction houston|https://amishcabinetsoftexas.com/|2|2|0|EQ
amish contractors houston|https://amishcabinetsoftexas.com/|2|1|1|DOWN
amish custom bathroom cabinets houston|https://amishcabinetsoftexas.com/custom-cabinets...|1|1|0|EQ
amish custom cabinet houston shops near me|https://amishcabinetsoftexas.com/cabinets|1|1|0|EQ
amish custom cabinets houston|https://amishcabinetsoftexas.com|1|1|0|EQ
amish furniture kitchen houston|https://amishcabinetsoftexas.com/|2|26|24|UP
amish hardwood cabinets houston area|https://amishcabinetsoftexas.com/|1|1|0|EQ
amish home builders near houston|https://amishcabinetsoftexas.com/|2|1|1|DOWN
amish kitchen cabinet makers|http://amishcabinetsoftexas.com|1|1|0|EQ
amish kitchen cabinet makers houston|https://amishcabinetsoftexas.com|1|1|0|EQ
amish kitchen cabinet makers tx|https://amishcabinetsoftexas.com/custom-cabinet-makers|1|1|0|EQ
amish kitchen cabinets|https://amishcabinetsoftexas.com/|1|1|0|EQ
amish made cabinetry houston|https://amishcabinetsoftexas.com|1|1|0|EQ
amish made cabinets Houston TX|https://amishcabinetsoftexas.com|1|1|0|EQ
amish made cabinets Memorial, TX|https://amishcabinetsoftexas.com/amish-made-cabinets-memorial-tx|1|1|0|EQ
amish made cabinets River Oaks, TX|https://amishcabinetsoftexas.com/amish-made-cabinets-river-oaks-tx|1|2|1|UP
amish made cabinets Royal Oaks, TX|https://amishcabinetsoftexas.com/royal-oaks-tx-custom-kitchen-cabinets|1|1|0|EQ
amish made cabinets West University Place, TX|https://amishcabinetsoftexas.com/amish-made...|1|1|0|EQ
amish made kitchen cabinets katy tx|https://amishcabinetsoftexas.com/katy-tx-custom-kitchen-cabinets|1|1|0|EQ
amish sewing cabinets houston tx|https://amishcabinetsoftexas.com|1|1|0|EQ
amish storage cabinets houston tx|http://amishcabinetsoftexas.com|2|1|1|DOWN
amish texas high end cabinets|https://amishcabinetsoftexas.com/|1|1|0|EQ
amish texas high end kitchen cabinets|https://amishcabinetsoftexas.com/|1|1|0|EQ
amish touch cabinetry houston|https://amishcabinetsoftexas.com|2|2|0|EQ
amish touch custom cabinetry harris county tx|https://amishcabinetsoftexas.com|2|4|2|UP
amish touch custom cabinetry houston tx|https://amishcabinetsoftexas.com/|2|1|1|DOWN
bath cabinets near houston|http://amishcabinetsoftexas.com|6|30|24|NEW
bathroom cabinets custom houston|https://amishcabinetsoftexas.com/custom-cabinet...|17|6|11|DOWN
bathroom cabinets texas|http://amishcabinetsoftexas.com|4|6|2|UP
bathroom vanities custom made houston|http://amishcabinetsoftexas.com|6|6|0|EQ
best semi custom kitchen cabinets in texas|http://amishcabinetsoftexas.com|6|30|24|NEW
buy custom kitchen cabinets Houston, TX|https://amishcabinetsoftexas.com/cabinets|19|15|4|DOWN
buy custom kitchen cabinets Memorial, TX|https://amishcabinetsoftexas.com/buy-custom...|2|30|28|NEW
buy custom kitchen cabinets Royal Oaks, TX|https://amishcabinetsoftexas.com/buy-custom...|2|2|0|EQ
buy custom kitchen cabinets West University Place, TX|https://amishcabinetsoftexas.com/west-university...|3|30|27|NEW
cabinet craftsman houston tx|http://amishcabinetsoftexas.com|7|1|6|DOWN
cabinet craftsman in houston|http://amishcabinetsoftexas.com|4|1|3|DOWN
cabinet makers houston|https://amishcabinetsoftexas.com/cabinets|27|30|3|NEW
cabinet makers in spring tx|https://amishcabinetsoftexas.com/|2|1|1|DOWN
cabinetry texas|http://amishcabinetsoftexas.com|6|30|24|NEW
cabinets and vanities houston tx|http://amishcabinetsoftexas.com|6|4|2|DOWN
cabinets and vanities  houston tx|http://amishcabinetsoftexas.com|6|30|24|NEW
cabinets by amish texas|https://amishcabinetsoftexas.com/custom-cabinet-makers|1|1|0|EQ
cabinets near me Memorial TX|https://amishcabinetsoftexas.com/get-inspired-with...|6|3|3|DOWN
cabinets near me River Oaks TX|https://amishcabinetsoftexas.com/cabinets-near-me-river-oaks-tx|4|2|2|DOWN
Cinco Ranch TX amish cabinet makers|http://amishcabinetsoftexas.com|5|2|3|DOWN
Cinco Ranch TX amish cabinets|http://amishcabinetsoftexas.com|5|5|0|EQ
classic custom cabinets Royal Oaks, TX|https://amishcabinetsoftexas.com/amazing-classic...|1|1|0|EQ
craftsman style cabinets houston tx|https://amishcabinetsoftexas.com/|1|1|0|EQ
craftsman style kitchen cabinets houston tx|https://amishcabinetsoftexas.com/|1|2|1|UP
craftsman style kitchen cabinets texas|https://amishcabinetsoftexas.com/custom-cabinet...|13|16|3|UP
creative custom cabinetry and design|https://amishcabinetsoftexas.com/dazzling-creative...|1|11|10|UP
custom amish cabinets houston|https://amishcabinetsoftexas.com|1|1|0|EQ
custom amish kitchen cabinets tx|http://amishcabinetsoftexas.com|2|2|0|EQ
custom bar cabinets houston|https://amishcabinetsoftexas.com/|1|1|0|EQ
custom bar cabinets houston texas|https://amishcabinetsoftexas.com/|1|30|29|NEW
custom bathroom vanities houston|http://amishcabinetsoftexas.com|9|6|3|DOWN
custom bathroom vanities houston texas|https://amishcabinetsoftexas.com/.../houston-tx-custom-bathroom-vanities|19|5|14|DOWN
custom bathroom vanities katy tx|https://amishcabinetsoftexas.com/beautiful-custom...|4|3|1|DOWN
custom bathroom vanities Memorial|https://amishcabinetsoftexas.com/custom-bathroom-vanities-memorial|1|1|0|EQ
custom bathroom vanities near me katy tx|https://amishcabinetsoftexas.com/beautiful-custom...|3|2|1|DOWN
custom built amish cabinets houston|https://amishcabinetsoftexas.com|1|1|0|EQ
custom cabinents houston|http://amishcabinetsoftexas.com|7|17|10|UP
custom cabinet builders houston|https://amishcabinetsoftexas.com/.../houston-tx-custom-cabinet-builders|18|19|1|UP
custom cabinet company houston tx|http://amishcabinetsoftexas.com|6|6|0|EQ
custom cabinet company katy tx|https://amishcabinetsoftexas.com/kat…|14|14|0|EQ
custom cabinet houston|https://amishcabinetsoftexas.com|14|17|3|UP
custom cabinet makers houston texas|http://amishcabinetsoftexas.com|6|6|0|EQ
custom cabinet makers houston tx|https://amishcabinetsoftexas.com/.../houston-texas-custom-cabinet-makers|30|22|8|DOWN
custom cabinet makers texas|https://amishcabinetsoftexas.com/custom-cabinet-makers|13|4|9|DOWN
custom cabinet making houston tx|http://amishcabinetsoftexas.com|1|1|0|EQ
custom cabinetry Memorial TX|https://amishcabinetsoftexas.com/beautiful...|4|4|0|EQ
custom cabinetry Royal Oaks TX|https://amishcabinetsoftexas.com/royal-oaks-tx-custom-kitchen-cabinets|2|2|0|EQ
custom cabinetry West University Place TX|https://amishcabinetsoftexas.com/west-university...|3|5|2|UP
custom cabinets contractor houston tx|https://amishcabinetsoftexas.com|12|30|18|NEW
custom cabinets cost houston tx|https://amishcabinetsoftexas.com/custom-cabinet...|16|6|10|DOWN
custom cabinet shop houston tx|https://amishcabinetsoftexas.com/.../houston-tx-custom-cabinet-shop|18|20|2|UP
custom cabinets houston memorial tx|https://amishcabinetsoftexas.com/buy-custom...|5|30|25|NEW
custom cabinets in spring tx|https://amishcabinetsoftexas.com/|1|1|0|EQ
custom cabinets installation houston tx|http://amishcabinetsoftexas.com|6|6|0|EQ
custom cabinets installation services houston tx|http://amishcabinetsoftexas.com|6|24|18|UP
custom cabinets katy tx|https://amishcabinetsoftexas.com/katy-tx-custom-cabinet-builders|17|6|11|DOWN
custom cabinets makers houston tx|https://amishcabinetsoftexas.com|21|11|10|DOWN
custom cabinets maker texas|https://amishcabinetsoftexas.com/custom-cabinet-makers|12|2|10|DOWN
custom cabinets near houston|http://amishcabinetsoftexas.com|6|6|0|EQ
custom cabinets quote houston tx|https://amishcabinetsoftexas.com/custom-cabinet...|23|6|17|DOWN
custom cabinets quote katy tx|http://amishcabinetsoftexas.com|6|6|0|EQ
custom cabinets quote west houston tx|http://amishcabinetsoftexas.com|7|30|23|NEW
custom cabinets spring tx|https://amishcabinetsoftexas.com/|1|30|29|NEW
custom design cabinets houston|https://amishcabinetsoftexas.com|24|30|6|NEW
custom kitchen cabinet makers texas|http://amishcabinetsoftexas.com|4|3|1|DOWN
custom kitchen cabinets houston|https://amishcabinetsoftexas.com|19|9|10|DOWN
custom kitchen cabinets houston tx|https://amishcabinetsoftexas.com/houston-tx-custom...|14|4|10|DOWN
custom kitchen cabinets in texas|http://amishcabinetsoftexas.com|1|30|29|NEW
custom kitchen cabinets Memorial|https://amishcabinetsoftexas.com/beautiful...|2|30|28|NEW
custom kitchen cabinets west houston tx|http://amishcabinetsoftexas.com|6|20|14|UP
custom kitchen cupboards Houston, TX|http://amishcabinetsoftexas.com|4|30|30|NEW
custom kitchen cupboards Memorial, TX|https://amishcabinetsoftexas.com/custom-kitchen-cupboards-memorial-tx|2|30|30|NEW
custom kitchen cupboards Royal Oaks, TX|https://amishcabinetsoftexas.com/custom-kitchen-cupboards-royal-oaks-tx|2|30|30|NEW
custom kitchen cupboards West University Place, TX|https://amishcabinetsoftexas.com/west-university...|3|30|30|NEW
custom kitchen islands Memorial|https://amishcabinetsoftexas.com/custom-kitchen-islands-memorial|1|1|0|EQ
custom kitchen islands West University Place TX|https://amishcabinetsoftexas.com/custom-kitchen...|1|1|0|EQ
custom kitchens katy tx|http://amishcabinetsoftexas.com|4|2|2|DOWN
custom made cabinets houston|https://amishcabinetsoftexas.com/houston-tx-custom...|12|5|7|DOWN
custom made cabinets houston tx|https://amishcabinetsoftexas.com/houston-tx-custom...|10|6|4|DOWN
custom made cabinets in texas|http://amishcabinetsoftexas.com|6|30|24|NEW
custom made cabinets katy tx|http://amishcabinetsoftexas.com|6|5|1|DOWN
custom made kitchen cabinets houston|https://amishcabinetsoftexas.com/houston-tx-custom-made-kitchen-cabinets|9|4|5|DOWN
custom made kitchen cabinets houston tx|http://amishcabinetsoftexas.com|6|29|23|UP
custom made vanities houston texas|http://amishcabinetsoftexas.com|6|1|5|DOWN
custom solid wood kitchen cabinets Royal Oaks, TX|https://amishcabinetsoftexas.com/custom-solid-wood...|2|30|30|NEW
custom storage cabinet amish texas|https://amishcabinetsoftexas.com/custom-cabinet-makers|1|1|0|EQ
custom vanities houston texas|http://amishcabinetsoftexas.com|6|18|12|UP
custom vanity cabinets houston|https://amishcabinetsoftexas.com|24|1|23|DOWN
custom vanity cabinets houston tx|https://amishcabinetsoftexas.com/.../houston-tx-custom-bathroom-vanities|19|5|14|DOWN
custom vanity companies houston|https://amishcabinetsoftexas.com|30|30|0|NEW
custom vanity companies texas|http://amishcabinetsoftexas.com|6|6|0|EQ
custom vanity harris county texas|https://amishcabinetsoftexas.com/katy-tx-custom-bathroom-vanities|1|6|5|UP
custom vanity houston texas|http://amishcabinetsoftexas.com|6|19|13|UP
custom vanity unit|https://amishcabinetsoftexas.com/custom-cabinets...|25|30|5|NEW
custom wine cabinets amish texas|https://amishcabinetsoftexas.com/.../houston-tx-custom-wine-cabinets|3|3|0|EQ
custom wood cabinets amish texas|https://amishcabinetsoftexas.com/custom-cabinet-makers|1|1|0|EQ
custom wood cabinets houston tx|https://amishcabinetsoftexas.com/cabinets|23|2|21|DOWN
custom wooden cabinets houston tx|http://amishcabinetsoftexas.com|4|4|0|EQ
cypress cabinets amish|https://amishcabinetsoftexas.com|4|1|3|DOWN
discount custom cabinets houston|https://amishcabinetsoftexas.com|19|12|7|DOWN
find cabinet makers near houston|https://amishcabinetsoftexas.com/cabinets|30|12|18|DOWN
fine cabinetry houston tx|http://amishcabinetsoftexas.com|5|30|25|NEW
handcrafted cabinet design houston|https://amishcabinetsoftexas.com/houston-tx-custom-made-kitchen-cabinets|19|14|5|DOWN
hardwood cabinets store houston|http://amishcabinetsoftexas.com|6|17|11|UP
harris county custom amish kitchen cabinets|https://amishcabinetsoftexas.com/houston-tx-custom-made-kitchen-cabinets|1|1|0|EQ
harris county custom bathroom vanities|https://amishcabinetsoftexas.com/katy-tx-custom-bathroom-vanities|9|30|21|NEW
harris county texas custom vanity|https://amishcabinetsoftexas.com/katy-tx-custom-bathroom-vanities|1|3|2|UP
harris county tx solid wood kitchen cabinets|https://amishcabinetsoftexas.com/custom-solid-wood...|6|1|5|DOWN
high end cabinet design houston|http://amishcabinetsoftexas.com|4|1|3|DOWN
high end kitchen cabinets harris county texas|http://amishcabinetsoftexas.com|4|2|2|DOWN
high end kitchen cabinets houston texas|http://amishcabinetsoftexas.com|7|10|3|UP
high end kitchen design katy tx|http://amishcabinetsoftexas.com|3|2|1|DOWN
houston amish bathroom vanity|https://amishcabinetsoftexas.com/.../houston-tx-custom-bathroom-vanities|2|1|1|DOWN
houston amish cabinet|https://amishcabinetsoftexas.com|1|1|0|EQ
houston amish cabinet builders|https://amishcabinetsoftexas.com|1|1|0|EQ
houston amish cabinet company|https://amishcabinetsoftexas.com|1|1|0|EQ
houston amish cabinet makers|https://amishcabinetsoftexas.com|1|1|0|EQ
houston amish cabinetry|https://amishcabinetsoftexas.com|1|1|0|EQ
houston amish cabinets makers|https://amishcabinetsoftexas.com|1|1|0|EQ
houston amish custom bathroom cabinets|https://amishcabinetsoftexas.com/|1|1|0|EQ
houston amish custom cabinets|https://amishcabinetsoftexas.com|1|1|0|EQ
houston amish furniture maker|https://amishcabinetsoftexas.com|20|2|18|DOWN
houston amish touch custom cabinetry|https://amishcabinetsoftexas.com/|2|1|1|DOWN
houston bathroom cabinet maker|http://amishcabinetsoftexas.com|7|7|0|EQ
houston bathroom cabinetry|http://amishcabinetsoftexas.com|6|6|0|EQ
houston bathroom cabinets custom|https://amishcabinetsoftexas.com/custom-cabinets...|30|19|11|DOWN
houston cabinet makers|https://amishcabinetsoftexas.com|25|30|5|NEW
houston cabinets and vanities|http://amishcabinetsoftexas.com|2|2|0|EQ
houston custom amish cabinets|https://amishcabinetsoftexas.com|1|1|0|EQ
houston custom cabinet|https://amishcabinetsoftexas.com|19|13|6|DOWN
houston custom cabinet builders|https://amishcabinetsoftexas.com|21|18|3|DOWN
houston custom cabinets houston, tx|https://amishcabinetsoftexas.com|19|27|8|UP
houston custom fireplace cabinets|https://amishcabinetsoftexas.com|16|30|14|NEW
houston custom kitchen cabinet|https://amishcabinetsoftexas.com|24|9|15|DOWN
houston custom kitchen cabinets|https://amishcabinetsoftexas.com|19|13|6|DOWN
houston custom made kitchen cabinets|https://amishcabinetsoftexas.com/houston-tx-custom...|10|2|8|DOWN
houston kitchen cabinets|https://amishcabinetsoftexas.com/cabinets|22|30|8|NEW
houston kitchen custom cabinets|https://amishcabinetsoftexas.com|20|17|3|DOWN
houston office bar cabinet|http://amishcabinetsoftexas.com|4|4|0|EQ
houston solid wood cabinets|https://amishcabinetsoftexas.com/custom-cabinet...|20|1|19|DOWN
houston texas amish cabinet makers|https://amishcabinetsoftexas.com|1|1|0|EQ
houston texas amish cabinets|https://amishcabinetsoftexas.com|1|1|0|EQ
houston texas amish kitchen cabinets|https://amishcabinetsoftexas.com|1|1|0|EQ
houston texas custom cabinet design|https://amishcabinetsoftexas.com/.../houston-texas-custom-cabinet-design|17|16|1|DOWN
houston texas custom cabinet makers|https://amishcabinetsoftexas.com/custom-cabinet-makers|14|9|5|DOWN
houston texas custom cabinets|https://amishcabinetsoftexas.com/custom-cabinet...|19|14|5|DOWN
houston texas custom home office cabinetry|https://amishcabinetsoftexas.com/custom-cabinets...|15|30|15|NEW
houston texas custom kitchen cabinet|http://amishcabinetsoftexas.com|4|30|26|NEW
houston texas custom kitchens|http://amishcabinetsoftexas.com|4|13|9|UP
houston texas custom vanity|https://amishcabinetsoftexas.com/custom-cabinet...|14|14|0|EQ
houston texas high end kitchen cabinets|https://amishcabinetsoftexas.com/.../houston-tx-high-end-cabinets|21|2|19|DOWN
houston texas kitchen cabinet makers|http://amishcabinetsoftexas.com|4|6|2|UP
houston texas quality kitchen cabinets|https://amishcabinetsoftexas.com/.../houston-tx-quality-kitchen-cabinets|20|30|10|NEW
houston texas quality kitchens|http://amishcabinetsoftexas.com|4|2|2|DOWN
houston texas solid wood cabinets|http://amishcabinetsoftexas.com|6|2|4|DOWN
houston texas wood kitchen cabinets|https://amishcabinetsoftexas.com/cabinets|13|16|3|UP
houston texas wood mode cabinets|https://amishcabinetsoftexas.com/custom-cabinet...|13|3|10|DOWN
houston tx affordable custom cabinets|https://amishcabinetsoftexas.com/katy-tx...|19|1|18|DOWN
houston tx all wood cabinetry|http://amishcabinetsoftexas.com|6|6|0|EQ
houston tx all wood kitchen cabinets|https://amishcabinetsoftexas.com/cabinets|8|6|2|DOWN
houston tx amish cabinet company|https://amishcabinetsoftexas.com|1|1|0|EQ
houston tx amish cabinet maker|https://amishcabinetsoftexas.com|1|1|0|EQ
houston tx amish cabinet makers|https://amishcabinetsoftexas.com|1|1|0|EQ
houston tx amish cabinets|https://amishcabinetsoftexas.com|1|1|0|EQ
houston tx amish corner cabinet|http://amishcabinetsoftexas.com|2|2|0|EQ
houston tx best american made kitchen cabinets|http://amishcabinetsoftexas.com|6|30|24|NEW
houston tx cabinet craftsman|http://amishcabinetsoftexas.com|7|6|1|DOWN
houston tx cabinet custom|http://amishcabinetsoftexas.com|7|17|10|UP
houston tx cost of custom cabinets|https://amishcabinetsoftexas.com/custom-cabinet...|14|30|16|NEW
houston tx craftsman kitchen cabinets|https://amishcabinetsoftexas.com/|1|3|2|UP
houston tx craftsman style cabinets|https://amishcabinetsoftexas.com/houston-tx...|10|1|9|DOWN
Houston TX craftsman style kitchen cabinets|https://amishcabinetsoftexas.com/|1|2|1|UP
houston tx creative custom cabinets|http://amishcabinetsoftexas.com|6|1|5|DOWN
houston tx custom bathroom cabinets|https://amishcabinetsoftexas.com/custom-cabinet...|18|4|14|DOWN
houston tx custom bathroom vanities|http://amishcabinetsoftexas.com|6|14|8|UP
houston tx custom built cabinets|https://amishcabinetsoftexas.com|16|1|15|DOWN
houston tx custom cabinet builders|https://amishcabinetsoftexas.com/custom-cabinet...|15|15|0|EQ
houston tx custom cabinets for office|https://amishcabinetsoftexas.com/houston-texas-custom-office-cabinets|9|12|3|UP
houston tx custom cabinet shop|https://amishcabinetsoftexas.com/custom-cabinet...|17|4|13|DOWN
houston tx custom cupboards kitchen cabinets|http://amishcabinetsoftexas.com|4|4|0|EQ
houston tx custom kitchen cabinet|http://amishcabinetsoftexas.com|4|4|0|EQ
houston tx custom kitchen cabinets|http://amishcabinetsoftexas.com|4|4|0|EQ
houston tx custom kitchen design|https://amishcabinetsoftexas.com/houston-tx-custom...|30|5|25|DOWN
houston tx custom made cabinets|https://amishcabinetsoftexas.com/houston-tx-custom...|10|13|3|UP
houston tx custom storage cabinet|http://amishcabinetsoftexas.com|6|6|0|EQ
houston tx custom wine cabinets|https://amishcabinetsoftexas.com/|2|1|1|DOWN
houston tx custom wood cabinets|http://amishcabinetsoftexas.com|7|9|2|UP
Houston Tx gourmet kitchen|http://amishcabinetsoftexas.com|6|2|4|DOWN
houston tx hardwood cabinets|https://amishcabinetsoftexas.com|3|3|0|EQ
houston tx high end cabinets|https://amishcabinetsoftexas.com/.../houston-tx-high-end-cabinets|14|2|12|DOWN
houston tx high end custom cabinetry manufacturers|https://amishcabinetsoftexas.com/houston-tx-high...|15|15|0|EQ
houston tx high end kitchen cabinets|https://amishcabinetsoftexas.com/.../houston-tx-high-end-cabinets|13|14|1|UP
houston tx kitchen cabinet company|https://amishcabinetsoftexas.com/.../houston-tx-kitchen-cabinet-company|21|13|8|DOWN
houston tx kitchen cabinet makers|http://amishcabinetsoftexas.com|4|5|1|UP
houston tx kitchen custom cabinets|https://amishcabinetsoftexas.com/houston-tx-custom-made-kitchen-cabinets|17|15|2|DOWN
houston tx quality custom cabinetry|http://amishcabinetsoftexas.com|6|30|24|NEW
houston tx quality kitchen cabinets|https://amishcabinetsoftexas.com/.../houston-tx-quality-kitchen-cabinets|23|19|4|DOWN
houston tx quality kitchens|http://amishcabinetsoftexas.com|5|1|4|DOWN
houston tx semi-custom kitchen cabinets|https://amishcabinetsoftexas.com/custom-cabinet...|23|18|5|DOWN
houston tx solid wood cabinets|https://amishcabinetsoftexas.com/cabinets|4|1|3|DOWN
houston tx solid wood kitchen cabinets|https://amishcabinetsoftexas.com/cabinets|8|2|6|DOWN
houston tx solid wood kitchen cabinets near me|https://amishcabinetsoftexas.com/cabinets|5|2|3|DOWN
houston tx wood kitchen cabinets|https://amishcabinetsoftexas.com/cabinets|19|13|6|DOWN
houston tx wood mode cabinets|https://amishcabinetsoftexas.com/|2|3|1|UP
houston wood amish cabinets|https://amishcabinetsoftexas.com/|2|1|1|DOWN
katy kitchen cabinets|https://amishcabinetsoftexas.com/katy-tx-custom-kitchen-cabinets|20|15|5|DOWN
Katy TX advanced amish custom cabinets|https://amishcabinetsoftexas.com/katy-tx-advanced-custom-cabinets|1|1|0|EQ
Katy TX advanced custom cabinets|https://amishcabinetsoftexas.com/katy-tx-custom-cabinet-builders|16|5|11|DOWN
Katy TX affordable custom cabinets|https://amishcabinetsoftexas.com/katy-tx-custom-kitchen-cabinets|16|12|4|DOWN
Katy TX all wood cabinetry|https://amishcabinetsoftexas.com/katy-tx-all-wood-cabinetry|4|3|1|DOWN
Katy TX all wood kitchen cabinets|https://amishcabinetsoftexas.com/katy-tx-all-wood-kitchen-cabinets|1|2|1|UP
Katy TX amish cabinet makers|https://amishcabinetsoftexas.com/katy-tx-custom-cabinet-builders|1|1|0|EQ
Katy TX amish cabinets|https://amishcabinetsoftexas.com/katy-tx-custom-cabinetry|1|1|0|EQ
Katy TX amish corner cabinet|https://amishcabinetsoftexas.com/katy-tx-custom-cabinet-company|1|1|0|EQ
Katy TX amish custom kitchens|https://amishcabinetsoftexas.com/katy-tx-quality-kitchens|1|1|0|EQ
Katy TX amish custom made cabinets|https://amishcabinetsoftexas.com/|1|1|0|EQ
Katy TX amish kitchen cabinets|https://amishcabinetsoftexas.com/katy-tx-amish-kitchen-cabinets|1|1|0|EQ
Katy TX amish made kitchen cabinets|https://amishcabinetsoftexas.com/katy-tx-custom-kitchen-cabinets|1|1|0|EQ
Katy TX amish solid wood bathroom cabinet|https://amishcabinetsoftexas.com/katy-tx-solid-wood-cabinets|1|1|0|EQ
Katy TX amish style kitchen cabinets|https://amishcabinetsoftexas.com/katy-tx-custom-kitchen-cabinets|1|1|0|EQ
Katy TX bathroom cabinet makers|https://amishcabinetsoftexas.com/outstanding...|13|13|0|EQ
Katy TX best bathroom cabinets|https://amishcabinetsoftexas.com/beautiful-custom...|10|8|2|DOWN
Katy TX best cabinets|https://amishcabinetsoftexas.com/katy-tx-custom-cabinet-builders|16|4|12|DOWN
Katy TX best kitchen cabinets|https://amishcabinetsoftexas.com/katy-tx-custom-kitchen-cabinets|13|5|8|DOWN
Katy TX best quality kitchen cabinets|http://amishcabinetsoftexas.com|6|2|4|DOWN
Katy TX craftsman kitchen cabinets|https://amishcabinetsoftexas.com/katy-tx-craftsman-style-kitchen-cabinets|4|3|1|DOWN
Katy TX craftsman style cabinets|https://amishcabinetsoftexas.com/katy-tx-craftsman-style-kitchen-cabinets|3|4|1|UP
Katy TX craftsman style kitchen cabinets|https://amishcabinetsoftexas.com/katy-tx-craftsman-style-kitchen-cabinets|4|1|3|DOWN
Katy TX custom bathroom vanities|https://amishcabinetsoftexas.com/beautiful-custom...|3|2|1|DOWN
Katy TX custom bathroom vanities near me|https://amishcabinetsoftexas.com/beautiful-custom...|3|2|1|DOWN
Katy TX custom built kitchen cabinets|http://amishcabinetsoftexas.com|6|2|4|DOWN
Katy TX custom cabinet builders|https://amishcabinetsoftexas.com/katy-tx-custom-cabinet-builders|10|2|8|DOWN
Katy TX custom cabinet company|https://amishcabinetsoftexas.com/katy-tx-custom-cabinet-builders|13|14|1|UP
Katy TX custom cabinet design|https://amishcabinetsoftexas.com/katy-tx-cu…|13|2|11|DOWN
Katy TX custom cabinetry|http://amishcabinetsoftexas.com|6|3|3|DOWN
Katy TX custom cabinet shops near me|https://amishcabinetsoftexas.com/katy-tx-custom-cabinet-shops-near-me|16|7|9|DOWN
Katy TX custom cabinets near me|https://amishcabinetsoftexas.com/katy-tx-custom-cabinet-shops-near-me|20|13|7|DOWN
Katy TX custom gun cabinets|https://amishcabinetsoftexas.com/katy-tx-custom-gun-cabinets|2|2|0|EQ
Katy TX custom home office cabinetry|http://amishcabinetsoftexas.com|4|6|2|UP
Katy TX custom kitchen design|https://amishcabinetsoftexas.com/katy-tx-custom-kitchen-design|13|2|11|DOWN
Katy TX custom kitchen islands|https://amishcabinetsoftexas.com/katy-tx-custom-kitchen-islands|1|2|1|UP
Katy TX custom kitchens|http://amishcabinetsoftexas.com|4|2|2|DOWN
Katy TX custom kitchens near me|https://amishcabinetsoftexas.com/katy-tx-custom-kitchens-near-me|12|7|5|DOWN
Katy TX custom made cabinets|http://amishcabinetsoftexas.com|6|6|0|EQ
Katy TX custom made cabinets near me|https://amishcabinetsoftexas.com/katy-tx-custom-made-cabinets-near-me|15|13|2|DOWN
Katy TX custom made kitchen cabinets|http://amishcabinetsoftexas.com|4|2|2|DOWN
Katy TX custom storage cabinet|https://amishcabinetsoftexas.com/katy-tx-custom-storage-cabinet|4|4|0|EQ
Katy TX custom vanity|https://amishcabinetsoftexas.com/katy-tx-custom-bathroom-vanities|1|2|1|UP
Katy TX hardwood cabinets|https://amishcabinetsoftexas.com/katy-tx-hardwood-cabinets|3|4|1|UP
Katy TX high end kitchen design|https://amishcabinetsoftexas.com/katy-tx-high-end-kitchen-design|14|2|12|DOWN
Katy TX kitchen cabinets and islands|https://amishcabinetsoftexas.com/katy-tx-custom-kitchen-islands|10|5|5|DOWN
Katy TX luxury kitchen|https://amishcabinetsoftexas.com/katy-tx-luxury-kitchen|2|1|1|DOWN
Katy TX luxury kitchen cabinets|http://amishcabinetsoftexas.com|4|3|1|DOWN
Katy TX new kitchen cabinets|http://amishcabinetsoftexas.com|5|4|1|DOWN
Katy TX quality custom cabinetry|https://amishcabinetsoftexas.com/katy-tx-quality...|5|10|5|UP
Katy TX quality kitchen cabinets|http://amishcabinetsoftexas.com|7|2|5|DOWN
Katy TX Solid Kitchen Cabinets|http://amishcabinetsoftexas.com|4|4|0|EQ
Katy TX solid wood bathroom cabinet|https://amishcabinetsoftexas.com/solid-wood-cabinet-company-katy-tx|4|2|2|DOWN
Katy TX Solid Wood Cabinets|https://amishcabinetsoftexas.com/katy-tx-best-solid-wood-cabinets|4|3|1|DOWN
Katy TX solid wood cabinets near me|https://amishcabinetsoftexas.com/kat…|12|4|8|DOWN
Katy TX wood kitchen cabinets|https://amishcabinetsoftexas.com/katy-tx-custom-built-wood-kitchen-cabinets|7|12|5|UP
Katy TX wood mode cabinets|https://amishcabinetsoftexas.com/katy-tx-wood-mode-cabinets|3|2|1|DOWN
kitchen and bath cabinets amish texas|https://amishcabinetsoftexas.com/custom-cabinet-makers|1|1|0|EQ
kitchen and bathroom cabinets Katy, TX|http://amishcabinetsoftexas.com|2|30|30|NEW
kitchen and bathroom cabinets Memorial, TX|https://amishcabinetsoftexas.com/custom-kitchen-cupboards-memorial-tx|3|30|30|NEW
kitchen and bathroom cabinets River Oaks, Tx|https://amishcabinetsoftexas.com/kitchen-and-bathroom-cabinets-river-oaks-tx|3|30|30|NEW
kitchen and bathroom cabinets West University Place, TX|http://amishcabinetsoftexas.com|6|30|30|NEW
kitchen cabinet maker houston tx|http://amishcabinetsoftexas.com|6|6|0|EQ
kitchen cabinet maker in houston tx|http://amishcabinetsoftexas.com|7|6|1|DOWN
kitchen cabinet makers houston texas|http://amishcabinetsoftexas.com|4|6|2|UP
kitchen cabinet makers houston tx|http://amishcabinetsoftexas.com|7|6|1|DOWN
kitchen cabinet makers in houston tx|http://amishcabinetsoftexas.com|7|6|1|DOWN
kitchen cabinets and islands katy tx|http://amishcabinetsoftexas.com|4|2|2|DOWN
kitchen cabinets installers houston tx|http://amishcabinetsoftexas.com|6|30|24|NEW
kitchen cabinets katy tx|http://amishcabinetsoftexas.com|5|5|0|EQ
kitchenette cabinets texas|http://amishcabinetsoftexas.com|6|30|24|NEW
local cabinet makers near houston|http://amishcabinetsoftexas.com|6|24|18|UP
local cabinet makers near houston tx|http://amishcabinetsoftexas.com|6|26|20|UP
local custom cabinets contractor houston tx|http://amishcabinetsoftexas.com|6|13|7|UP
local custom cabinets contractor west houston tx|http://amishcabinetsoftexas.com|6|30|24|NEW
luxury kitchen cabinets houston texas|http://amishcabinetsoftexas.com|7|30|23|NEW
maker's cabinet  houston tx|http://amishcabinetsoftexas.com|6|6|0|EQ
manufacturers of kitchen cabinets houston|http://amishcabinetsoftexas.com|6|6|0|EQ
office bar cabinet houston texas|http://amishcabinetsoftexas.com|4|15|11|UP
quality kitchens houston texas|http://amishcabinetsoftexas.com|4|1|3|DOWN
River Oaks TX custom bathroom vanities|https://amishcabinetsoftexas.com/river-oaks-tx-custom-bathroom-vanities|2|2|0|EQ
River Oaks TX custom kitchen cabinets|https://amishcabinetsoftexas.com/kitchen-and...|3|3|0|EQ
River Oaks TX custom kitchen islands|https://amishcabinetsoftexas.com/river-oaks-tx-custom-kitchen-islands|1|1|0|EQ
River Oaks TX kitchen cabinets near me|https://amishcabinetsoftexas.com/river-oaks-tx-kitchen-cabinets-near-me|5|3|2|DOWN
Royal Oaks TX custom bathroom vanities|https://amishcabinetsoftexas.com/royal-oaks-tx-custom-bathroom-vanities|2|2|0|EQ
Royal Oaks TX custom kitchen cabinets|https://amishcabinetsoftexas.com/custom-solid-wood...|2|2|0|EQ
Royal Oaks TX custom kitchen islands|https://amishcabinetsoftexas.com/custom-kitchen-islands-royal-oaks-tx|1|1|0|EQ
Royal Oaks TX kitchen cabinets near me|https://amishcabinetsoftexas.com/buy-custom...|2|2|0|EQ
showcase cabinets houston|http://amishcabinetsoftexas.com|6|6|0|EQ
showcase cabinets houston tx|http://amishcabinetsoftexas.com|7|30|23|NEW
showcase cabinets south texas|http://amishcabinetsoftexas.com|5|5|0|EQ
solid cabinets houston tx|https://amishcabinetsoftexas.com/cabinets|7|8|1|UP
Solid Kitchen Cabinets katy tx|https://amishcabinetsoftexas.com/solid-wood-cabinet-company-katy-tx|6|2|4|DOWN
Solid Kitchen Cabinets south texas|http://amishcabinetsoftexas.com|4|30|26|NEW
solid wood bathroom cabinet katy tx|http://amishcabinetsoftexas.com|2|3|1|UP
solid wood cabinets houston area|https://amishcabinetsoftexas.com/cabinets|7|2|5|DOWN
Solid Wood Cabinets katy tx|https://amishcabinetsoftexas.com/katy-tx-solid-wood-cabinets|5|3|2|DOWN
solid wood cabinets Memorial TX|https://amishcabinetsoftexas.com/solid-woo…|2|2|0|EQ
solid wood cabinets near me houston tx|https://amishcabinetsoftexas.com/cabinets|4|2|2|DOWN
solid wood cabinets near me katy tx|https://amishcabinetsoftexas.com/katy-tx-solid-wood-cabinets|5|4|1|DOWN
solid wood cabinets River Oaks TX|https://amishcabinetsoftexas.com/solid-wood-cabinets-river-oaks-tx|2|2|0|EQ
solid wood cabinets Royal Oaks TX|https://amishcabinetsoftexas.com/solid-wood-cabinets-royal-oaks-tx|2|2|0|EQ
solid wood cabinets West University Place TX|https://amishcabinetsoftexas.com/solid-wood...|2|2|0|EQ
texas amish cabinets|https://amishcabinetsoftexas.com/|1|1|0|EQ
texas cabinet makers|https://amishcabinetsoftexas.com/custom-cabinet-makers|14|13|1|DOWN
texas cabinetry|http://amishcabinetsoftexas.com|5|7|2|UP
texas cabinets|http://amishcabinetsoftexas.com|2|5|3|UP
texas custom kitchens cabinets|http://amishcabinetsoftexas.com|1|30|29|NEW
TX all wood cabinetry katy tx|https://amishcabinetsoftexas.com/katy-tx-all-wood-cabinetry|4|1|3|DOWN
tx cabinets|http://amishcabinetsoftexas.com|2|5|3|UP
West University Place TX custom bathroom vanities|https://amishcabinetsoftexas.com/west-univ…|3|3|0|EQ
West University Place TX custom kitchen cabinets|https://amishcabinetsoftexas.com/west-university...|3|30|27|NEW
West University Place TX kitchen cabinets near me|https://amishcabinetsoftexas.com/west-university...|5|30|25|NEW
wood cabinets houston tx|http://amishcabinetsoftexas.com|6|13|7|UP
wood kitchen cabinets houston texas|http://amishcabinetsoftexas.com|7|19|12|UP
wood mode cabinets houston texas|https://amishcabinetsoftexas.com/.../houston-tx-wood-mode-cabinets|13|1|12|DOWN
