advanced custom cabinets katy tx|https://amishcabinetsoftexas.com/katy-tx-advanced-custom-cabinets/|1|2|1|UP
affordable amish custom cabinets houston|https://amishcabinetsoftexas.com/custom-cabinet-construction/houston-texas-custom-cabinets/houston-tx-affordable-custom-cabinets/|1|1|0|EQ
affordable custom cabinets contractor houston tx|https://amishcabinetsoftexas.com/custom-cabinet-construction/houston-texas-custom-cabinets/houston-tx-affordable-custom-cabinets/|8|1|7|DOWN
affordable custom cabinets contractor katy tx|https://amishcabinetsoftexas.com/katy-tx-affordable-custom-cabinets/|2|3|1|UP
all wood cabinetry harris county|https://amishcabinetsoftexas.com/custom-cabinet-construction/houston-texas-custom-cabinets/houston-tx-all-wood-cabinetry/|5|30|25|NEW
all wood cabinetry houston tx|https://amishcabinetsoftexas.com/custom-cabinet-construction/houston-texas-custom-cabinets/houston-tx-all-wood-cabinetry/|5|5|0|EQ
all wood cabinets houston tx|https://amishcabinetsoftexas.com/katy-tx-all-wood-kitchen-cabinets/|12|9|3|DOWN
amish bathroom cabinets austin tx|http://amishcabinetsoftexas.com/|1|1|0|EQ
amish bathroom cabinets houston tx|https://amishcabinetsoftexas.com/|1|1|0|EQ
amish builders houston|https://amishcabinetsoftexas.com/|5|4|1|DOWN
amish cabinet builders austin tx|https://amishcabinetsoftexas.com/|6|2|4|DOWN
amish cabinet builders houston|https://amishcabinetsoftexas.com/|1|1|0|EQ
amish cabinet builders texas|https://amishcabinetsoftexas.com/|1|1|0|EQ
amish cabinet carpentry austin tx|https://amishcabinetsoftexas.com/|7|3|4|DOWN
amish cabinet carpentry houston tx|https://amishcabinetsoftexas.com/|1|1|0|EQ
amish cabinet carpentry texas|https://amishcabinetsoftexas.com/|1|1|0|EQ
amish cabinet carpentry tx|https://amishcabinetsoftexas.com/|2|1|1|DOWN
amish cabinet company austin tx|https://amishcabinetsoftexas.com/|8|1|7|DOWN
amish cabinet company houston|https://amishcabinetsoftexas.com/|1|1|0|EQ
amish cabinet doors austin tx|http://amishcabinetsoftexas.com/|1|1|0|EQ
amish cabinet doors houston tx|https://amishcabinetsoftexas.com/|1|1|0|EQ
amish cabinet maker austin tx|https://amishcabinetsoftexas.com/|5|3|2|DOWN
amish cabinet maker houston|https://amishcabinetsoftexas.com/|1|1|0|EQ
amish cabinet maker houston tx|https://amishcabinetsoftexas.com/|1|1|0|EQ
amish cabinet maker near austin|https://amishcabinetsoftexas.com/|6|3|3|DOWN
amish cabinet maker near austin tx|https://amishcabinetsoftexas.com/|5|2|3|DOWN
amish cabinet maker near houston|https://amishcabinetsoftexas.com/|1|1|0|EQ
amish cabinet makers|https://amishcabinetsoftexas.com/|1|1|0|EQ
amish cabinet makers houston|https://amishcabinetsoftexas.com/|1|1|0|EQ
amish cabinet makers houston tx|https://amishcabinetsoftexas.com/|1|1|0|EQ
amish cabinet makers near houston|https://amishcabinetsoftexas.com/|1|1|0|EQ
amish cabinet makers texas|https://amishcabinetsoftexas.com/|1|1|0|EQ
amish cabinet makers tx|https://amishcabinetsoftexas.com/|2|1|1|DOWN
amish cabinet maker texas|https://amishcabinetsoftexas.com/|2|1|1|DOWN
amish cabinet maker tx|https://amishcabinetsoftexas.com/|2|1|1|DOWN
amish cabinetry|https://amishcabinetsoftexas.com/|2|1|1|DOWN
amish cabinetry houston|https://amishcabinetsoftexas.com/|1|1|0|EQ
amish cabinets|https://amishcabinetsoftexas.com/|1|1|0|EQ
amish cabinets houston|https://amishcabinetsoftexas.com/|1|1|0|EQ
amish cabinets near houston tx|https://amishcabinetsoftexas.com/|1|1|0|EQ
amish cabinets near me|https://amishcabinetsoftexas.com/|1|1|0|EQ
amish cabinets of texas|https://amishcabinetsoftexas.com/|1|1|0|EQ
amishcabinetsoftexas.com|https://amishcabinetsoftexas.com/|1|1|0|EQ
amish cabinets of texas houston, tx|https://amishcabinetsoftexas.com/|1|1|0|EQ
amish cabinets of texas  houston tx|https://amishcabinetsoftexas.com/|1|1|0|EQ
amish carpenter houston|https://amishcabinetsoftexas.com/|3|1|2|DOWN
amish construction houston|https://amishcabinetsoftexas.com/|7|4|3|DOWN
amish contractors houston|https://amishcabinetsoftexas.com/|4|4|0|EQ
amish custom bathroom cabinets houston|https://amishcabinetsoftexas.com/|1|1|0|EQ
amish custom cabinet houston shops near me|https://amishcabinetsoftexas.com/custom-cabinet-construction/houston-texas-custom-cabinet-makers/houston-tx-custom-cabinet-shops-near-me/|2|2|0|EQ
amish custom cabinets houston|https://amishcabinetsoftexas.com/|1|1|0|EQ
amish furniture kitchen houston|https://amishcabinetsoftexas.com/custom-cabinet-construction/houston-texas-amish-kitchen-cabinets/|26|1|25|DOWN
amish hardwood cabinets houston area|https://amishcabinetsoftexas.com/|1|1|0|EQ
amish home builders near houston|https://amishcabinetsoftexas.com/|19|5|14|DOWN
amish kitchen cabinet makers|https://amishcabinetsoftexas.com/|5|2|3|DOWN
amish kitchen cabinet makers houston|https://amishcabinetsoftexas.com/|1|1|0|EQ
amish kitchen cabinet makers tx|https://amishcabinetsoftexas.com/|1|1|0|EQ
amish kitchen cabinets|https://amishcabinetsoftexas.com/|4|1|3|DOWN
amish made cabinetry houston|https://amishcabinetsoftexas.com/|1|1|0|EQ
amish made cabinets Houston TX|https://amishcabinetsoftexas.com/|1|1|0|EQ
amish made cabinets Memorial, TX|https://amishcabinetsoftexas.com/|1|1|0|EQ
amish made cabinets River Oaks, TX|https://amishcabinetsoftexas.com/amish-made-cabinets-river-oaks-tx/|1|1|0|EQ
amish made cabinets Royal Oaks, TX|https://amishcabinetsoftexas.com/amish-made-cabinets-royal-oaks-tx/|1|1|0|EQ
amish made cabinets West University Place, TX|https://amishcabinetsoftexas.com/|1|1|0|EQ
amish made kitchen cabinets katy tx|https://amishcabinetsoftexas.com/katy-tx-custom-kitchen-cabinets/|2|2|0|EQ
amish sewing cabinets houston tx|https://amishcabinetsoftexas.com/|1|1|0|EQ
amish storage cabinets houston tx|https://amishcabinetsoftexas.com/|1|1|0|EQ
amish texas high end cabinets|https://amishcabinetsoftexas.com/|1|1|0|EQ
amish texas high end kitchen cabinets|https://amishcabinetsoftexas.com/|1|1|0|EQ
amish touch cabinetry houston|https://amishcabinetsoftexas.com/|1|2|1|UP
amish touch custom cabinetry harris county tx|https://amishcabinetsoftexas.com/|1|1|0|EQ
amish touch custom cabinetry houston tx|https://amishcabinetsoftexas.com/|1|1|0|EQ
bathroom cabinet maker houston|https://amishcabinetsoftexas.com/|10|9|1|DOWN
bathroom cabinets custom houston|https://amishcabinetsoftexas.com/custom-cabinets-galleries/bathroom-cabinets-gallery/|19|19|0|EQ
bathroom vanities custom made houston|https://amishcabinetsoftexas.com/custom-cabinet-construction/houston-texas-custom-cabinets/houston-tx-custom-bathroom-vanities/|13|12|1|DOWN
bathroom vanities houston tx|https://amishcabinetsoftexas.com/custom-cabinet-construction/houston-texas-custom-cabinets/houston-tx-custom-bathroom-vanities/|26|25|1|DOWN
best semi custom kitchen cabinets in texas|https://amishcabinetsoftexas.com/custom-cabinet-construction/houston-texas-amish-kitchen-cabinets/houston-tx-best-semi-custom-kitchen-cabinets/|1|3|2|UP
building kitchen cabinets houston|https://amishcabinetsoftexas.com/|10|9|1|DOWN
buy custom kitchen cabinets Houston, TX|https://amishcabinetsoftexas.com/|12|10|2|DOWN
buy custom kitchen cabinets Memorial, TX|https://amishcabinetsoftexas.com/buy-custom-kitchen-cabinets-memorial-tx/|2|2|0|EQ
buy custom kitchen cabinets Royal Oaks, TX|https://amishcabinetsoftexas.com/buy-custom-kitchen-cabinets-royal-oaks-tx/|2|2|0|EQ
cabinet builder near houston|https://amishcabinetsoftexas.com/|10|8|2|DOWN
cabinet builders houston|https://amishcabinetsoftexas.com/|14|8|6|DOWN
cabinet companies in houston|https://amishcabinetsoftexas.com/|18|12|6|DOWN
cabinet company near houston|https://amishcabinetsoftexas.com/|14|11|3|DOWN
cabinet contractors houston|https://amishcabinetsoftexas.com/|15|13|2|DOWN
cabinet contractors houston tx|https://amishcabinetsoftexas.com/|19|10|9|DOWN
cabinet craftsman houston tx|https://amishcabinetsoftexas.com/houston-tx-craftsman-style-kitchen-cabinets/|2|30|28|NEW
cabinet craftsman in houston|https://amishcabinetsoftexas.com/custom-cabinet-construction/houston-texas-amish-kitchen-cabinets/houston-tx-craftsman-kitchen-cabinets/|2|20|18|UP
cabinet designs houston tx|https://amishcabinetsoftexas.com/custom-cabinets-galleries/houston-texas-custom-cabinet-design/|26|30|4|NEW
cabinet maker houston|https://amishcabinetsoftexas.com/|8|6|2|DOWN
cabinet maker houston tx|https://amishcabinetsoftexas.com/|8|5|3|DOWN
cabinet maker near houston tx|https://amishcabinetsoftexas.com/|8|7|1|DOWN
cabinet makers in houston|https://amishcabinetsoftexas.com/|13|9|4|DOWN
cabinet makers in houston tx|https://amishcabinetsoftexas.com/|12|7|5|DOWN
cabinet makers in spring tx|https://amishcabinetsoftexas.com/|16|13|3|DOWN
cabinet makers near me|https://amishcabinetsoftexas.com/|12|8|4|DOWN
cabinet manufacturers houston|https://amishcabinetsoftexas.com/|14|8|6|DOWN
cabinet manufacturers in texas|https://amishcabinetsoftexas.com/|25|20|5|DOWN
cabinet places texas|https://amishcabinetsoftexas.com/|1|1|0|EQ
cabinets amish built houston tx|https://amishcabinetsoftexas.com/|1|1|0|EQ
cabinets builders near houston tx|https://amishcabinetsoftexas.com/|9|7|2|DOWN
cabinets by amish texas|https://amishcabinetsoftexas.com/|1|1|0|EQ
cabinet shop houston texas|https://amishcabinetsoftexas.com/|1|12|11|UP
cabinet shop near houston|https://amishcabinetsoftexas.com/|19|12|7|DOWN
cabinet shops near houston|https://amishcabinetsoftexas.com/|18|11|7|DOWN
cabinets nearby houston tx|https://amishcabinetsoftexas.com/|27|23|4|DOWN
cabinets near me River Oaks TX|https://amishcabinetsoftexas.com/river-oaks-tx-kitchen-cabinets-near-me/|2|3|1|UP
cabinet texas|https://amishcabinetsoftexas.com/|21|18|3|DOWN
Cinco Ranch TX amish cabinet makers|https://amishcabinetsoftexas.com/katy-tx-gourmet-kitchen/|3|2|1|DOWN
Cinco Ranch TX amish cabinets|https://amishcabinetsoftexas.com/|1|1|0|EQ
classic custom cabinets Royal Oaks, TX|https://amishcabinetsoftexas.com/amazing-classic-custom-cabinets-royal-oaks-tx/|1|1|0|EQ
craftsman style cabinets houston tx|https://amishcabinetsoftexas.com/custom-cabinet-construction/houston-texas-amish-kitchen-cabinets/houston-tx-craftsman-kitchen-cabinets/|1|1|0|EQ
craftsman style kitchen cabinets houston tx|https://amishcabinetsoftexas.com/houston-tx-craftsman-style-kitchen-cabinets/|1|1|0|EQ
craftsman style kitchen cabinets texas|https://amishcabinetsoftexas.com/houston-tx-craftsman-style-kitchen-cabinets/|5|2|3|DOWN
cupboard cabinet texas|https://amishcabinetsoftexas.com/|6|6|0|EQ
custom amish cabinets houston|https://amishcabinetsoftexas.com/|1|1|0|EQ
custom amish kitchen cabinets tx|https://amishcabinetsoftexas.com/|1|1|0|EQ
custom bar cabinets houston|https://amishcabinetsoftexas.com/|24|17|7|DOWN
custom bar cabinets houston texas|https://amishcabinetsoftexas.com/|14|9|5|DOWN
custom bathroom cabinets houston|https://amishcabinetsoftexas.com/custom-cabinets-galleries/other-cabinets-gallery/houston-texas-custom-vanity/|19|18|1|DOWN
custom bathroom vanities houston|https://amishcabinetsoftexas.com/custom-cabinets-galleries/other-cabinets-gallery/houston-texas-custom-vanity/|15|19|4|UP
custom bathroom vanities houston texas|https://amishcabinetsoftexas.com/custom-cabinets-galleries/other-cabinets-gallery/houston-texas-custom-vanity/|15|20|5|UP
custom bathroom vanities katy tx|https://amishcabinetsoftexas.com/katy-tx-custom-vanity/|3|4|1|UP
custom bathroom vanities near me katy tx|https://amishcabinetsoftexas.com/katy-tx-custom-bathroom-vanities/|8|3|5|DOWN
custom built amish cabinets houston|https://amishcabinetsoftexas.com/|2|2|0|EQ
custom cabinents houston|https://amishcabinetsoftexas.com/|12|8|4|DOWN
custom cabinet builder houston|https://amishcabinetsoftexas.com/|12|6|6|DOWN
custom cabinet company houston tx|https://amishcabinetsoftexas.com/|13|8|5|DOWN
custom cabinet company katy tx|https://amishcabinetsoftexas.com/katy-tx-custom-kitchen-cabinets/|7|7|0|EQ
custom cabinet design houston|https://amishcabinetsoftexas.com/|22|16|6|DOWN
custom cabinet houston|https://amishcabinetsoftexas.com/|9|9|0|EQ
custom cabinet houston tx|https://amishcabinetsoftexas.com/|12|10|2|DOWN
custom cabinet  houston tx|https://amishcabinetsoftexas.com/|12|9|3|DOWN
custom cabinet maker houston|https://amishcabinetsoftexas.com/|10|7|3|DOWN
custom cabinet makers houston|https://amishcabinetsoftexas.com/|11|6|5|DOWN
custom cabinet makers houston texas|https://amishcabinetsoftexas.com/|11|6|5|DOWN
custom cabinet makers houston tx|https://amishcabinetsoftexas.com/|11|6|5|DOWN
custom cabinet makers near me|https://amishcabinetsoftexas.com/|10|7|3|DOWN
custom cabinet makers texas|https://amishcabinetsoftexas.com/|11|9|2|DOWN
custom cabinet making houston|https://amishcabinetsoftexas.com/|9|6|3|DOWN
custom cabinet making houston tx|https://amishcabinetsoftexas.com/|9|7|2|DOWN
custom cabinet manufacturer in houston|https://amishcabinetsoftexas.com/|10|8|2|DOWN
custom cabinet near houston|https://amishcabinetsoftexas.com/|13|9|4|DOWN
custom cabinetry company houston|https://amishcabinetsoftexas.com/|13|8|5|DOWN
custom cabinetry houston tx|https://amishcabinetsoftexas.com/|11|9|2|DOWN
custom cabinetry Memorial TX|https://amishcabinetsoftexas.com/buy-custom-kitchen-cabinets-memorial-tx/|4|6|2|UP
custom cabinetry Royal Oaks TX|https://amishcabinetsoftexas.com/royal-oaks-tx-custom-kitchen-cabinets/|2|1|1|DOWN
custom cabinetry West University Place TX|https://amishcabinetsoftexas.com/elegant-custom-cabinetry-created-by-expert-craftsmen-west-university-place-tx/|5|3|2|DOWN
custom cabinets cost houston tx|https://amishcabinetsoftexas.com/custom-cabinet-construction/houston-texas-amish-cabinets/houston-tx-cost-of-custom-cabinets/|12|8|4|DOWN
custom cabinets estimate houston tx|https://amishcabinetsoftexas.com/custom-cabinet-construction/houston-texas-amish-cabinets/houston-tx-cost-of-custom-cabinets/|15|10|5|DOWN
custom cabinets harris county|https://amishcabinetsoftexas.com/custom-cabinet-construction/houston-texas-custom-cabinet-makers/|10|9|1|DOWN
custom cabinet shop houston tx|https://amishcabinetsoftexas.com/|14|7|7|DOWN
custom cabinets houston|https://amishcabinetsoftexas.com/|12|8|4|DOWN
custom cabinets houston memorial tx|https://amishcabinetsoftexas.com/buy-custom-kitchen-cabinets-memorial-tx/|6|7|1|UP
custom cabinets houston tx|https://amishcabinetsoftexas.com/|9|8|1|DOWN
custom cabinets in houston texas|https://amishcabinetsoftexas.com/|11|9|2|DOWN
custom cabinets in spring tx|https://amishcabinetsoftexas.com/|16|14|2|DOWN
custom cabinets installation houston tx|https://amishcabinetsoftexas.com/|9|16|7|UP
custom cabinets katy tx|https://amishcabinetsoftexas.com/katy-tx-custom-kitchen-cabinets/|11|11|0|EQ
custom cabinets makers houston tx|https://amishcabinetsoftexas.com/|14|7|7|DOWN
custom cabinets maker texas|https://amishcabinetsoftexas.com/|16|10|6|DOWN
custom cabinets near houston|https://amishcabinetsoftexas.com/|12|9|3|DOWN
custom cabinets near me|https://amishcabinetsoftexas.com/|12|7|5|DOWN
custom cabinets price houston tx|https://amishcabinetsoftexas.com/custom-cabinet-construction/houston-texas-amish-cabinets/houston-tx-cost-of-custom-cabinets/|28|14|14|DOWN
custom cabinets quote houston tx|https://amishcabinetsoftexas.com/custom-cabinet-construction/houston-texas-amish-cabinets/houston-tx-cost-of-custom-cabinets/|19|18|1|DOWN
custom cabinets quote katy tx|https://amishcabinetsoftexas.com/katy-tx-amish-cabinet-makers/|23|9|14|DOWN
custome cabinets houston area|https://amishcabinetsoftexas.com/|10|7|3|DOWN
customer cabinets houston|https://amishcabinetsoftexas.com/|12|7|5|DOWN
custom kitchen cabinet houston|https://amishcabinetsoftexas.com/|15|1|14|DOWN
custom kitchen cabinet makers texas|https://amishcabinetsoftexas.com/|14|9|5|DOWN
custom kitchen cabinets houston|https://amishcabinetsoftexas.com/|8|7|1|DOWN
custom kitchen cabinets houston tx|https://amishcabinetsoftexas.com/|11|9|2|DOWN
custom kitchen cabinets in texas|https://amishcabinetsoftexas.com/|12|7|5|DOWN
custom kitchen cabinets Memorial|https://amishcabinetsoftexas.com/buy-custom-kitchen-cabinets-memorial-tx/|4|6|2|UP
custom kitchen cabinets texas|https://amishcabinetsoftexas.com/|15|7|8|DOWN
custom kitchen cupboards Houston, TX|https://amishcabinetsoftexas.com/|10|30|30|NEW
custom kitchen cupboards Memorial, TX|https://amishcabinetsoftexas.com/buy-custom-kitchen-cabinets-memorial-tx/|4|30|30|NEW
custom kitchen cupboards Royal Oaks, TX|https://amishcabinetsoftexas.com/buy-custom-kitchen-cabinets-royal-oaks-tx/|2|30|30|NEW
custom kitchen cupboards West University Place, TX|https://amishcabinetsoftexas.com/custom-kitchen-cupboards-west-university-place-tx/|3|30|30|NEW
custom kitchen islands West University Place TX|https://amishcabinetsoftexas.com/custom-kitchen-islands-west-university-tx/|1|1|0|EQ
custom kitchens katy tx|https://amishcabinetsoftexas.com/katy-tx-custom-kitchen-cabinets/|5|6|1|UP
custom made cabinets houston|https://amishcabinetsoftexas.com/|10|6|4|DOWN
custom made cabinets houston tx|https://amishcabinetsoftexas.com/|9|6|3|DOWN
custom made cabinets in texas|https://amishcabinetsoftexas.com/|15|8|7|DOWN
custom made cabinets katy tx|https://amishcabinetsoftexas.com/katy-tx-custom-kitchen-cabinets/|7|7|0|EQ
custom made kitchen cabinets houston|https://amishcabinetsoftexas.com/|10|7|3|DOWN
custom made kitchen cabinets houston tx|https://amishcabinetsoftexas.com/|11|7|4|DOWN
custom made vanities houston texas|https://amishcabinetsoftexas.com/custom-cabinets-galleries/other-cabinets-gallery/houston-texas-custom-vanity/|9|9|0|EQ
custom solid wood kitchen cabinets Royal Oaks, TX|https://amishcabinetsoftexas.com/custom-solid-wood-kitchen-cabinets-royal-oaks-tx/|2|30|30|NEW
custom storage cabinet amish texas|https://amishcabinetsoftexas.com/custom-cabinet-construction/houston-texas-custom-cabinet-makers/houston-tx-custom-storage-cabinet/|1|1|0|EQ
custom vanities houston texas|https://amishcabinetsoftexas.com/|20|14|6|DOWN
custom vanity cabinets houston tx|https://amishcabinetsoftexas.com/custom-cabinets-galleries/other-cabinets-gallery/houston-texas-custom-vanity/|17|16|1|DOWN
custom vanity companies houston|https://amishcabinetsoftexas.com/custom-cabinets-galleries/other-cabinets-gallery/houston-texas-custom-vanity/|10|10|0|EQ
custom vanity companies texas|https://amishcabinetsoftexas.com/custom-cabinets-galleries/other-cabinets-gallery/houston-texas-custom-vanity/|6|9|3|UP
custom vanity harris county texas|https://amishcabinetsoftexas.com/custom-cabinets-galleries/other-cabinets-gallery/houston-texas-custom-vanity/|5|6|1|UP
custom vanity houston texas|https://amishcabinetsoftexas.com/custom-cabinets-galleries/other-cabinets-gallery/houston-texas-custom-vanity/|7|8|1|UP
custom wine cabinets amish texas|https://amishcabinetsoftexas.com/custom-cabinet-construction/houston-texas-custom-cabinet-makers/houston-tx-custom-wine-cabinets/|1|1|0|EQ
custom wood cabinets amish texas|https://amishcabinetsoftexas.com/|1|1|0|EQ
custom wooden cabinets houston tx|https://amishcabinetsoftexas.com/|9|1|8|DOWN
cypress cabinets amish|https://amishcabinetsoftexas.com/|5|30|25|NEW
find cabinet makers houston tx|https://amishcabinetsoftexas.com/|10|9|1|DOWN
find cabinet makers near houston|https://amishcabinetsoftexas.com/|9|9|0|EQ
fine cabinetry houston tx|https://amishcabinetsoftexas.com/|18|14|4|DOWN
handcrafted cabinet design houston|https://amishcabinetsoftexas.com/custom-cabinets-galleries/houston-texas-custom-cabinet-design/|10|1|9|DOWN
hardwood cabinets store houston|https://amishcabinetsoftexas.com/custom-cabinet-construction/houston-texas-amish-kitchen-cabinets/houston-tx-solid-wood-kitchen-cabinets/|21|16|5|DOWN
harris county custom amish kitchen cabinets|https://amishcabinetsoftexas.com/custom-cabinet-construction/houston-texas-custom-cabinet-makers/|2|1|1|DOWN
harris county custom bathroom vanities|https://amishcabinetsoftexas.com/katy-tx-custom-bathroom-vanities/|3|3|0|EQ
harris county custom cabinet manufacturers|https://amishcabinetsoftexas.com/custom-cabinet-construction/houston-texas-custom-cabinet-makers/|8|5|3|DOWN
harris county texas custom vanity|https://amishcabinetsoftexas.com/custom-cabinets-galleries/other-cabinets-gallery/houston-texas-custom-vanity/|4|5|1|UP
harris county tx solid wood kitchen cabinets|https://amishcabinetsoftexas.com/custom-cabinet-construction/houston-texas-amish-kitchen-cabinets/houston-tx-solid-wood-kitchen-cabinets/|2|2|0|EQ
high end kitchen cabinets harris county texas|https://amishcabinetsoftexas.com/custom-cabinet-construction/houston-texas-amish-kitchen-cabinets/houston-tx-high-end-kitchen-cabinets/|22|18|4|DOWN
high end kitchen cabinets houston texas|https://amishcabinetsoftexas.com/|23|17|6|DOWN
high end kitchen design katy tx|https://amishcabinetsoftexas.com/katy-tx-high-end-kitchen-design/|4|4|0|EQ
hosuton master cabinets|https://amishcabinetsoftexas.com/custom-cabinet-construction/houston-texas-amish-kitchen-cabinets/houston-tx-kitchen-cabinet-company/|19|25|6|UP
houston amish bathroom vanity|https://amishcabinetsoftexas.com/|1|1|0|EQ
houston amish cabinet|https://amishcabinetsoftexas.com/|1|1|0|EQ
houston amish cabinet builders|https://amishcabinetsoftexas.com/|1|1|0|EQ
houston amish cabinet company|https://amishcabinetsoftexas.com/|1|1|0|EQ
houston amish cabinet makers|https://amishcabinetsoftexas.com/|1|1|0|EQ
houston amish cabinetry|https://amishcabinetsoftexas.com/|1|1|0|EQ
houston amish cabinets makers|https://amishcabinetsoftexas.com/|1|1|0|EQ
houston amish custom bathroom cabinets|https://amishcabinetsoftexas.com/|1|1|0|EQ
houston amish custom cabinets|https://amishcabinetsoftexas.com/|1|1|0|EQ
houston amish furniture maker|https://amishcabinetsoftexas.com/|2|1|1|DOWN
houston amish touch custom cabinetry|https://amishcabinetsoftexas.com/|3|3|0|EQ
houston bath cabinets|https://amishcabinetsoftexas.com/houston-tx-amish-bathroom-vanity-cabinets/|2|9|7|UP
houston bathroom cabinet maker|https://amishcabinetsoftexas.com/|8|9|1|UP
houston bathroom cabinets|https://amishcabinetsoftexas.com/houston-tx-amish-bathroom-vanity-cabinets/|4|8|4|UP
houston bathroom cabinets custom|https://amishcabinetsoftexas.com/custom-cabinets-galleries/bathroom-cabinets-gallery/|10|18|8|UP
houston built in bathroom cabinet|https://amishcabinetsoftexas.com/houston-tx-amish-bathroom-vanity-cabinets/|1|-6|7|DOWN
houston cabinet makers|https://amishcabinetsoftexas.com/|9|8|1|DOWN
houston cabinetry manufacturers|https://amishcabinetsoftexas.com/|15|12|3|DOWN
houston custom amish cabinets|https://amishcabinetsoftexas.com/|1|1|0|EQ
houston custom bathroom cabinets|https://amishcabinetsoftexas.com/custom-cabinets-galleries/other-cabinets-gallery/houston-texas-custom-vanity/|19|20|1|UP
houston custom bathroom vanities|https://amishcabinetsoftexas.com/custom-cabinet-construction/houston-texas-custom-cabinets/houston-tx-custom-bathroom-vanities/|20|19|1|DOWN
houston custom built in cabinets|https://amishcabinetsoftexas.com/|17|13|4|DOWN
houston custom cabinet|https://amishcabinetsoftexas.com/|9|6|3|DOWN
houston custom cabinet makers|https://amishcabinetsoftexas.com/|11|6|5|DOWN
houston custom cabinetry|https://amishcabinetsoftexas.com/|10|8|2|DOWN
houston custom cabinets|https://amishcabinetsoftexas.com/|12|10|2|DOWN
houston custom cabinets houston, tx|https://amishcabinetsoftexas.com/|13|8|5|DOWN
houston custome cabinets|https://amishcabinetsoftexas.com/|12|10|2|DOWN
houston custom kitchen|https://amishcabinetsoftexas.com/custom-cabinets-galleries/kitchen-cabinets-gallery/houston-texas-custom-kitchen-islands/|18|18|0|EQ
houston custom kitchen cabinet|https://amishcabinetsoftexas.com/|13|11|2|DOWN
houston custom kitchen cabinets|https://amishcabinetsoftexas.com/|13|10|3|DOWN
houston custom made kitchen cabinets|https://amishcabinetsoftexas.com/|8|7|1|DOWN
houston custom vanity cabinets|https://amishcabinetsoftexas.com/custom-cabinets-galleries/other-cabinets-gallery/houston-texas-custom-vanity/|18|16|2|DOWN
houston fine cabinetry|https://amishcabinetsoftexas.com/|15|13|2|DOWN
houston kitchen custom cabinets|https://amishcabinetsoftexas.com/|8|8|0|EQ
houston local cabinet maker near me|https://amishcabinetsoftexas.com/|11|8|3|DOWN
houston local cabinet makers|https://amishcabinetsoftexas.com/|12|7|5|DOWN
houston solid wood cabinet builders|https://amishcabinetsoftexas.com/custom-cabinet-construction/houston-texas-custom-cabinet-makers/houston-tx-solid-wood-cabinets/|10|8|2|DOWN
houston solid wood cabinets|https://amishcabinetsoftexas.com/custom-cabinet-construction/houston-texas-amish-kitchen-cabinets/houston-tx-solid-wood-kitchen-cabinets/|8|6|2|DOWN
houston texas amish cabinet makers|https://amishcabinetsoftexas.com/|1|1|0|EQ
houston texas amish cabinets|https://amishcabinetsoftexas.com/|1|1|0|EQ
houston texas amish kitchen cabinets|https://amishcabinetsoftexas.com/|1|1|0|EQ
houston texas cabintry|https://amishcabinetsoftexas.com/|27|30|3|NEW
houston texas custom cabinet design|https://amishcabinetsoftexas.com/|14|10|4|DOWN
houston texas custom cabinet makers|https://amishcabinetsoftexas.com/|11|6|5|DOWN
houston texas custom cabinets|https://amishcabinetsoftexas.com/|10|8|2|DOWN
houston texas custom kitchen cabinet|https://amishcabinetsoftexas.com/|13|1|12|DOWN
houston texas custom kitchen islands|https://amishcabinetsoftexas.com/|1|1|0|EQ
houston texas custom kitchens|https://amishcabinetsoftexas.com/|9|7|2|DOWN
houston texas custom vanity|https://amishcabinetsoftexas.com/custom-cabinets-galleries/other-cabinets-gallery/houston-texas-custom-vanity/|6|8|2|UP
houston texas high end kitchen cabinets|https://amishcabinetsoftexas.com/custom-cabinet-construction/houston-texas-amish-kitchen-cabinets/houston-tx-high-end-kitchen-cabinets/|23|18|5|DOWN
houston texas kitchen cabinet makers|https://amishcabinetsoftexas.com/|13|8|5|DOWN
houston texas luxury kitchen|https://amishcabinetsoftexas.com/custom-cabinet-construction/houston-texas-amish-kitchen-cabinets/houston-tx-luxury-kitchen-cabinets/|1|-1|2|DOWN
houston texas luxury kitchen cabinets|https://amishcabinetsoftexas.com/custom-cabinet-construction/houston-texas-amish-kitchen-cabinets/houston-tx-luxury-kitchen-cabinets/|8|30|22|NEW
houston texas quality kitchen cabinets|https://amishcabinetsoftexas.com/custom-cabinets-galleries/houston-tx-quality-custom-cabinetry/|18|13|5|DOWN
houston texas quality kitchens|https://amishcabinetsoftexas.com/custom-cabinets-galleries/houston-tx-quality-custom-cabinetry/|9|12|3|UP
houston texas solid wood cabinets|https://amishcabinetsoftexas.com/custom-cabinet-construction/houston-texas-amish-kitchen-cabinets/houston-tx-solid-wood-kitchen-cabinets/|4|5|1|UP
houston texas wood kitchen cabinets|https://amishcabinetsoftexas.com/custom-cabinet-construction/houston-texas-amish-kitchen-cabinets/houston-tx-solid-wood-kitchen-cabinets/|15|13|2|DOWN
houston texas wood mode cabinets|https://amishcabinetsoftexas.com/custom-cabinet-construction/houston-texas-custom-cabinet-makers/houston-tx-wood-mode-cabinets/|4|6|2|UP
houston tx affordable custom cabinets|https://amishcabinetsoftexas.com/custom-cabinet-construction/houston-texas-custom-cabinets/houston-tx-affordable-custom-cabinets/|10|7|3|DOWN
houston tx all wood cabinetry|https://amishcabinetsoftexas.com/custom-cabinet-construction/houston-texas-custom-cabinets/houston-tx-all-wood-cabinetry/|6|9|3|UP
houston tx all wood kitchen cabinets|https://amishcabinetsoftexas.com/custom-cabinet-construction/houston-texas-amish-kitchen-cabinets/houston-tx-solid-wood-kitchen-cabinets/|6|6|0|EQ
houston tx amish cabinet company|https://amishcabinetsoftexas.com/|1|1|0|EQ
houston tx amish cabinet maker|https://amishcabinetsoftexas.com/|1|1|0|EQ
houston tx amish cabinet makers|https://amishcabinetsoftexas.com/|1|1|0|EQ
houston tx amish cabinets|https://amishcabinetsoftexas.com/|1|1|0|EQ
houston tx amish corner cabinet|https://amishcabinetsoftexas.com/|1|1|0|EQ
houston tx best american made kitchen cabinets|https://amishcabinetsoftexas.com/custom-cabinet-construction/houston-texas-amish-kitchen-cabinets/houston-tx-best-american-made-kitchen-cabinets/|4|2|2|DOWN
houston tx best kitchen cabinets|https://amishcabinetsoftexas.com/custom-cabinet-construction/houston-texas-amish-kitchen-cabinets/houston-tx-best-semi-custom-kitchen-cabinets/|28|27|1|DOWN
houston tx best semi custom kitchen cabinets|https://amishcabinetsoftexas.com/custom-cabinet-construction/houston-texas-amish-kitchen-cabinets/houston-tx-best-semi-custom-kitchen-cabinets/|1|2|1|UP
houston tx cabinet craftsman|https://amishcabinetsoftexas.com/houston-tx-craftsman-style-kitchen-cabinets/|1|12|11|UP
houston tx cabinet makers|https://amishcabinetsoftexas.com/|11|6|5|DOWN
houston tx cabinetry|https://amishcabinetsoftexas.com/|26|16|10|DOWN
houston tx cost of custom cabinets|https://amishcabinetsoftexas.com/custom-cabinet-construction/houston-texas-amish-cabinets/houston-tx-cost-of-custom-cabinets/|8|6|2|DOWN
houston tx craftsman kitchen cabinets|https://amishcabinetsoftexas.com/houston-tx-craftsman-style-kitchen-cabinets/|2|1|1|DOWN
houston tx craftsman style cabinets|https://amishcabinetsoftexas.com/houston-tx-craftsman-style-kitchen-cabinets/|2|2|0|EQ
Houston TX craftsman style kitchen cabinets|https://amishcabinetsoftexas.com/houston-tx-craftsman-style-kitchen-cabinets/|2|1|1|DOWN
houston tx creative custom cabinets|https://amishcabinetsoftexas.com/our-work/|13|14|1|UP
houston tx custom bathroom cabinets|https://amishcabinetsoftexas.com/custom-cabinets-galleries/other-cabinets-gallery/houston-texas-custom-vanity/|17|17|0|EQ
houston tx custom bathroom vanities|https://amishcabinetsoftexas.com/custom-cabinets-galleries/other-cabinets-gallery/houston-texas-custom-vanity/|19|17|2|DOWN
houston tx custom built cabinets|https://amishcabinetsoftexas.com/|11|8|3|DOWN
houston tx custom cabinet builders|https://amishcabinetsoftexas.com/|12|7|5|DOWN
houston tx custom cabinet builders near me|https://amishcabinetsoftexas.com/|11|10|1|DOWN
houston tx custom cabinet makers near me|https://amishcabinetsoftexas.com/|10|9|1|DOWN
houston tx custom cabinetry|https://amishcabinetsoftexas.com/|12|8|4|DOWN
houston tx custom cabinets for office|https://amishcabinetsoftexas.com/houston-texas-custom-office-cabinets/|13|1|12|DOWN
houston tx custom cabinet shop|https://amishcabinetsoftexas.com/|13|7|6|DOWN
houston tx custom cabinet shop near me|https://amishcabinetsoftexas.com/|13|8|5|DOWN
houston tx custom cabinet shops near me|https://amishcabinetsoftexas.com/|12|11|1|DOWN
houston tx custom cabinets near me|https://amishcabinetsoftexas.com/|10|9|1|DOWN
houston tx custom cupboards kitchen cabinets|https://amishcabinetsoftexas.com/|8|4|4|DOWN
houston tx custom gun cabinets|https://amishcabinetsoftexas.com/custom-cabinet-construction/houston-texas-custom-cabinet-makers/houston-tx-custom-gun-cabinets/|2|2|0|EQ
houston tx custom kitchen cabinet|https://amishcabinetsoftexas.com/|11|1|10|DOWN
houston tx custom kitchen cabinets|https://amishcabinetsoftexas.com/|11|7|4|DOWN
houston tx custom kitchen cabinets near me|https://amishcabinetsoftexas.com/|11|11|0|EQ
houston tx custom kitchens|https://amishcabinetsoftexas.com/|11|8|3|DOWN
houston tx custom made cabinets|https://amishcabinetsoftexas.com/|10|7|3|DOWN
houston tx custom storage cabinet|https://amishcabinetsoftexas.com/custom-cabinet-construction/houston-texas-custom-cabinet-makers/houston-tx-custom-storage-cabinet/|4|3|1|DOWN
houston tx custom wood cabinets|https://amishcabinetsoftexas.com/|6|6|0|EQ
houston tx hardwood cabinets|https://amishcabinetsoftexas.com/custom-cabinet-construction/houston-texas-amish-kitchen-cabinets/houston-tx-solid-wood-kitchen-cabinets/|9|7|2|DOWN
houston tx high end cabinets|https://amishcabinetsoftexas.com/|23|9|14|DOWN
houston tx high end custom cabinetry manufacturers|https://amishcabinetsoftexas.com/|13|9|4|DOWN
houston tx high end kitchen cabinets|https://amishcabinetsoftexas.com/custom-cabinet-construction/houston-texas-amish-kitchen-cabinets/houston-tx-high-end-kitchen-cabinets/|27|21|6|DOWN
houston tx kitchen cabinet company|https://amishcabinetsoftexas.com/|18|12|6|DOWN
houston tx kitchen cabinet makers|https://amishcabinetsoftexas.com/|13|6|7|DOWN
houston tx kitchen custom cabinets|https://amishcabinetsoftexas.com/|10|7|3|DOWN
houston tx luxury kitchen|https://amishcabinetsoftexas.com/custom-cabinet-construction/houston-texas-amish-kitchen-cabinets/houston-tx-luxury-kitchen-cabinets/|15|12|3|DOWN
houston tx luxury kitchen cabinets|https://amishcabinetsoftexas.com/custom-cabinet-construction/houston-texas-amish-kitchen-cabinets/houston-tx-luxury-kitchen-cabinets/|10|7|3|DOWN
houston tx luxury kitchen design|https://amishcabinetsoftexas.com/custom-cabinet-construction/houston-texas-amish-kitchen-cabinets/houston-tx-luxury-kitchen-design/|13|20|7|UP
houston tx quality custom cabinetry|https://amishcabinetsoftexas.com/custom-cabinets-galleries/houston-tx-quality-custom-cabinetry/|3|5|2|UP
houston tx quality kitchen cabinets|https://amishcabinetsoftexas.com/custom-cabinets-galleries/houston-tx-quality-custom-cabinetry/|21|12|9|DOWN
houston tx quality kitchens|https://amishcabinetsoftexas.com/custom-cabinet-construction/houston-texas-amish-kitchen-cabinets/houston-tx-quality-kitchens/|3|2|1|DOWN
houston tx restroom cabinet|https://amishcabinetsoftexas.com/custom-cabinets-galleries/bathroom-cabinets-gallery/|1|3|2|UP
houston tx semi-custom kitchen cabinets|https://amishcabinetsoftexas.com/custom-cabinet-construction/houston-texas-amish-kitchen-cabinets/houston-tx-best-semi-custom-kitchen-cabinets/|1|2|1|UP
houston tx solid wood cabinets|https://amishcabinetsoftexas.com/custom-cabinet-construction/houston-texas-amish-kitchen-cabinets/houston-tx-solid-wood-kitchen-cabinets/|7|5|2|DOWN
houston tx solid wood kitchen cabinets|https://amishcabinetsoftexas.com/custom-cabinet-construction/houston-texas-amish-kitchen-cabinets/houston-tx-solid-wood-kitchen-cabinets/|6|5|1|DOWN
houston tx solid wood kitchen cabinets near me|https://amishcabinetsoftexas.com/custom-cabinet-construction/houston-texas-amish-kitchen-cabinets/houston-tx-solid-wood-kitchen-cabinets/|13|11|2|DOWN
houston tx wood mode cabinets|https://amishcabinetsoftexas.com/custom-cabinet-construction/houston-texas-custom-cabinet-makers/houston-tx-wood-mode-cabinets/|5|5|0|EQ
houston wood amish cabinets|https://amishcabinetsoftexas.com/|1|1|0|EQ
katy kitchen cabinets|https://amishcabinetsoftexas.com/katy-tx-custom-kitchen-cabinets/|11|8|3|DOWN
Katy TX advanced amish custom cabinets|https://amishcabinetsoftexas.com/katy-tx-advanced-custom-cabinets/|1|1|0|EQ
Katy TX advanced custom cabinets|https://amishcabinetsoftexas.com/katy-tx-advanced-custom-cabinets/|1|2|1|UP
Katy TX affordable custom cabinets|https://amishcabinetsoftexas.com/katy-tx-custom-kitchen-cabinets/|3|3|0|EQ
Katy TX all wood cabinetry|https://amishcabinetsoftexas.com/katy-tx-all-wood-cabinetry/|1|1|0|EQ
Katy TX all wood kitchen cabinets|https://amishcabinetsoftexas.com/katy-tx-all-wood-kitchen-cabinets/|3|2|1|DOWN
Katy TX amish cabinet makers|https://amishcabinetsoftexas.com/katy-tx-amish-cabinet-makers/|2|2|0|EQ
Katy TX amish cabinets|https://amishcabinetsoftexas.com/katy-tx-amish-cabinets/|2|1|1|DOWN
Katy TX amish corner cabinet|https://amishcabinetsoftexas.com/katy-tx-amish-corner-cabinet/|1|1|0|EQ
Katy TX amish custom kitchens|https://amishcabinetsoftexas.com/katy-tx-custom-kitchen-cabinets/|1|1|0|EQ
Katy TX amish custom made cabinets|https://amishcabinetsoftexas.com/katy-tx-custom-kitchen-cabinets/|2|1|1|DOWN
Katy TX amish kitchen cabinets|https://amishcabinetsoftexas.com/|1|1|0|EQ
Katy TX amish made kitchen cabinets|https://amishcabinetsoftexas.com/katy-tx-custom-kitchen-cabinets/|2|2|0|EQ
Katy TX amish solid wood bathroom cabinet|https://amishcabinetsoftexas.com/katy-tx-solid-wood-bathroom-cabinet/|1|2|1|UP
Katy TX amish style kitchen cabinets|https://amishcabinetsoftexas.com/katy-tx-amish-kitchen-cabinets/|2|1|1|DOWN
Katy TX bathroom cabinet makers|https://amishcabinetsoftexas.com/katy-tx-custom-bathroom-cabinets/|6|6|0|EQ
Katy TX best bathroom cabinets|https://amishcabinetsoftexas.com/brilliant-katy-tx-best-bathroom-cabinets/|5|10|5|UP
Katy TX best cabinets|https://amishcabinetsoftexas.com/katy-tx-best-kitchen-cabinets/|14|11|3|DOWN
Katy TX best kitchen cabinets|https://amishcabinetsoftexas.com/katy-tx-custom-kitchen-cabinets/|9|11|2|UP
Katy TX best quality kitchen cabinets|https://amishcabinetsoftexas.com/katy-tx-custom-kitchen-cabinets/|6|5|1|DOWN
Katy TX cabinets near me|https://amishcabinetsoftexas.com/katy-tx-kitchen-cabinets-near-me/|11|14|3|UP
Katy TX craftsman kitchen cabinets|https://amishcabinetsoftexas.com/katy-tx-craftsman-kitchen-cabinets/|1|2|1|UP
Katy TX craftsman style cabinets|https://amishcabinetsoftexas.com/katy-tx-craftsman-style-cabinets/|1|1|0|EQ
Katy TX craftsman style kitchen cabinets|https://amishcabinetsoftexas.com/katy-tx-craftsman-style-cabinets/|2|1|1|DOWN
Katy TX custom bathroom vanities|https://amishcabinetsoftexas.com/katy-tx-custom-vanity/|3|4|1|UP
Katy TX custom bathroom vanities near me|https://amishcabinetsoftexas.com/katy-tx-custom-bathroom-vanities/|7|4|3|DOWN
Katy TX custom built kitchen cabinets|https://amishcabinetsoftexas.com/katy-tx-custom-kitchen-cabinets/|3|3|0|EQ
Katy TX custom cabinet builders|https://amishcabinetsoftexas.com/katy-tx-custom-kitchen-cabinets/|8|9|1|UP
Katy TX custom cabinet company|https://amishcabinetsoftexas.com/katy-tx-custom-kitchen-cabinets/|7|7|0|EQ
Katy TX custom cabinet design|https://amishcabinetsoftexas.com/katy-tx-custom-kitchen-cabinets/|7|8|1|UP
Katy TX custom cabinetry|https://amishcabinetsoftexas.com/katy-tx-custom-kitchen-cabinets/|9|9|0|EQ
Katy TX custom cabinet shops near me|https://amishcabinetsoftexas.com/katy-tx-custom-cabinet-shops-near-me/|7|8|1|UP
Katy TX custom cabinets near me|https://amishcabinetsoftexas.com/katy-tx-kitchen-cabinets-near-me/|8|9|1|UP
Katy TX custom gun cabinets|https://amishcabinetsoftexas.com/katy-tx-custom-gun-cabinets/|1|1|0|EQ
Katy TX custom home office cabinetry|https://amishcabinetsoftexas.com/katy-texas-custom-office-cabinets/|2|3|1|UP
Katy TX custom kitchen design|https://amishcabinetsoftexas.com/katy-tx-custom-kitchen-cabinets/|5|6|1|UP
Katy TX custom kitchen islands|https://amishcabinetsoftexas.com/katy-tx-custom-kitchen-islands/|2|2|0|EQ
Katy TX custom kitchens|https://amishcabinetsoftexas.com/katy-tx-custom-kitchen-cabinets/|5|5|0|EQ
Katy TX custom made cabinets|https://amishcabinetsoftexas.com/katy-tx-custom-kitchen-cabinets/|7|7|0|EQ
Katy TX custom made cabinets near me|https://amishcabinetsoftexas.com/katy-tx-custom-cabinet-shops-near-me/|15|6|9|DOWN
Katy TX custom made kitchen cabinets|https://amishcabinetsoftexas.com/katy-tx-custom-kitchen-cabinets/|4|4|0|EQ
Katy TX custom storage cabinet|https://amishcabinetsoftexas.com/katy-tx-custom-storage-cabinet/|4|7|3|UP
Katy TX custom vanity|https://amishcabinetsoftexas.com/katy-tx-custom-bathroom-vanities/|2|2|0|EQ
Katy TX hardwood cabinets|https://amishcabinetsoftexas.com/katy-tx-all-wood-kitchen-cabinets/|7|4|3|DOWN
Katy TX high end kitchen design|https://amishcabinetsoftexas.com/katy-tx-high-end-kitchen-design/|2|5|3|UP
Katy TX kitchen cabinets and islands|https://amishcabinetsoftexas.com/katy-tx-custom-kitchen-islands/|3|4|1|UP
Katy TX kitchen cabinets near me|https://amishcabinetsoftexas.com/katy-tx-kitchen-cabinets-near-me/|11|7|4|DOWN
Katy TX luxury kitchen|https://amishcabinetsoftexas.com/katy-tx-luxury-kitchen-cabinets/|1|30|29|NEW
Katy TX luxury kitchen cabinets|https://amishcabinetsoftexas.com/katy-tx-luxury-kitchen-cabinets/|2|6|4|UP
Katy TX new kitchen cabinets|https://amishcabinetsoftexas.com/katy-tx-custom-kitchen-cabinets/|5|6|1|UP
Katy TX quality custom cabinetry|https://amishcabinetsoftexas.com/katy-tx-custom-built-wood-kitchen-cabinets/|4|8|4|UP
Katy TX quality kitchen cabinets|https://amishcabinetsoftexas.com/katy-tx-custom-kitchen-cabinets/|6|5|1|DOWN
Katy TX Solid Kitchen Cabinets|https://amishcabinetsoftexas.com/katy-tx-solid-wood-cabinets/|4|6|2|UP
Katy TX solid wood bathroom cabinet|https://amishcabinetsoftexas.com/katy-tx-solid-wood-bathroom-cabinet/|3|2|1|DOWN
Katy TX Solid Wood Cabinets|https://amishcabinetsoftexas.com/katy-tx-solid-wood-cabinets-near-me/|3|2|1|DOWN
Katy TX solid wood cabinets near me|https://amishcabinetsoftexas.com/katy-tx-solid-wood-cabinets-near-me/|2|7|5|UP
Katy TX wood kitchen cabinets|https://amishcabinetsoftexas.com/katy-tx-all-wood-kitchen-cabinets/|6|4|2|DOWN
Katy TX wood mode cabinets|https://amishcabinetsoftexas.com/katy-tx-wood-mode-cabinets/|2|1|1|DOWN
kitchen and bath cabinets amish texas|https://amishcabinetsoftexas.com/katy-tx-kitchen-and-bath-cabinets/|1|1|0|EQ
kitchen and bathroom cabinets Katy, TX|https://amishcabinetsoftexas.com/katy-tx-custom-kitchen-cabinets/|11|30|30|NEW
kitchen and bathroom cabinets Memorial, TX|https://amishcabinetsoftexas.com/kitchen-and-bathroom-cabinets-memorial-tx/|3|30|30|NEW
kitchen and bathroom cabinets River Oaks, Tx|https://amishcabinetsoftexas.com/custom-kitchen-cupboards-royal-oaks-tx/|28|30|30|NEW
kitchen and bathroom cabinets West University Place, TX|https://amishcabinetsoftexas.com/succeed-and-buy-custom-kitchen-cabinets-west-university-place-tx/|15|30|30|NEW
kitchen cabinet maker houston area|https://amishcabinetsoftexas.com/|9|5|4|DOWN
kitchen cabinet maker houston tx|https://amishcabinetsoftexas.com/|7|6|1|DOWN
kitchen cabinet maker in houston tx|https://amishcabinetsoftexas.com/|12|7|5|DOWN
kitchen cabinet makers|https://amishcabinetsoftexas.com/|11|10|1|DOWN
kitchen cabinet makers houston texas|https://amishcabinetsoftexas.com/|8|5|3|DOWN
kitchen cabinet makers houston tx|https://amishcabinetsoftexas.com/|12|5|7|DOWN
kitchen cabinet manufactures  houston tx|https://amishcabinetsoftexas.com/|14|9|5|DOWN
kitchen cabinets and islands houston tx|https://amishcabinetsoftexas.com/custom-cabinets-galleries/kitchen-cabinets-gallery/houston-texas-custom-kitchen-islands/|2|3|1|UP
kitchen cabinets and islands katy tx|https://amishcabinetsoftexas.com/katy-tx-custom-kitchen-islands/|3|3|0|EQ
kitchen cabinets katy tx|https://amishcabinetsoftexas.com/katy-tx-custom-kitchen-cabinets/|8|8|0|EQ
local cabinet makers harris county tx|https://amishcabinetsoftexas.com/custom-cabinet-construction/houston-texas-custom-cabinet-makers/houston-tx-custom-cabinet-builders/|21|30|9|NEW
local cabinet makers near houston|https://amishcabinetsoftexas.com/|30|22|8|DOWN
luxury kitchen cabinets houston texas|https://amishcabinetsoftexas.com/custom-cabinet-construction/houston-texas-amish-kitchen-cabinets/houston-tx-luxury-kitchen-cabinets/|12|14|2|UP
luxury kitchen harris county texas|https://amishcabinetsoftexas.com/custom-cabinet-construction/houston-texas-amish-kitchen-cabinets/houston-tx-luxury-kitchen-cabinets/|9|12|3|UP
luxury kitchen houston texas|https://amishcabinetsoftexas.com/custom-cabinet-construction/houston-texas-amish-kitchen-cabinets/houston-tx-luxury-kitchen-cabinets/|18|18|0|EQ
maker's cabinet  houston tx|https://amishcabinetsoftexas.com/|1|6|5|UP
manufacturers of kitchen cabinets houston|https://amishcabinetsoftexas.com/|1|1|0|EQ
master cabinets houston|https://amishcabinetsoftexas.com/custom-cabinet-construction/houston-texas-amish-kitchen-cabinets/houston-tx-kitchen-cabinet-company/|23|13|10|DOWN
production cabinets  houston tx|https://amishcabinetsoftexas.com/|2|1|1|DOWN
quality kitchen cabinets houston texas|https://amishcabinetsoftexas.com/custom-cabinet-construction/houston-texas-amish-kitchen-cabinets/houston-tx-best-semi-custom-kitchen-cabinets/|23|15|8|DOWN
River Oaks TX custom bathroom vanities|https://amishcabinetsoftexas.com/amish-made-cabinets-river-oaks-tx/|6|14|8|UP
River Oaks TX custom kitchen cabinets|https://amishcabinetsoftexas.com/amish-made-cabinets-river-oaks-tx/|5|8|3|UP
River Oaks TX custom kitchen islands|https://amishcabinetsoftexas.com/html-sitemap/|12|1|11|DOWN
River Oaks TX kitchen cabinets near me|https://amishcabinetsoftexas.com/river-oaks-tx-kitchen-cabinets-near-me/|2|2|0|EQ
Royal Oaks TX custom bathroom vanities|https://amishcabinetsoftexas.com/custom-solid-wood-kitchen-cabinets-royal-oaks-tx/|2|3|1|UP
Royal Oaks TX custom kitchen cabinets|https://amishcabinetsoftexas.com/royal-oaks-tx-custom-kitchen-cabinets/|2|2|0|EQ
Royal Oaks TX custom kitchen islands|https://amishcabinetsoftexas.com/royal-oaks-tx-custom-kitchen-cabinets/|2|1|1|DOWN
Royal Oaks TX kitchen cabinets near me|https://amishcabinetsoftexas.com/custom-solid-wood-kitchen-cabinets-royal-oaks-tx/|2|2|0|EQ
semi custom cabinets houston|https://amishcabinetsoftexas.com/custom-cabinet-construction/houston-texas-amish-kitchen-cabinets/houston-tx-best-semi-custom-kitchen-cabinets/|3|3|0|EQ
semi custom kitchen cabinets houston|https://amishcabinetsoftexas.com/custom-cabinet-construction/houston-texas-amish-kitchen-cabinets/houston-tx-best-semi-custom-kitchen-cabinets/|2|2|0|EQ
showcase cabinets houston tx|https://amishcabinetsoftexas.com/custom-cabinet-construction/houston-texas-amish-kitchen-cabinets/houston-tx-high-end-kitchen-cabinets/|20|30|10|NEW
solid cabinets houston tx|https://amishcabinetsoftexas.com/custom-cabinet-construction/houston-texas-amish-kitchen-cabinets/houston-tx-solid-wood-kitchen-cabinets/|4|10|6|UP
Solid Kitchen Cabinets katy tx|https://amishcabinetsoftexas.com/katy-tx-solid-wood-cabinets/|5|6|1|UP
Solid Kitchen Cabinets south texas|https://amishcabinetsoftexas.com/custom-cabinet-construction/houston-texas-amish-kitchen-cabinets/houston-tx-solid-wood-kitchen-cabinets/|1|-6|7|DOWN
solid wood bathroom cabinet katy tx|https://amishcabinetsoftexas.com/katy-tx-solid-wood-bathroom-cabinet/|2|1|1|DOWN
solid wood cabinets harris county|https://amishcabinetsoftexas.com/custom-cabinet-construction/houston-texas-amish-kitchen-cabinets/houston-tx-solid-wood-kitchen-cabinets/|26|13|13|DOWN
solid wood cabinets houston|https://amishcabinetsoftexas.com/custom-cabinet-construction/houston-texas-amish-kitchen-cabinets/houston-tx-solid-wood-kitchen-cabinets/|9|7|2|DOWN
solid wood cabinets houston area|https://amishcabinetsoftexas.com/custom-cabinet-construction/houston-texas-amish-kitchen-cabinets/houston-tx-solid-wood-kitchen-cabinets/|3|4|1|UP
solid wood cabinets houston texas|https://amishcabinetsoftexas.com/custom-cabinet-construction/houston-texas-amish-kitchen-cabinets/houston-tx-solid-wood-kitchen-cabinets/|6|5|1|DOWN
Solid Wood Cabinets katy tx|https://amishcabinetsoftexas.com/katy-tx-solid-wood-cabinets-near-me/|3|2|1|DOWN
solid wood cabinets Memorial TX|https://amishcabinetsoftexas.com/solid-wood-cabinets-memorial-tx/|2|1|1|DOWN
solid wood cabinets near me houston tx|https://amishcabinetsoftexas.com/|7|13|6|UP
solid wood cabinets near me katy tx|https://amishcabinetsoftexas.com/katy-tx-solid-wood-cabinets-near-me/|1|8|7|UP
solid wood cabinets River Oaks TX|https://amishcabinetsoftexas.com/amish-made-cabinets-river-oaks-tx/|2|1|1|DOWN
solid wood cabinets Royal Oaks TX|https://amishcabinetsoftexas.com/custom-solid-wood-kitchen-cabinets-royal-oaks-tx/|1|1|0|EQ
solid wood cabinets West University Place TX|https://amishcabinetsoftexas.com/solid-wood-cabinets-west-university-tx-2/|1|1|0|EQ
texas amish cabinets|https://amishcabinetsoftexas.com/|1|1|0|EQ
texas bathroom cabinetry|https://amishcabinetsoftexas.com/custom-cabinets-galleries/bathroom-cabinets-gallery/|28|22|6|DOWN
texas cabinet makers|https://amishcabinetsoftexas.com/|15|9|6|DOWN
texas cabinet makers harris county|https://amishcabinetsoftexas.com/custom-cabinet-construction/houston-texas-custom-cabinet-makers/|6|4|2|DOWN
texas cabinets|https://amishcabinetsoftexas.com/|14|9|5|DOWN
texas custom bathroom cabinets|https://amishcabinetsoftexas.com/custom-cabinets-galleries/other-cabinets-gallery/houston-texas-custom-vanity/|10|12|2|UP
TX all wood cabinetry fort bend tx|https://amishcabinetsoftexas.com/katy-tx-all-wood-cabinetry/|8|10|2|UP
TX all wood cabinetry katy tx|https://amishcabinetsoftexas.com/katy-tx-all-wood-cabinetry/|1|2|1|UP
tx cabinets|https://amishcabinetsoftexas.com/|18|15|3|DOWN
West University Place TX custom bathroom vanities|https://amishcabinetsoftexas.com/html-sitemap/|19|23|4|UP
West University Place TX custom kitchen cabinets|https://amishcabinetsoftexas.com/succeed-and-buy-custom-kitchen-cabinets-west-university-place-tx/|7|4|3|DOWN
West University Place TX kitchen cabinets near me|https://amishcabinetsoftexas.com/succeed-and-buy-custom-kitchen-cabinets-west-university-place-tx/|11|30|19|NEW
will custom cabinets near|https://amishcabinetsoftexas.com/|9|5|4|DOWN
wood cabinets houston tx|https://amishcabinetsoftexas.com/custom-cabinet-construction/houston-texas-amish-kitchen-cabinets/houston-tx-solid-wood-kitchen-cabinets/|15|10|5|DOWN
wood kitchen cabinets houston texas|https://amishcabinetsoftexas.com/custom-cabinet-construction/houston-texas-amish-kitchen-cabinets/houston-tx-solid-wood-kitchen-cabinets/|14|10|4|DOWN
