best online invitations Houston TX|https://eliaspaperco.com/articles/online-invitations-houston-tx/|1|1|0|EQ
best wedding invitations Houston TX|https://eliaspaperco.com/articles/clear-wedding-invitations-houston-tx/|9|10|1|UP
black and white wedding invitation Houston TX|https://eliaspaperco.com/articles/black-and-white-wedding-invitation-houston-tx/|1|1|0|EQ
blank wedding invitations Houston TX|https://eliaspaperco.com/articles/blank-wedding-invitations-houston-tx/|2|10|8|UP
classic wedding invitations Houston TX|https://eliaspaperco.com/articles/classic-wedding-invitations-houston-tx/|7|7|0|EQ
clear wedding invitations Houston TX|https://eliaspaperco.com/articles/clear-wedding-invitations-houston-tx/|1|1|0|EQ
create invitaion online Houston TX|https://eliaspaperco.com/articles/online-invitations-houston-tx/|2|1|1|DOWN
create invitation online Houston TX|https://eliaspaperco.com/articles/online-invitations-houston-tx/|2|1|1|DOWN
create invitations Clear Lake TX|https://eliaspaperco.com/articles/custom-invitations-clear-lake-tx/|1|1|0|EQ
create invitations Houston TX|https://eliaspaperco.com/articles/invitation-maker-houston-tx/|11|1|10|DOWN
create wedding invitations Houston TX|https://eliaspaperco.com/|1|11|10|UP
custom invitation printing Houston TX|https://eliaspaperco.com/articles/custom-invitation-printing-houston-tx/|6|7|1|UP
custom invitations Clear Lake TX|https://eliaspaperco.com/|1|1|0|EQ
custom invitations Houston TX|https://eliaspaperco.com/articles/clear-wedding-invitations-houston-tx/|10|9|1|DOWN
custom invitations League City TX|https://eliaspaperco.com/|1|1|0|EQ
custom invitations online Houston TX|https://eliaspaperco.com/articles/online-invitations-houston-tx/|5|6|1|UP
custom invitations Spring TX|http://www.eliaspaperco.com/|1|1|0|EQ
custom invitations The Woodlands TX|http://www.eliaspaperco.com/|1|1|0|EQ
Custom online save the dates Houston TX|https://eliaspaperco.com/articles/save-the-date-online-houston-tx/|1|0|29|NEW
Custom online wedding invitations Houston TX|https://eliaspaperco.com/articles/online-invitations-houston-tx/|7|0|23|NEW
custom thank you cards Clear Lake TX|https://eliaspaperco.com/articles/custom-thank-you-cards-clear-lake-tx/|1|1|0|EQ
custom thank you cards Houston TX|https://eliaspaperco.com/articles/wedding-thank-you-cards-houston-tx/|7|7|0|EQ
custom wedding invitations Clear Lake TX|https://eliaspaperco.com/|1|1|0|EQ
custom wedding invitations houston tx|https://eliaspaperco.com/articles/clear-wedding-invitations-houston-tx/|11|11|0|EQ
custom wedding invitations League City TX|https://eliaspaperco.com/|1|1|0|EQ
custom wedding invitations Spring TX|http://www.eliaspaperco.com/|1|1|0|EQ
custom wedding invitations texas|http://www.eliaspaperco.com/|1|30|29|UP
custom wedding invitations The Woodlands TX|http://www.eliaspaperco.com/|1|1|0|EQ
details card for wedding invitation Houston TX|https://eliaspaperco.com/articles/custom-wedding-invitations-houston-tx/|9|12|3|UP
elegant invitations Houston TX|https://eliaspaperco.com/articles/elegant-invitations-houston-tx/|7|5|2|DOWN
elegant wedding invitations 77024|https://eliaspaperco.com/articles/elegant-wedding-invitations-houston-tx/|3|8|5|UP
elegant wedding invitations 77027|https://eliaspaperco.com/articles/elegant-wedding-invitations-77027/|2|1|1|DOWN
elegant wedding invitations 77056|https://eliaspaperco.com/articles/elegant-wedding-invitations-77056/|1|1|0|EQ
elegant wedding invitations 77057|https://eliaspaperco.com/|1|1|0|EQ
elegant wedding invitations 77058|https://eliaspaperco.com/articles/elegant-wedding-invitations-77058/|1|1|0|EQ
elegant wedding invitations Clear Lake TX|https://eliaspaperco.com/articles/unique-wedding-invitations-clear-lake-tx/|1|1|0|EQ
elegant wedding invitations Cypress TX|https://eliaspaperco.com/articles/elegant-wedding-invitations-cypress-tx/|2|10|8|UP
elegant wedding invitations Dallas TX|https://eliaspaperco.com/articles/elegant-wedding-invitations-dallas-tx/|9|9|0|EQ
elegant wedding invitations Houston TX|https://eliaspaperco.com/articles/elegant-invitations-houston-tx/|7|8|1|UP
elegant wedding invitations Humble TX|https://eliaspaperco.com/articles/elegant-wedding-invitations-humble-tx/|1|1|0|EQ
elegant wedding invitations Katy TX|https://eliaspaperco.com/articles/elegant-wedding-invitations-katy-tx/|3|4|1|UP
elegant wedding invitations League City TX|https://eliaspaperco.com/articles/elegant-wedding-invitations-league-city-tx/|1|1|0|EQ
elegant wedding invitations Missouri City TX|https://eliaspaperco.com/articles/elegant-wedding-invitations-missouri-city-tx/|1|1|0|EQ
elegant wedding invitations Richmond TX|https://eliaspaperco.com/articles/online-wedding-invitations-richmond-tx/|2|1|1|DOWN
elegant wedding invitations Rosenberg TX|https://eliaspaperco.com/articles/elegant-wedding-invitations-rosenberg-tx/|1|1|0|EQ
elegant wedding invitations Spring TX|https://eliaspaperco.com/articles/wedding-invitations-spring-tx/|1|1|0|EQ
elegant wedding invitations Sugar Land TX|https://eliaspaperco.com/articles/elegant-wedding-invitations-sugar-land-tx/|2|2|0|EQ
elegant wedding invitations Texas|https://eliaspaperco.com/articles/elegant-wedding-invitations-texas/|8|7|1|DOWN
elegant wedding invitations The Woodlands TX|https://eliaspaperco.com/articles/wedding-invitations-the-woodlands-tx/|2|2|0|EQ
elias paper company|https://eliaspaperco.com/|1|1|0|EQ
eliaspaperco.com|https://eliaspaperco.com/|1|1|0|EQ
eucalyptus wedding invitations Houston TX|https://eliaspaperco.com/articles/html-sitemap/|15|0|15|NEW
fancy wedding invitations Houston TX|https://eliaspaperco.com/articles/fancy-wedding-invitations-houston-tx/|8|9|1|UP
floral wedding invitations Houston TX|https://eliaspaperco.com/articles/floral-wedding-invitations-houston-tx/|1|2|1|UP
flower invitation Houston TX|https://eliaspaperco.com/articles/flower-invitation-houston-tx-elias-paper-co/|2|2|0|EQ
folded wedding invitations Houston TX|https://eliaspaperco.com/articles/elegant-traditional-folded-wedding-invitations-houston-tx/|1|1|0|EQ
formal wedding invitations Houston TX|https://eliaspaperco.com/articles/clear-wedding-invitations-houston-tx/|8|8|0|EQ
greenery wedding invitations Houston TX|https://eliaspaperco.com/articles/wedding-invitation-greenery-houston-tx-elias-paper-co/|1|1|0|EQ
how to make invitations online Houston TX|https://eliaspaperco.com/articles/how-to-make-invitations-online-houston-tx/|1|1|0|EQ
invitation card design Houston TX|https://eliaspaperco.com/articles/invitation-card-design-houston-tx-elias-paper-co/|5|4|1|DOWN
invitation card maker Houston TX|https://eliaspaperco.com/articles/invitation-card-maker-houston-tx-elias-paper-co/|3|2|1|DOWN
invitation design Houston TX|https://eliaspaperco.com/articles/invitation-design-houston-tx/|17|17|0|EQ
invitation maker Clear Lake TX|https://eliaspaperco.com/articles/invitation-maker-clear-lake-tx/|1|1|0|EQ
invitation maker Houston TX|https://eliaspaperco.com/articles/invitation-card-maker-houston-tx-elias-paper-co/|9|6|3|DOWN
invitation templates Clear Lake TX|https://eliaspaperco.com/articles/wedding-invitation-templates-clear-lake-tx/|1|1|0|EQ
invitation templates Houston TX|https://eliaspaperco.com/articles/invitation-templates-houston-tx/|1|1|0|EQ
letterpress wedding invitations Houston TX|https://eliaspaperco.com/articles/letterpress-wedding-invitations-online-houston-tx/|4|19|15|UP
luxury wedding invitations Houston TX|https://eliaspaperco.com/articles/luxury-wedding-invitations-houston-tx/|9|9|0|EQ
make your own wedding invitations Houston TX|https://eliaspaperco.com/|8|10|2|UP
minimalist wedding invitations Houston TX|https://eliaspaperco.com/articles/minimalist-wedding-invitations-houston-tx/|1|1|0|EQ
modern wedding invitations Houston TX|https://eliaspaperco.com/articles/clear-wedding-invitations-houston-tx/|8|8|0|EQ
online invitation maker Clear Lake TX|https://eliaspaperco.com/articles/online-invitations-clear-lake-tx/|1|1|0|EQ
online invitation maker Houston TX|https://eliaspaperco.com/articles/online-invitation-maker-houston-tx/|2|2|0|EQ
online invitation maker League City TX|https://eliaspaperco.com/articles/league-city-tx-online-invitation-maker/|1|7|6|UP
online invitation maker The Woodlands TX|https://eliaspaperco.com/articles/online-invitation-maker-the-woodlands-tx/|1|1|0|EQ
online invitations 77024|https://eliaspaperco.com/articles/online-invitations-77024/|1|1|0|EQ
online invitations 77027|https://eliaspaperco.com/articles/html-sitemap/|2|1|1|DOWN
online invitations 77056|https://eliaspaperco.com/articles/online-invitations-77056-elias-paper-co/|1|1|0|EQ
online invitations 77057|https://eliaspaperco.com/articles/online-invitations-77057/|1|1|0|EQ
online invitations 77058|https://eliaspaperco.com/articles/online-invitations-houston-tx/|1|1|0|EQ
online invitations Clear Lake TX|https://eliaspaperco.com/articles/online-invitations-clear-lake-tx/|1|1|0|EQ
online invitations Cypress TX|https://eliaspaperco.com/articles/online-invitations-houston-tx/|6|6|0|EQ
online invitations Dallas TX|https://eliaspaperco.com/articles/online-invitations-dallas-tx/|1|1|0|EQ
online invitations houston tx|https://eliaspaperco.com/articles/online-invitations-houston-tx/|1|1|0|EQ
online invitations Humble TX|https://eliaspaperco.com/articles/online-invitations-humble-tx/|1|1|0|EQ
online invitations Katy TX|https://eliaspaperco.com/articles/online-wedding-invitations-katy-tx/|1|1|0|EQ
online invitations League City TX|https://eliaspaperco.com/articles/online-invitations-league-city-tx/|1|1|0|EQ
online invitations Missouri City TX|https://eliaspaperco.com/articles/online-wedding-invitations-missouri-city-tx/|1|1|0|EQ
online invitations Richmond TX|https://eliaspaperco.com/articles/online-invitations-richmond-tx/|1|1|0|EQ
online invitations Rosenberg TX|https://eliaspaperco.com/articles/rosenberg-tx-online-wedding-invitations/|1|3|2|UP
online invitations Spring TX|https://eliaspaperco.com/articles/online-invitations-spring-tx/|1|1|0|EQ
online invitations Sugar Land TX|https://eliaspaperco.com/articles/online-invitations-sugar-land-tx/|1|1|0|EQ
online invitations texas|https://eliaspaperco.com/articles/online-invitations-texas/|2|2|0|EQ
online invitations The Woodlands TX|https://eliaspaperco.com/articles/online-invitations-the-woodlands-tx/|1|1|0|EQ
online wedding invitations 77024|https://eliaspaperco.com/articles/online-invitations-77024/|2|5|3|UP
online wedding invitations 77027|https://eliaspaperco.com/articles/html-sitemap/|5|1|4|DOWN
online wedding invitations 77056|https://eliaspaperco.com/articles/online-wedding-invitations-77056/|1|5|4|UP
online wedding invitations 77057|https://eliaspaperco.com/articles/online-invitations-77057/|1|1|0|EQ
online wedding invitations 77058|https://eliaspaperco.com/|1|1|0|EQ
online wedding invitations Clear Lake TX|https://eliaspaperco.com/articles/online-invitations-clear-lake-tx/|1|1|0|EQ
online wedding invitations Cypress TX|https://eliaspaperco.com/articles/online-wedding-invitations-cypress-tx/|1|2|1|UP
online wedding invitations Dallas TX|https://eliaspaperco.com/articles/online-invitations-dallas-tx/|11|0|19|NEW
online wedding invitations Houston TX|https://eliaspaperco.com/articles/online-invitations-houston-tx/|5|5|0|EQ
online wedding invitations Katy TX|https://eliaspaperco.com/articles/online-wedding-invitations-katy-tx/|2|3|1|UP
online wedding invitations League City TX|https://eliaspaperco.com/articles/online-invitations-league-city-tx/|1|1|0|EQ
online wedding invitations Missouri City TX|https://eliaspaperco.com/articles/online-wedding-invitations-missouri-city-tx/|1|1|0|EQ
online wedding invitations Richmond TX|https://eliaspaperco.com/articles/online-wedding-invitations-richmond-tx/|1|1|0|EQ
online wedding invitations Rosenberg TX|https://eliaspaperco.com/articles/rosenberg-tx-online-wedding-invitations/|1|2|1|UP
online wedding invitations Spring TX|https://eliaspaperco.com/articles/online-wedding-invitations-spring-tx/|2|3|1|UP
online wedding invitations Sugar Land TX|https://eliaspaperco.com/articles/online-wedding-invitations-sugar-land-tx/|2|2|0|EQ
online wedding invitations Texas|https://eliaspaperco.com/articles/online-wedding-invitations-texas/|3|2|1|DOWN
online wedding invitations The Woodlands TX|https://eliaspaperco.com/articles/online-wedding-invitations-the-woodlands-tx/|1|1|0|EQ
online wedding invitations with rsvp Houston TX|https://eliaspaperco.com/articles/online-wedding-invitations-with-rsvp-houston-tx/|1|4|3|UP
passport wedding invitations Houston TX|https://eliaspaperco.com/articles/custom-invitations-online-houston-tx/|10|7|3|DOWN
personalized invitations Houston TX|https://eliaspaperco.com/articles/personalized-invitations-houston-tx/|9|9|0|EQ
personalized thank you cards Houston TX|https://eliaspaperco.com/articles/personalized-thank-you-cards-houston-tx/|5|3|2|DOWN
personalized wedding invitations Houston TX|https://eliaspaperco.com/articles/clear-wedding-invitations-houston-tx/|10|9|1|DOWN
pocket wedding invitations Houston TX|https://eliaspaperco.com/articles/unique-wedding-invitations-houston-tx/|8|16|8|UP
postcard wedding invitations Houston TX|https://eliaspaperco.com/articles/postcard-wedding-invitations-houston-tx/|1|5|4|UP
reception only invitations Houston TX|https://eliaspaperco.com/articles/reception-only-invitations-houston-tx/|1|1|0|EQ
reception only wedding invitations Houston TX|https://eliaspaperco.com/articles/reception-only-wedding-invitations-houston-tx-elias-paper-co/|1|1|0|EQ
rsvp online cards Houston TX|https://eliaspaperco.com/articles/rsvp-online-cards-houston-tx-elias-paper-co/|1|1|0|EQ
save date Houston TX|https://eliaspaperco.com/articles/save-the-date-invitations-houston-tx/|2|2|0|EQ
save the date and wedding invitations Houston TX|https://eliaspaperco.com/articles/save-the-date-invitations-houston-tx/|4|7|3|UP
save the date cards Clear Lake TX|https://eliaspaperco.com/articles/save-the-date-wedding-clear-lake-tx/|1|1|0|EQ
save the date cards Houston TX|https://eliaspaperco.com/articles/save-the-date-cards-houston-tx/|2|3|1|UP
save the date Clear Lake TX|https://eliaspaperco.com/articles/save-the-date-wedding-clear-lake-tx/|1|1|0|EQ
save the date designs Houston TX|https://eliaspaperco.com/articles/save-the-date-cards-houston-tx/|1|1|0|EQ
save the date envelope Houston TX|https://eliaspaperco.com/articles/wedding-save-the-date-envelopes-houston-tx/|1|1|0|EQ
save the date Houston TX|https://eliaspaperco.com/articles/save-the-date-invitations-houston-tx/|3|3|0|EQ
save the date invitations Houston TX|https://eliaspaperco.com/articles/save-the-date-invitations-houston-tx/|3|3|0|EQ
save the date online Houston TX|https://eliaspaperco.com/articles/save-the-date-online-houston-tx/|1|1|0|EQ
save the date postcards Houston TX|https://eliaspaperco.com/articles/save-the-date-postcards-houston-tx/|1|1|0|EQ
save the date wedding cards Houston TX|https://eliaspaperco.com/articles/save-the-date-cards-houston-tx/|3|3|0|EQ
save the date wedding Clear Lake TX|https://eliaspaperco.com/articles/save-the-date-wedding-clear-lake-tx/|1|1|0|EQ
save the date wedding Houston TX|https://eliaspaperco.com/articles/save-the-date-cards-houston-tx/|3|3|0|EQ
save the date wedding invitations Houston TX|https://eliaspaperco.com/articles/save-the-date-invitations-houston-tx/|4|5|1|UP
shop online save the dates Houston TX|https://eliaspaperco.com/articles/save-the-date-cards-houston-tx/|8|0|22|NEW
shop online wedding invitations Houston TX|https://eliaspaperco.com/articles/online-wedding-invitations-houston-tx/|3|0|27|NEW
simple save the dates Houston TX|https://eliaspaperco.com/articles/simple-save-the-dates-houston-tx/|1|1|0|EQ
simple wedding invitations Houston TX|https://eliaspaperco.com/articles/simple-wedding-invitations-houston-tx/|9|11|2|UP
simple wedding thank you cards Houston TX|https://eliaspaperco.com/articles/wedding-thank-you-notes-houston-tx/|2|2|0|EQ
traditional wedding invitations Houston TX|https://eliaspaperco.com/articles/traditional-wedding-invitations-houston-tx/|4|5|1|UP
trifold wedding invitations Houston TX|https://eliaspaperco.com/articles/trifold-wedding-invitations-houston-tx/|1|1|0|EQ
unique save the dates Houston TX|https://eliaspaperco.com/articles/unique-save-the-dates-houston-tx-elias-paper-co/|1|3|2|UP
unique wedding invitations Clear Lake TX|https://eliaspaperco.com/articles/unique-wedding-invitations-clear-lake-tx/|1|1|0|EQ
unique wedding invitations Houston TX|https://eliaspaperco.com/articles/unique-wedding-invitations-houston-tx/|8|8|0|EQ
unique wedding invitations League City TX|https://eliaspaperco.com/articles/unique-wedding-invitations-league-city-tx/|2|1|1|DOWN
unique wedding invitations The Woodlands TX|http://www.eliaspaperco.com/|1|1|0|EQ
vellum save the dates Houston TX|https://eliaspaperco.com/articles/vellum-wedding-invitations-houston-tx/|1|1|0|EQ
vellum wedding invitations Houston TX|https://eliaspaperco.com/articles/vellum-wedding-invitations-houston-tx/|1|2|1|UP
wax seal wedding invitations Houston TX|https://eliaspaperco.com/articles/wax-seal-wedding-invitations-houston-tx/|1|1|0|EQ
wedding card Clear Lake TX|https://eliaspaperco.com/|1|1|0|EQ
wedding card design Houston TX|https://eliaspaperco.com/articles/wedding-card-design-houston-tx/|10|10|0|EQ
wedding card Houston TX|https://eliaspaperco.com/articles/clear-wedding-invitations-houston-tx/|9|10|1|UP
wedding cards online Houston TX|https://eliaspaperco.com/articles/clear-wedding-invitations-houston-tx/|10|8|2|DOWN
wedding envelopes Houston TX|https://eliaspaperco.com/articles/wedding-save-the-date-envelopes-houston-tx/|11|12|1|UP
wedding gift thank you cards Houston TX|https://eliaspaperco.com/articles/wedding-gift-thank-you-cards-houston-tx-elias-paper-co/|3|4|1|UP
wedding invitation belly band Houston TX|https://eliaspaperco.com/articles/wedding-invitation-belly-band-houston-tx-elias-paper-co/|1|1|0|EQ
wedding invitation card Houston TX|https://eliaspaperco.com/articles/clear-wedding-invitations-houston-tx/|11|11|0|EQ
wedding invitation details card Houston TX|https://eliaspaperco.com/articles/custom-wedding-invitations-houston-tx/|13|12|1|DOWN
wedding invitation embellishments Houston TX|https://eliaspaperco.com/articles/blank-wedding-invitations-houston-tx/|1|0|29|NEW
wedding invitation envelopes Houston TX|https://eliaspaperco.com/articles/wedding-invitation-card-stores-near-me-houston-tx/|4|8|4|UP
wedding invitation greenery Houston TX|https://eliaspaperco.com/articles/wedding-invitation-greenery-houston-tx-elias-paper-co/|1|1|0|EQ
wedding invitation make Houston TX|https://eliaspaperco.com/articles/clear-wedding-invitations-houston-tx/|10|10|0|EQ
wedding invitation packages Houston TX|https://eliaspaperco.com/articles/wedding-invitation-packages-houston-tx-elias-paper-co/|6|7|1|UP
wedding invitation paper Houston TX|https://eliaspaperco.com/|1|1|0|EQ
wedding invitation printing Houston TX|https://eliaspaperco.com/articles/wedding-invitation-printing-houston-tx/|9|10|1|UP
wedding invitation sets Houston TX|https://eliaspaperco.com/articles/wedding-invitation-sets-houston-tx/|7|6|1|DOWN
wedding invitation templates Clear Lake TX|https://eliaspaperco.com/articles/wedding-invitation-templates-clear-lake-tx/|1|1|0|EQ
wedding invitation templates Houston TX|https://eliaspaperco.com/articles/invitation-templates-houston-tx/|3|2|1|DOWN
wedding invitation website Houston TX|https://eliaspaperco.com/articles/clear-wedding-invitations-houston-tx/|10|10|0|EQ
wedding invitations 77024|https://eliaspaperco.com/articles/wedding-invitations-77024/|7|5|2|DOWN
wedding invitations 77027|https://eliaspaperco.com/articles/wedding-invitations-77027/|2|2|0|EQ
wedding invitations 77056|https://eliaspaperco.com/articles/elegant-wedding-invitations-77056/|2|2|0|EQ
wedding invitations 77057|https://eliaspaperco.com/|1|1|0|EQ
wedding invitations 77058|https://eliaspaperco.com/|1|1|0|EQ
wedding invitations Clear Lake TX|https://eliaspaperco.com/|1|1|0|EQ
wedding invitations Cypress TX|https://eliaspaperco.com/articles/elegant-wedding-invitations-cypress-tx/|7|6|1|DOWN
wedding invitations houston tx|https://eliaspaperco.com/articles/clear-wedding-invitations-houston-tx/|9|10|1|UP
wedding invitations Humble TX|http://www.eliaspaperco.com/|1|4|3|UP
wedding invitations Katy TX|https://eliaspaperco.com/articles/elegant-wedding-invitations-katy-tx/|4|4|0|EQ
wedding invitations League City TX|https://eliaspaperco.com/|1|1|0|EQ
wedding invitations Missouri City TX|https://eliaspaperco.com/articles/elegant-wedding-invitations-missouri-city-tx/|3|4|1|UP
wedding invitations near me Houston TX|https://eliaspaperco.com/articles/clear-wedding-invitations-houston-tx/|10|11|1|UP
wedding invitations Richmond TX|https://eliaspaperco.com/articles/wedding-invitations-richmond-tx/|2|2|0|EQ
wedding invitations Rosenberg TX|https://eliaspaperco.com/articles/wedding-invitations-rosenberg-tx/|4|4|0|EQ
wedding invitations Spring TX|http://www.eliaspaperco.com/|1|1|0|EQ
wedding invitations Sugar Land TX|https://eliaspaperco.com/articles/elegant-wedding-invitations-sugar-land-tx/|5|5|0|EQ
wedding invitations The Woodlands TX|http://www.eliaspaperco.com/|1|1|0|EQ
wedding invitations with pictures Houston TX|https://eliaspaperco.com/articles/clear-wedding-invitations-houston-tx/|11|11|0|EQ
wedding invitations with ribbon Houston TX|https://eliaspaperco.com/articles/wedding-invitations-with-ribbon-houston-tx/|1|2|1|UP
wedding invitations with rsvp cards Houston TX|https://eliaspaperco.com/articles/wedding-invitations-with-rsvp-cards-houston-tx/|2|3|1|UP
wedding invitations with rsvp Clear Lake TX|https://eliaspaperco.com/|1|1|0|EQ
wedding invitations with rsvp Houston TX|https://eliaspaperco.com/articles/wedding-invitations-with-rsvp-cards-houston-tx/|6|6|0|EQ
wedding invited The Woodlands TX|http://www.eliaspaperco.com/|1|1|0|EQ
wedding invites Cypress TX|https://eliaspaperco.com/articles/elegant-wedding-invitations-cypress-tx/|5|5|0|EQ
wedding invites houston TX|https://eliaspaperco.com/articles/clear-wedding-invitations-houston-tx/|11|13|2|UP
wedding invites near me|https://eliaspaperco.com/articles/clear-wedding-invitations-houston-tx/|39|17|22|DOWN
wedding menu cards Houston TX|https://eliaspaperco.com/articles/custom-wedding-invitations-houston-tx/|11|15|4|UP
wedding photo thank you cards Houston TX|https://eliaspaperco.com/articles/wedding-photo-thank-you-cards-houston-tx/|1|19|18|UP
wedding reception invitation Clear Lake TX|https://eliaspaperco.com/articles/wedding-reception-invitation-clear-lake-tx/|1|1|0|EQ
wedding reception invitation Houston TX|https://eliaspaperco.com/articles/custom-wedding-reception-invitations-houston-tx/|9|11|2|UP
wedding reception invitation League City TX|https://eliaspaperco.com/articles/unique-wedding-invitations-league-city-tx/|4|5|1|UP
wedding reception invitation The Woodlands TX|http://www.eliaspaperco.com/|1|1|0|EQ
wedding rsvp Houston TX|https://eliaspaperco.com/articles/online-wedding-invitations-with-rsvp-houston-tx/|11|0|19|NEW
wedding table number cards Houston TX|https://eliaspaperco.com/articles/blank-wedding-invitations-houston-tx/|9|9|0|EQ
wedding templates Houston TX|https://eliaspaperco.com/articles/wedding-templates-houston-tx/|1|1|0|EQ
wedding thank you cards Clear Lake TX|https://eliaspaperco.com/articles/custom-thank-you-cards-clear-lake-tx/|1|1|0|EQ
wedding thank you cards Houston TX|https://eliaspaperco.com/articles/large-wedding-thank-you-cards-houston-tx/|3|4|1|UP
wedding thank you notes Houston TX|https://eliaspaperco.com/articles/wedding-thank-you-notes-houston-tx/|1|1|0|EQ
