create invitaion online Houston TX|https://eliaspaperco.com/articles/create-invitation-online-houston-tx/|6|3|3|DOWN
create invitation online Houston TX|https://eliaspaperco.com/articles/custom-invitations-online-houston-tx/|3|2|1|DOWN
custom invitations Houston TX|https://eliaspaperco.com/articles/custom-invitations-houston-tx/|18|0|12|NEW
custom invitations online Houston TX|https://eliaspaperco.com/articles/custom-invitations-houston-tx/|21|0|9|NEW
custom invitations Spring TX|https://eliaspaperco.com/articles/custom-invitations-spring-tx/|13|7|6|DOWN
custom thank you cards Clear Lake TX|https://eliaspaperco.com/articles/custom-thank-you-cards-clear-lake-tx/|1|6|5|UP
elegant wedding invitations Dallas TX|https://eliaspaperco.com/articles/wedding-invitations-dallas-tx/|11|0|19|NEW
elegant wedding invitations League City TX|https://eliaspaperco.com/articles/elegant-wedding-invitations-league-city-tx/|7|7|0|EQ
elegant wedding invitations Rosenberg TX|https://eliaspaperco.com/articles/elegant-wedding-invitations-rosenberg-tx/|3|0|27|NEW
elegant wedding invitations Sugar Land TX|https://eliaspaperco.com/articles/online-invitations-sugar-land-tx/|2|0|28|NEW
formal wedding invitations Houston TX|https://eliaspaperco.com/articles/formal-wedding-invitations-houston-tx/|38|9|29|DOWN
how to make invitations online Houston TX|https://eliaspaperco.com/articles/online-invitations-houston-tx/|3|0|27|NEW
invitation maker Clear Lake TX|https://eliaspaperco.com/articles/invitation-maker-clear-lake-tx/|1|1|0|EQ
invitation templates Houston TX|https://eliaspaperco.com/articles/wedding-invitation-templates-houston-tx/|5|0|25|NEW
modern wedding invitations Houston TX|https://eliaspaperco.com/articles/modern-wedding-invitations-houston-tx/|7|0|23|NEW
online invitations Clear Lake TX|https://eliaspaperco.com/articles/online-invitation-maker-clear-lake-tx/|1|0|29|NEW
online invitations Cypress TX|https://eliaspaperco.com/articles/online-wedding-invitations-cypress-tx/|4|0|26|NEW
online invitations League City TX|https://eliaspaperco.com/articles/online-invitations-league-city-tx/|1|3|2|UP
online invitations Richmond TX|https://eliaspaperco.com/articles/online-wedding-invitations-richmond-tx/|2|0|28|NEW
online wedding invitations 77058|https://eliaspaperco.com/articles/online-wedding-invitations-77058/|1|1|0|EQ
online wedding invitations Clear Lake TX|https://eliaspaperco.com/articles/wedding-invitations-clear-lake-tx/|1|1|0|EQ
online wedding invitations Cypress TX|https://eliaspaperco.com/articles/online-wedding-invitations-cypress-tx/|5|0|25|NEW
online wedding invitations League City TX|https://eliaspaperco.com/articles/online-wedding-invitations-league-city-tx/|5|0|25|NEW
online wedding invitations Sugar Land TX|https://eliaspaperco.com/articles/online-invitations-sugar-land-tx/|5|3|2|DOWN
online wedding invitations Texas|https://eliaspaperco.com/articles/online-wedding-invitations-texas/|4|0|26|NEW
personalized wedding invitations Houston TX|https://eliaspaperco.com/articles/custom-invitations-houston-tx/|14|0|16|NEW
rsvp online cards Houston TX|https://eliaspaperco.com/articles/rsvp-online-cards-houston-tx-elias-paper-co/|1|3|2|UP
save the date Houston TX|https://eliaspaperco.com/articles/save-the-date-houston-tx/|3|4|1|UP
save the date invitations Houston TX|https://eliaspaperco.com/articles/save-the-date-invitations-houston-tx/|6|40|34|UP
save the date postcards Houston TX|https://eliaspaperco.com/articles/save-the-date-postcards-houston-tx/|1|0|29|NEW
save the date wedding cards Houston TX|https://eliaspaperco.com/articles/save-the-date-cards-houston-tx/|3|0|27|NEW
save the date wedding Clear Lake TX|https://eliaspaperco.com/articles/save-the-date-wedding-clear-lake-tx/|8|0|22|NEW
save the date wedding Houston TX|https://eliaspaperco.com/articles/save-the-date-for-wedding-reception-houston-tx/|6|0|24|NEW
unique wedding invitations The Woodlands TX|https://eliaspaperco.com/articles/wedding-invitations-the-woodlands-tx/|3|12|9|UP
wedding card Houston TX|https://eliaspaperco.com/articles/wedding-card-houston-tx/|6|1|5|DOWN
wedding envelopes Houston TX|https://eliaspaperco.com/articles/custom-envelopes-for-wedding-invitations-houston-tx/|3|0|27|NEW
wedding invitation belly band Houston TX|https://eliaspaperco.com/articles/wedding-invitation-belly-band-houston-tx-elias-paper-co/|7|12|5|UP
wedding invitation printing Houston TX|https://eliaspaperco.com/|19|35|16|UP
wedding invitation templates Clear Lake TX|https://eliaspaperco.com/articles/wedding-invitations-clear-lake-tx/|1|0|29|NEW
wedding invitations 77024|https://eliaspaperco.com/articles/elegant-wedding-invitations-77024/|3|0|27|NEW
wedding invitations 77057|https://eliaspaperco.com/articles/wedding-invitations-77057/|3|0|27|NEW
wedding invitations Dallas TX|https://eliaspaperco.com/articles/wedding-invitations-dallas-tx/|14|0|16|NEW
wedding invitations Missouri City TX|https://eliaspaperco.com/articles/wedding-invitations-missouri-city-tx/|7|7|0|EQ
wedding invitations Spring TX|https://eliaspaperco.com/articles/wedding-invitations-spring-tx/|6|6|0|EQ
wedding invitations Sugar Land TX|https://eliaspaperco.com/articles/online-invitations-sugar-land-tx/|4|0|26|NEW
wedding invitations The Woodlands TX|https://eliaspaperco.com/articles/wedding-invitations-the-woodlands-tx/|9|0|21|NEW
wedding invitations with rsvp cards Houston TX|https://eliaspaperco.com/articles/wedding-invitations-with-rsvp-cards-houston-tx/|13|7|6|DOWN
wedding reception invitation Clear Lake TX|https://eliaspaperco.com/articles/wedding-reception-invitation-clear-lake-tx/|1|0|29|NEW
