jrpoolplastering.com|https://jrpoolplastering.com|1|1|0|EQ
pearland tx wet edge|https://jrpoolplastering.com/pearland-tx-wet-edge|1|1|0|EQ
league city tx wet edge|https://jrpoolplastering.com/league-city-tx-wet-edge|1|1|0|EQ
the woodlands tx wet edge|https://jrpoolplastering.com/the-woodlands-tx-wet-edge|1|1|0|EQ
sugar land tx marcite pool|https://jrpoolplastering.com/sugar-land-tx-marcite-pool|1|1|0|EQ
houston texas gunite pool crack repair|https://www.jrpoolplastering.com/|1|1|0|EQ
marcite pool Pearland TX|https://jrpoolplastering.com/marcite-pool-pearland-tx|1|1|0|EQ
marcite pool League City TX|https://jrpoolplastering.com/marcite-pool-league-city-tx|1|1|0|EQ
houston tx gunite pool resurfacing|https://jrpoolplastering.com|1|1|0|EQ
houston tx remarcite pool|https://www.jrpoolplastering.com/|1|1|0|EQ
webster tx gunite pool|https://jrpoolplastering.com/webster-tx-gunite-pool|1|1|0|EQ
houston tx wet edge|https://jrpoolplastering.com/houston-tx-wet-edge-pool-finish|2|2|0|EQ
River Oaks TX pool refinishing|https://jrpoolplastering.com/river-oaks-tx-pool-refinishing|2|2|0|EQ
marcite pool The Woodlands TX|https://jrpoolplastering.com/marcite-pool-the-woodlands-tx|1|1|0|EQ
houston tx gunite pool repair|https://jrpoolplastering.com|1|1|0|EQ
houston tx marcite pool|https://jrpoolplastering.com/houston-tx-marcite-pool|1|1|0|EQ
River Oaks TX concrete pool deck resurfacing|https://jrpoolplastering.com/river-oaks-tx-concrete-pool-deck-resurfacing|1|1|0|EQ
webster tx pool plaster|https://jrpoolplastering.com/webster-tx-pool-replastering|1|1|0|EQ
houston tx olympic pool plastering|https://www.jrpoolplastering.com/|2|1|1|DOWN
Missouri City TX concrete pool deck resurfacing|https://www.jrpoolplastering.com/|2|1|1|DOWN
Webster TX concrete pool deck resurfacing|https://jrpoolplastering.com/webster-tx-pool-deck-resurfacing|1|2|1|UP
cinco ranch texas pool resurfacing near me|https://www.jrpoolplastering.com/|1|1|0|EQ
Friendswood TX concrete pool deck resurfacing|https://jrpoolplastering.com/friendswood-tx...|2|1|1|DOWN
Cinco Ranch TX pool concrete repair|https://jrpoolplastering.com/inexpensive-pool-concrete-repair-cinco-ranch-tx|2|2|0|EQ
Webster TX pool deck resurfacing|https://jrpoolplastering.com/webster-tx-pool-deck-resurfacing|2|2|0|EQ
cinco ranch tx gunite pool|https://jrpoolplastering.com/cinco-ranch-tx-gunite-pool|1|1|0|EQ
Friendswood TX pool deck resurfacing|https://jrpoolplastering.com/friendswood-tx-pool-deck-resurfacing|2|2|0|EQ
River Oaks TX pool plaster companies|https://jrpoolplastering.com/river-oaks-tx-pool-plaster-companies|2|2|0|EQ
Cinco Ranch TX pool plaster companies|https://jrpoolplastering.com/cinco-ranch-tx-pool-replastering|2|2|0|EQ
Webster TX pool replastering|https://jrpoolplastering.com/webster-tx-pool-replastering|1|1|0|EQ
Webster TX pool plaster repair|https://jrpoolplastering.com/webster-tx-pool-replastering|1|1|0|EQ
Seabrook TX pool plaster repair|https://jrpoolplastering.com/|1|2|1|UP
River Oaks TX pool plaster repair|https://jrpoolplastering.com/river-oaks-tx-pool-plaster-repair|2|2|0|EQ
Missouri City TX wet edge|https://jrpoolplastering.com/missouri-city-tx-wet-edge|2|1|1|DOWN
Cinco Ranch TX pool plastering near me|https://jrpoolplastering.com/pool-replastering-near-me-cinco-ranch-tx|2|2|0|EQ
River Oaks TX pool concrete repair|https://jrpoolplastering.com/astounding-pool-concrete-repair-river-oaks-tx|1|3|2|UP
Webster TX pool plaster companies|https://jrpoolplastering.com/|1|1|0|EQ
River Oaks TX pool replastering-|https://jrpoolplastering.com/river-oaks-tx-pool-replastering|1|1|0|EQ
River Oaks TX pool plastering near me|https://jrpoolplastering.com/river-oaks-tx-pool-plaster-repair|1|1|0|EQ
League City TX pool plaster companies|https://jrpoolplastering.com/|1|2|1|UP
Webster TX pool replastering near me|https://jrpoolplastering.com/webster-tx-pool-replastering|1|1|0|EQ
Cinco Ranch TX pool deck resurfacing|https://jrpoolplastering.com/cinco-ranch-tx-pool-deck-resurfacing|1|2|1|UP
Cinco Ranch TX pool replastering|https://jrpoolplastering.com/cinco-ranch-tx-pool-replastering|2|2|0|EQ
Cinco Ranch TX concrete pool deck resurfacing|https://jrpoolplastering.com/cinco-ranch-tx-concrete-pool-deck-resurfacing|2|2|0|EQ
Pearland TX concrete pool deck resurfacing|https://jrpoolplastering.com/pearland-tx-pool-deck-resurfacing|1|1|0|EQ
River Oaks TX pool restoration|https://jrpoolplastering.com/river-oaks-tx-pool-restoration|2|2|0|EQ
Missouri City TX pool plaster companies|https://www.jrpoolplastering.com/|1|1|0|EQ
Seabrook TX pool concrete repair|https://jrpoolplastering.com/impressive-pool-concrete-repair-seabrook-tx|1|1|0|EQ
pool plaster resurfacing Cinco Ranch, TX|https://jrpoolplastering.com/cinco-ranch-tx-swimming-pool-resurfacing|2|2|0|EQ
Cinco Ranch TX pool refinishing|https://jrpoolplastering.com/cinco-ranch-tx-pool-refinishing|2|2|0|EQ
houston tx wet edge pool finish|https://www.jrpoolplastering.com/|2|1|1|DOWN
River Oaks TX pool replastering near me|https://www.jrpoolplastering.com/|1|1|0|EQ
swimming pool plaster River Oaks TX|https://jrpoolplastering.com/swimming-pool-plaste…|2|2|0|EQ
pool plaster resurfacing League City, TX|https://jrpoolplastering.com/pool-plaster-resurfacing-league-city|2|2|0|EQ
river oaks texas pool resurfacing near me|https://www.jrpoolplastering.com/|1|1|0|EQ
concrete pool resurfacing Cinco Ranch, TX|https://jrpoolplastering.com/inexpensive-pool-concrete-repair-cinco-ranch-tx|3|30|30|NEW
River Oaks TX pool plaster|https://jrpoolplastering.com/swimming-pool-plaste…|2|2|0|EQ
pool resurfacing companies Webster TX|https://jrpoolplastering.com/webster-tx-pool-deck-resurfacing|3|2|1|DOWN
Sugar Land TX pool replastering|https://jrpoolplastering.com/sugar-land-tx-pool-replastering|1|1|0|EQ
Missouri City TX pool deck resurfacing|https://www.jrpoolplastering.com/|1|1|0|EQ
The Woodlands TX concrete pool deck resurfacing|https://jrpoolplastering.com/concrete-pool-deck-resurfacing|3|2|1|DOWN
Pearland TX pool plaster companies|https://jrpoolplastering.com/pearland-tx-pool-plaster|2|3|1|UP
cinco ranch tx pool resurfacing|https://jrpoolplastering.com/cinco-ranch-tx-pool-deck-resurfacing|3|3|0|EQ
League City TX pool plaster|https://jrpoolplastering.com/|1|3|2|UP
pearland tx pool plaster repair|https://jrpoolplastering.com/pearland-tx-pool-plaster-repair|1|1|0|EQ
River Oaks TX Pool Remodeling Near Me|https://www.jrpoolplastering.com/|1|1|0|EQ
River Oaks TX pool deck resurfacing|https://jrpoolplastering.com/river-oaks-tx-concrete-pool-deck-resurfacing|2|2|0|EQ
Missouri City TX pool plastering near me|https://www.jrpoolplastering.com/|1|1|0|EQ
River Oaks TX pool renovations near me|https://jrpoolplastering.com/river-oaks-tx-pool-renovations|2|1|1|DOWN
cinco ranch tx pool plaster|https://jrpoolplastering.com/cinco-ranch-tx-pool-replastering|2|2|0|EQ
Webster TX pool concrete repair|https://jrpoolplastering.com/excellent-pool-concrete-repair-webster-tx|2|2|0|EQ
Cinco Ranch TX pool restoration|https://jrpoolplastering.com/a-reliable-pool-restoration-company-cinco-ranch-tx|2|3|1|UP
pool plaster resurfacing Friendswood, TX|https://jrpoolplastering.com/friendswood-tx-pool-deck-resurfacing|2|2|0|EQ
Seabrook TX pool refinishing|https://jrpoolplastering.com/seabrook-tx-pool-refinishing|3|2|1|DOWN
pool plaster resurfacing Pearland, TX|https://jrpoolplastering.com/pool-plaster-resurfacing-pearland-tx|2|2|0|EQ
pool resurfacing companies Cinco Ranch TX|https://jrpoolplastering.com/pool-resurfacing...|3|3|0|EQ
Cinco Ranch TX pool replastering near me|https://jrpoolplastering.com/cinco-ranch-tx-pool-replastering|2|2|0|EQ
Webster TX pool plastering near me|https://jrpoolplastering.com/|1|1|0|EQ
pool plaster resurfacing Seabrook, TX|https://jrpoolplastering.com/seabrook-tx-pool-resurfacing|3|3|0|EQ
River Oaks TX swimming pool resurfacing|https://jrpoolplastering.com/river-oaks-tx-pool-resurfacing|1|2|1|UP
Pearland TX pool deck resurfacing|https://jrpoolplastering.com/pearland-tx-pool-deck-resurfacing|3|2|1|DOWN
Seabrook TX pool plaster|https://jrpoolplastering.com/seabrook-tx-pool-plaster-companies|3|2|1|DOWN
Seabrook TX pool plastering near me|https://jrpoolplastering.com/seabrook-tx-pool-replastering-near-me|2|2|0|EQ
Webster TX pool resurfacing|https://jrpoolplastering.com/webster-tx-pool-deck-resurfacing|4|2|2|DOWN
Friendswood TX pool plaster|https://jrpoolplastering.com/|2|2|0|EQ
river oaks tx pool remodeling|https://jrpoolplastering.com/river-oaks-tx-pool-remodeling|2|2|0|EQ
seabrook texas pool resurfacing near me|https://jrpoolplastering.com/seabrook-tx-pool-resurfacing|3|4|1|UP
River Oaks TX swimming pool remodeling|https://jrpoolplastering.com/river-oaks-tx-swimming-pool-remodeling|2|6|4|UP
Webster TX pool refinishing|https://jrpoolplastering.com/webster-tx-pool-refinishing|4|2|2|DOWN
swimming pool plaster Seabrook TX|https://jrpoolplastering.com/swimming-pool-plaster-seabrook-tx|3|2|1|DOWN
Seabrook TX pool deck resurfacing|https://jrpoolplastering.com/seabrook-tx-pool-deck-resurfacing|3|2|1|DOWN
Cinco Ranch TX pool plaster repair|https://jrpoolplastering.com/cinco-ranch-tx-pool-plaster-repair|3|3|0|EQ
river oaks tx pool resurfacing|https://jrpoolplastering.com/river-oaks-tx-pool...|3|3|0|EQ
houston tx gunite pool|https://jrpoolplastering.com/|2|2|0|EQ
swimming pool plaster League City TX|https://jrpoolplastering.com/swimming-pool-plaste…|4|2|2|DOWN
pool plaster resurfacing Webster, TX|https://jrpoolplastering.com/webster-tx-pool-replastering|3|2|1|DOWN
concrete pool resurfacing Webster, TX|https://jrpoolplastering.com/concrete-pool-resurfacing-services-webster-tx|3|30|30|NEW
houston tx gunite swimming pool|https://www.jrpoolplastering.com/|2|2|0|EQ
missouri city tx pool replastering|https://www.jrpoolplastering.com/|2|1|1|DOWN
Seabrook TX concrete pool deck resurfacing|http://jrpoolplastering.com|2|30|28|NEW
concrete pool resurfacing Seabrook, TX|https://jrpoolplastering.com/seabrook-tx-pool-resurfacing|4|30|30|NEW
Friendswood TX pool plastering near me|https://jrpoolplastering.com/pool-replastering-near-me-friendswood-tx|3|2|1|DOWN
Cinco Ranch TX plastering companies near me|https://jrpoolplastering.com/cinco-ranch-tx-plastering-companies-near-me|3|2|1|DOWN
League City TX concrete pool deck resurfacing|https://jrpoolplastering.com/league-city-tx-concrete-pool-deck-resurfacing|2|1|1|DOWN
concrete pool resurfacing Pearland, TX|https://jrpoolplastering.com/pearland-tx-pool-concrete-repair|4|30|30|NEW
Missouri City TX pool plaster|https://www.jrpoolplastering.com/|2|1|1|DOWN
concrete pool resurfacing The Woodlands, TX|https://jrpoolplastering.com/concrete-pool-deck-resurfacing|4|30|30|NEW
Missouri City TX pool replastering near me|https://www.jrpoolplastering.com/|1|1|0|EQ
Friendswood TX pool concrete repair|https://jrpoolplastering.com/friendswood-tx-pool...|3|2|1|DOWN
concrete pool resurfacing Friendswood, TX|https://jrpoolplastering.com/friendswood-tx-pool...|3|30|30|NEW
The Woodlands TX pool plastering near me|https://jrpoolplastering.com/pool-replastering-near-me-the-woodlands-tx|2|2|0|EQ
the woodlands tx pool replastering|https://jrpoolplastering.com/pool-replastering-near-me-the-woodlands-tx|3|3|0|EQ
concrete pool resurfacing League City, TX|https://jrpoolplastering.com/concrete-pool-resurfacing-league-city-tx|3|30|30|NEW
houston tx all phase pool remodeling|https://www.jrpoolplastering.com/|2|2|0|EQ
Seabrook TX pool plaster companies|https://jrpoolplastering.com/seabrook-tx-pool-plaster-companies|4|2|2|DOWN
webster texas pool resurfacing near me|https://jrpoolplastering.com/webster-texas-pool-resurfacing-near-me|4|2|2|DOWN
pool plaster resurfacing Sugar Land, TX|https://jrpoolplastering.com/pool-plaster-resurfacing-sugar-land-tx|3|4|1|UP
league city tx pool plaster repair|https://jrpoolplastering.com/|1|1|0|EQ
The Woodlands TX pool deck resurfacing|https://jrpoolplastering.com/the-woodlands-tx-pool-deck-resurfacing|3|2|1|DOWN
Webster TX swimming pool resurfacing|https://jrpoolplastering.com/webster-tx-pool-resurfacing|5|3|2|DOWN
pool plaster resurfacing The Woodlands, TX|https://jrpoolplastering.com/pool-plaster-resurfacing-the-woodlands-tx|4|2|2|DOWN
missouri city tx pool plaster repair|https://www.jrpoolplastering.com/|1|1|0|EQ
sugar land tx gunite pool|https://jrpoolplastering.com/sugar-land-tx-gunite-pool|5|1|4|DOWN
Sugar Land TX concrete pool deck resurfacing|https://www.jrpoolplastering.com/|2|1|1|DOWN
Sugar Land TX pool plaster companies|https://jrpoolplastering.com/sugar-land-tx-pool-re...|3|4|1|UP
concrete pool resurfacing Houston, TX|https://jrpoolplastering.com/houston-tx-pool-concrete-repair|1|30|30|NEW
Friendswood TX pool replastering near me|https://jrpoolplastering.com/pool-replastering-near-me-friendswood-tx|3|1|2|DOWN
Seabrook TX swimming pool resurfacing|https://jrpoolplastering.com/seabrook-tx-pool-refinishing|4|3|1|DOWN
Friendswood TX pool plaster companies|https://jrpoolplastering.com/|1|1|0|EQ
Seabrook TX pool replastering near me|https://jrpoolplastering.com/seabrook-tx-pool-replastering-near-me|4|3|1|DOWN
Cinco Ranch TX swimming pool resurfacing|https://jrpoolplastering.com/cinco-ranch-tx-swimming-pool-resurfacing|4|3|1|DOWN
League City TX pool deck resurfacing|https://jrpoolplastering.com/league-city-tx-pool-deck-resurfacing|3|2|1|DOWN
pearland tx pool replastering|https://jrpoolplastering.com/pearland-tx-pool-replastering-near-me|4|5|1|UP
seabrook tx pool resurfacing|https://jrpoolplastering.com/seabrook-tx-pool-resurfacing|4|4|0|EQ
pool plaster resurfacing Houston, TX|https://www.jrpoolplastering.com/|2|3|1|UP
League City TX swimming pool resurfacing|https://jrpoolplastering.com/league-city-tx-pool-resurfacing|5|5|0|EQ
Seabrook TX swimming pool remodeling|http://jrpoolplastering.com|4|4|0|EQ
friendswood texas pool resurfacing near me|https://jrpoolplastering.com/friendswood-tx-pool-renovations-near-me|3|4|1|UP
Sugar Land TX wet edge|https://jrpoolplastering.com/sugar-land-tx-wet-edge|2|2|0|EQ
houston tx pool plaster|https://www.jrpoolplastering.com/|1|5|4|UP
missouri city tx pool renovations|https://jrpoolplastering.com/swimming-pool-renovation-missouri-city-tx|4|2|2|DOWN
the woodlands tx pool plaster repair|https://jrpoolplastering.com/the-woodlands-tx-pool-plaster-repair|4|2|2|DOWN
League City TX pool plastering near me|https://jrpoolplastering.com/pool-replastering-near-me-league-city-tx|3|3|0|EQ
Missouri City TX pool concrete repair|https://www.jrpoolplastering.com/|2|1|1|DOWN
Cinco Ranch TX pool renovations near me|https://jrpoolplastering.com/cinco-ranch-tx-pool-renovations|3|2|1|DOWN
Missouri City TX swimming pool remodeling|https://www.jrpoolplastering.com/|1|1|0|EQ
Seabrook TX pool replastering -|https://jrpoolplastering.com/seabrook-tx-swimming-pool-resurfacing|4|4|0|EQ
Webster TX pool renovations|https://jrpoolplastering.com/webster-tx-pool-renovations|3|2|1|DOWN
Pearland TX pool plastering near me|https://jrpoolplastering.com/pearland-tx-pool-plastering-near-me|4|2|2|DOWN
The Woodlands TX pool replastering near me|https://jrpoolplastering.com/pool-replastering-near-me-the-woodlands-tx|3|2|1|DOWN
Cinco Ranch TX pool renovations|https://jrpoolplastering.com/cinco-ranch-tx-pool-renovations|4|3|1|DOWN
swimming pool plaster Sugar Land TX|https://jrpoolplastering.com/sugar-land-tx-pool-re...|4|4|0|EQ
Pearland TX swimming pool resurfacing|https://jrpoolplastering.com/pearland-tx-swimming...|3|3|0|EQ
Sugar Land TX pool replastering near me|https://www.jrpoolplastering.com/|1|4|3|UP
sugar land tx pool plaster|http://jrpoolplastering.com|6|3|3|DOWN
Seabrook TX pool renovations near me|https://jrpoolplastering.com/seabrook-tx-pool...|4|4|0|EQ
Sugar Land TX pool plaster repair|https://jrpoolplastering.com/sugar-land-tx-pool-plaster-repair|5|3|2|DOWN
league city tx pool replastering|https://jrpoolplastering.com/league-city-tx-pool-replastering|5|4|1|DOWN
pearland tx pool resurfacing|https://jrpoolplastering.com/pearland-tx-swimming...|4|3|1|DOWN
pool resurfacing companies League City TX|https://jrpoolplastering.com/quality-pool-resurfacing-companies-league-city-tx|7|5|2|DOWN
friendswood tx pool replastering|https://jrpoolplastering.com/pool-replastering-near-me-friendswood-tx|4|6|2|UP
pool resurfacing companies Missouri City TX|https://jrpoolplastering.com/missouri-city-tx-swimming-pool-resurfacing|5|5|0|EQ
missouri city tx pool resurfacing|https://jrpoolplastering.com/missouri-city-tx-swimming-pool-resurfacing|6|5|1|DOWN
Cinco Ranch TX Pool Remodeling Near Me|https://jrpoolplastering.com/cinco-ranch-tx-pool-remodeling|4|3|1|DOWN
the woodlands texas pool resurfacing near me|https://jrpoolplastering.com/the-woodlands-tx-pool-deck-resurfacing|6|5|1|DOWN
League City TX pool replastering near me|https://jrpoolplastering.com/league-city-tx-pool-resurfacing|4|4|0|EQ
Missouri City TX swimming pool resurfacing|http://jrpoolplastering.com|6|5|1|DOWN
missouri city texas pool resurfacing near me|https://www.jrpoolplastering.com/|1|7|6|UP
houston tx pool plaster companies near me|https://jrpoolplastering.com|4|1|3|DOWN
Friendswood TX pool refinishing|https://jrpoolplastering.com/friendswood-tx-pool-refinishing|7|2|5|DOWN
houston tx pool replastering|https://www.jrpoolplastering.com/|1|1|0|EQ
The Woodlands TX pool plaster companies|https://jrpoolplastering.com/the-woodlands-tx-pool-replastering|5|2|3|DOWN
sugar land tx pool deck resurfacing|http://jrpoolplastering.com|6|6|0|EQ
Friendswood TX plastering companies near me|https://jrpoolplastering.com/|1|1|0|EQ
houston tx pool plastering near me|https://jrpoolplastering.com|3|1|2|DOWN
league city texas pool resurfacing near me|https://jrpoolplastering.com/league-city-texas-pool-resurfacing-near-me|4|5|1|UP
Cinco Ranch TX swimming pool remodeling|http://jrpoolplastering.com|6|5|1|DOWN
the woodlands tx pool resurfacing|http://jrpoolplastering.com|4|5|1|UP
Cinco Ranch TX pool remodeling|http://jrpoolplastering.com|6|5|1|DOWN
Friendswood TX swimming pool resurfacing|https://jrpoolplastering.com/friendswood-tx-swimming-pool-resurfacing|8|4|4|DOWN
pool resurfacing companies Friendswood TX|https://jrpoolplastering.com/friendswood-tx-pool-resurfacing|4|3|1|DOWN
Pearland TX plastering companies near me|https://jrpoolplastering.com/|1|1|0|EQ
Missouri City TX pool refinishing|https://jrpoolplastering.com/missouri-city-tx-pool-refinishing|6|2|4|DOWN
pearland texas pool resurfacing near me|https://jrpoolplastering.com/pearland-tx-pool-renovations-near-me|4|5|1|UP
league city tx pool remodeling|http://jrpoolplastering.com|6|6|0|EQ
concrete pool resurfacing Sugar Land, TX|https://jrpoolplastering.com/concrete-pool-resurfacing-sugar-land-tx|3|30|30|NEW
league city tx pool resurfacing|https://jrpoolplastering.com/league-city-tx-pool-resurfacing|6|7|1|UP
Webster TX pool restoration|https://jrpoolplastering.com/the-best-pool-restoration-company-webster-tx|6|11|5|UP
League City TX pool refinishing|https://jrpoolplastering.com/league-city-tx-pool-refinishing|7|2|5|DOWN
Pearland TX pool replastering near me|https://jrpoolplastering.com/pearland-tx-pool-replastering-near-me|4|3|1|DOWN
sugar land tx pool refurbishment|http://jrpoolplastering.com|6|6|0|EQ
Webster TX Pool Remodeling Near Me|https://jrpoolplastering.com/webster-tx-swimming-pool-remodeling|4|2|2|DOWN
friendswood tx pool renovations|http://jrpoolplastering.com|6|5|1|DOWN
pool resurfacing companies Pearland TX|https://jrpoolplastering.com/pool-resurfacing-companies-pearland-tx|4|4|0|EQ
swimming pool renovation Missouri City, TX|https://jrpoolplastering.com/swimming-pool-renovation-missouri-city-tx|3|1|2|DOWN
friendswood tx pool resurfacing|https://jrpoolplastering.com/friendswood-tx-pool-deck-resurfacing|4|4|0|EQ
The Woodlands TX pool refinishing|https://jrpoolplastering.com/the-woodlands-tx-pool-refinishing|8|4|4|DOWN
Webster TX pool renovations near me|https://jrpoolplastering.com/webster-tx-swimming-pool-remodeling|4|5|1|UP
River Oaks TX plastering companies near me|https://jrpoolplastering.com/river-oaks-tx-pool-plastering-near-me|10|4|6|DOWN
Pearland TX pool refinishing|https://jrpoolplastering.com/pearland-tx-pool-refinishing|3|2|1|DOWN
Sugar Land TX pool plastering near me|https://jrpoolplastering.com/sugar-land-tx-pool-plaster-repair|5|3|2|DOWN
missouri city tx pool remodeling|http://jrpoolplastering.com|8|1|7|DOWN
houston tx pool replastering near me|https://jrpoolplastering.com|3|1|2|DOWN
River Oaks TX pool repair companies|https://jrpoolplastering.com/river-oaks-tx-pool-restoration|5|2|3|DOWN
Missouri City TX pool restoration|https://jrpoolplastering.com/swimming-pool-renovation-missouri-city-tx|4|6|2|UP
sugar land tx pool restoration|http://jrpoolplastering.com|6|6|0|EQ
The Woodlands TX plastering companies near me|https://jrpoolplastering.com/the-woodlands-tx-plastering-companies-near-me|10|10|0|EQ
Missouri City TX pool renovations near me|https://jrpoolplastering.com/missouri-city-tx-pool-renovations|10|1|9|DOWN
pool replastering houston texas|https://jrpoolplastering.com/pool-services/plastering|4|1|3|DOWN
sugar land texas pool resurfacing near me|https://jrpoolplastering.com/sugar-land-tx-pool...|4|12|8|UP
swimming pool renovation Friendswood, TX|https://jrpoolplastering.com/friendswood-tx-pool-renovations|5|8|3|UP
league city tx pool renovations|https://jrpoolplastering.com/league-city-tx-pool-renovations|7|29|22|UP
Webster TX pool remodeling|https://jrpoolplastering.com/webster-tx-swimming-pool-remodeling|11|5|6|DOWN
pool resurfacing companies The Woodlands TX|https://jrpoolplastering.com/the-woodlands-tx-pool-resurfacing|9|5|4|DOWN
League City TX plastering companies near me|https://jrpoolplastering.com/league-city-tx-plastering-companies-near-me|10|11|1|UP
houston tx pool plaster companies|https://www.jrpoolplastering.com/|1|4|3|UP
Webster TX plastering companies near me|https://jrpoolplastering.com/webster-tx-plastering-companies-near-me|12|2|10|DOWN
sugar land texas pool resurfacing companies near me|https://jrpoolplastering.com/sugar-land-texas-pool...|5|11|6|UP
Sugar Land TX pool resurfacing|https://jrpoolplastering.com/sugar-land-tx-pool-resurfacing|4|3|1|DOWN
houston tx swimming pool replastering|https://www.jrpoolplastering.com/|1|1|0|EQ
houston tx concrete pool deck resurfacing|https://jrpoolplastering.com/houston-tx-pool-concrete-repair|7|11|4|UP
Webster TX swimming pool remodeling|https://jrpoolplastering.com/webster-tx-pool-remodeling|12|2|10|DOWN
swimming pool renovation Sugar Land, TX|http://jrpoolplastering.com|7|11|4|UP
Seabrook TX Pool Remodeling Near Me|https://jrpoolplastering.com/seabrook-tx-pool...|8|7|1|DOWN
The Woodlands TX pool renovations near me|https://jrpoolplastering.com/the-woodlands-tx-pool-renovations-near-me|6|2|4|DOWN
Sugar Land TX swimming pool remodeling|http://jrpoolplastering.com|6|6|0|EQ
Missouri City TX plastering companies near me|https://jrpoolplastering.com/missouri-city-tx-plastering-companies-near-me|11|1|10|DOWN
friendswood tx pool remodeling|https://jrpoolplastering.com/friendswood-tx-pool-remodeling|14|6|8|DOWN
sugar land tx pool repair companies|http://jrpoolplastering.com|6|30|24|NEW
Seabrook TX pool restoration|https://jrpoolplastering.com/seabrook-tx-pool-refinishing|5|6|1|UP
Pearland TX Swimming Pool Remodeling|http://jrpoolplastering.com|5|6|1|UP
Sugarland TX plastering companies near me|https://jrpoolplastering.com/sugarland-tx-plastering-companies-near-me|12|1|11|DOWN
Friendswood TX swimming pool remodeling|https://jrpoolplastering.com/friendswood-tx-swimming-pool-remodeling|12|3|9|DOWN
houston tx pool refinishing|https://jrpoolplastering.com/houston-tx-pool-refinishing|6|7|1|UP
League City TX pool renovations near me|https://jrpoolplastering.com/league-city-tx-pool-renovations-near-me|7|9|2|UP
houston tx pool restoration near me|https://jrpoolplastering.com|12|11|1|DOWN
The Woodlands TX swimming pool resurfacing|https://jrpoolplastering.com/the-woodlands-tx-pool-resurfacing|13|9|4|DOWN
houston tx pool resurfacing cost|https://jrpoolplastering.com/houston-tx-gunite...|14|2|12|DOWN
League City TX Swimming Pool Remodeling|https://jrpoolplastering.com/league-city-tx-swimming-pool-remodeling|10|30|20|NEW
Seabrook TX plastering companies near me|https://jrpoolplastering.com/seabrook-tx-pool-plastering-near-me|12|1|11|DOWN
houston tx pool refurbishment|https://jrpoolplastering.com/houston-tx-pool-refurbishment|5|6|1|UP
houston tx pool refurbishing near me|https://jrpoolplastering.com|12|9|3|DOWN
Friendswood TX pool renovations near me|https://jrpoolplastering.com/friendswood-tx-pool-renovations-near-me|11|10|1|DOWN
Friendswood TX Pool Remodeling Near Me|https://jrpoolplastering.com/friendswood-tx-pool...|12|5|7|DOWN
pool repair and remodeling sugar land tx|http://jrpoolplastering.com|6|13|7|UP
Sugar Land TX pool renovations|https://jrpoolplastering.com/sugar-land-tx-pool-renovations|7|12|5|UP
Missouri City TX Pool Remodeling Near Me|https://www.jrpoolplastering.com/|1|1|0|EQ
houston tx pool restoration|https://jrpoolplastering.com/locations/houston|10|5|5|DOWN
houston tx pool replastering companies|https://jrpoolplastering.com|8|3|5|DOWN
Pearland TX pool restoration|http://jrpoolplastering.com|6|6|0|EQ
Pearland TX pool renovations near me|https://jrpoolplastering.com/pearland-tx-pool-renovations-near-me|15|13|2|DOWN
houston tx pool plaster repair|https://jrpoolplastering.com/houston-tx-pool-concrete-repair|15|1|14|DOWN
houston tx swimming pool resurfacing|http://jrpoolplastering.com|4|7|3|UP
houston tx pool resurfacing|http://jrpoolplastering.com|8|17|9|UP
swimming pool renovation Pearland TX|http://jrpoolplastering.com|4|12|8|UP
seabrook tx pool remodeling|https://jrpoolplastering.com/pool-plaster-resurfacing-seabrook-tx|15|6|9|DOWN
houston tx plastering companies near me|https://jrpoolplastering.com/houston-tx-plastering-companies-near-me|13|12|1|DOWN
houston tx pool resurfacing near me|https://jrpoolplastering.com|12|11|1|DOWN
Sugar Land TX swimming pool resurfacing|https://jrpoolplastering.com/sugar-land-tx-pool-resurfacing|8|6|2|DOWN
webster tx pool repair companies|http://jrpoolplastering.com|6|3|3|DOWN
Pearland TX pool remodeling near me|https://jrpoolplastering.com/pearland-tx-pool-remodeling-near-me|16|15|1|DOWN
pool resurfacing companies Sugar Land TX|https://jrpoolplastering.com/sugar-land-tx-pool-resurfacing|5|5|0|EQ
pool refinishing near me Seabrook, TX|||30|30|NEW
pearland tx pool renovations|https://jrpoolplastering.com/pearland-tx-pool...|12|6|6|DOWN
houston tx swimming pool renovation near me|https://jrpoolplastering.com|16|5|11|DOWN
Seabrook TX pool repair companies|https://jrpoolplastering.com/impressive-pool-concrete-repair-seabrook-tx|11|12|1|UP
sugar land tx pool remodeling companies|https://jrpoolplastering.com/sugar-land-tx-pool-remodeling|13|4|9|DOWN
pool refinishing near me Cinco Ranch, TX|||30|30|NEW
Sugar Land TX pool renovations near me|https://jrpoolplastering.com/sugar-land-tx-pool...|15|12|3|DOWN
Sugar Land TX pool remodeling|https://jrpoolplastering.com/sugar-land-texas-pool-remodeling|12|6|6|DOWN
Sugar Land TX Pool Remodeling Near Me|https://jrpoolplastering.com/sugar-land-tx-pool-remodeling-near-me|14|4|10|DOWN
houston tx pool renovation companies near me|https://jrpoolplastering.com|14|15|1|UP
pool plastering|https://jrpoolplastering.com|3|1|2|DOWN
pool refinishing near me Friendswood, TX|||30|30|NEW
pearland texas pool repair companies|https://jrpoolplastering.com/pearland-tx-pool-concrete-repair|14|2|12|DOWN
The Woodlands TX swimming pool remodeling|https://jrpoolplastering.com/the-woodlands-tx-swimming-pool-remodeling|12|11|1|DOWN
pool repair and remodeling houston tx|https://jrpoolplastering.com|13|30|17|NEW
pool refinishing near me The Woodlands, TX|||30|30|NEW
pool refinishing near me Webster, TX|||30|30|NEW
houston tx pool remodeling near me|https://jrpoolplastering.com/houston-tx-pool-renovations-near-me|16|13|3|DOWN
swimming pool renovation League City TX|https://jrpoolplastering.com/swimming-pool...|12|2|10|DOWN
pool refinishing near me League City, TX|||30|30|NEW
pool refinishing near me Pearland, TX|||30|30|NEW
houston tx swimming pool resurfacing near me|https://jrpoolplastering.com/pool-services/plastering|10|9|1|DOWN
pool refinishing near me Sugar Land, TX|||30|30|NEW
houston tx pool renovations near me|https://jrpoolplastering.com|14|14|0|EQ
the woodlands tx pool renovations|https://jrpoolplastering.com/the-woodlands-tx-pool-renovations|17|17|0|EQ
pool plaster company|https://jrpoolplastering.com|1|1|0|EQ
swimming pool renovation The Woodlands TX|http://jrpoolplastering.com|9|15|6|UP
pool plaster companies|https://jrpoolplastering.com|2|1|1|DOWN
The Woodlands TX pool remodeling near me|https://jrpoolplastering.com/the-woodlands-texas-pool-resurfacing-near-me|17|9|8|DOWN
Fulshear TX wet edge|https://jrpoolplastering.com/fulshear-tx-wet-edge|1|2|1|UP
the woodlands tx pool remodeling|https://jrpoolplastering.com/the-woodlands-tx-swimming-pool-remodeling|14|17|3|UP
pearland tx pool remodeling|https://jrpoolplastering.com/pearland-tx-pool-remodeling|15|16|1|UP
houston tx swimming pool remodeling contractor|https://jrpoolplastering.com/be-inspired|20|16|4|DOWN
Friendswood TX pool restoration|https://jrpoolplastering.com/friendswood-tx-pool...|12|12|0|EQ
houston tx pool deck resurfacing|https://jrpoolplastering.com/houston-tx-concrete...|15|9|6|DOWN
houston tx pool renovations|https://jrpoolplastering.com/houston-tx-pool-renovations|17|3|14|DOWN
houston tx pool resurfacing companies|https://jrpoolplastering.com|30|8|22|DOWN
Fulshear TX pool plaster repair|https://jrpoolplastering.com/fulshear-tx-pool-plaster-repair|3|3|0|EQ
The Woodlands TX pool restoration|https://jrpoolplastering.com/the-woodlands-tx-pool-deck-resurfacing|21|13|8|DOWN
houston tx pool resurfacing companies near me|https://jrpoolplastering.com|12|9|3|DOWN
pool refinishing near me Houston, TX|||30|30|NEW
houston tx swimming pool renovation|http://jrpoolplastering.com|6|27|21|UP
league city texas pool repair companies|https://jrpoolplastering.com/league-city-texas-pool-repair-companies|13|14|1|UP
houston tx swimming pool remodeling|http://jrpoolplastering.com|9|7|2|DOWN
plastering companies near me|https://jrpoolplastering.com|18|1|17|DOWN
houston tx pool remodeling|https://jrpoolplastering.com/houston-tx-pool-remodeling|16|30|14|NEW
houston texas commercial pool repair|https://jrpoolplastering.com/houston-texas-commercial-pool-repair|6|6|0|EQ
pool designers near me Pearland, TX|https://jrpoolplastering.com/pool-designers-near-me-pearland-tx|14|15|1|UP
gunite and inground gunite swimming pools|https://www.jrpoolplastering.com/|2|2|0|EQ
houston tx pool designers near me|https://jrpoolplastering.com/houston-tx-pool-designers-near-me|15|15|0|EQ
stone pool coping houston tx|https://jrpoolplastering.com/pool-services/tile-copi…|24|30|6|NEW
