jrpoolplastering.com|https://jrpoolplastering.com/|1|1|0|EQ
pearland tx wet edge|https://jrpoolplastering.com/pearland-tx-wet-edge/|1|1|0|EQ
league city tx wet edge|https://jrpoolplastering.com/league-city-tx-wet-edge/|1|1|0|EQ
the woodlands tx wet edge|https://jrpoolplastering.com/the-woodlands-tx-wet-edge/|1|1|0|EQ
sugar land tx marcite pool|https://jrpoolplastering.com/sugar-land-tx-marcite-pool/|1|1|0|EQ
houston texas gunite pool crack repair|https://jrpoolplastering.com/houston-texas-gunite-pool-crack-repair/|1|1|0|EQ
marcite pool Pearland TX|https://jrpoolplastering.com/marcite-pool-pearland-tx/|1|1|0|EQ
marcite pool League City TX|https://jrpoolplastering.com/houston-tx-marcite-pool/|2|1|1|DOWN
houston tx gunite pool resurfacing|https://jrpoolplastering.com/houston-tx-pool-resurfacing-cost/|2|2|0|EQ
houston tx remarcite pool|https://jrpoolplastering.com/houston-tx-pool-resurfacing-cost/|2|2|0|EQ
webster tx gunite pool|https://jrpoolplastering.com/webster-tx-gunite-swimming-pool/|1|1|0|EQ
houston tx wet edge|https://jrpoolplastering.com/houston-tx-wet-edge-pool-finish/|1|1|0|EQ
River Oaks TX pool refinishing|https://jrpoolplastering.com/river-oaks-tx-pool-refinishing/|1|1|0|EQ
marcite pool The Woodlands TX|https://jrpoolplastering.com/houston-tx-marcite-pool/|2|1|1|DOWN
houston tx gunite pool repair|https://jrpoolplastering.com/houston-tx-gunite-pool-repair/|2|2|0|EQ
houston tx marcite pool|https://jrpoolplastering.com/houston-tx-marcite-pool/|2|1|1|DOWN
River Oaks TX concrete pool deck resurfacing|https://jrpoolplastering.com/river-oaks-tx-concrete-pool-deck-resurfacing/|2|1|1|DOWN
webster tx pool plaster|https://jrpoolplastering.com/webster-tx-pool-plaster/|2|2|0|EQ
houston tx olympic pool plastering|https://jrpoolplastering.com/houston-tx-olympic-pool-plastering/|2|2|0|EQ
Missouri City TX concrete pool deck resurfacing|https://jrpoolplastering.com/missouri-city-tx-pool-deck-resurfacing/|2|2|0|EQ
Webster TX concrete pool deck resurfacing|https://jrpoolplastering.com/webster-tx-pool-deck-resurfacing/|2|1|1|DOWN
cinco ranch texas pool resurfacing near me|https://jrpoolplastering.com/cinco-ranch-texas-gunite-pool-resurfacing/|2|3|1|UP
Friendswood TX concrete pool deck resurfacing|https://jrpoolplastering.com/friendswood-tx-concrete-pool-deck-resurfacing/|2|1|1|DOWN
Cinco Ranch TX pool concrete repair|https://jrpoolplastering.com/inexpensive-pool-concrete-repair-cinco-ranch-tx/|2|2|0|EQ
Webster TX pool deck resurfacing|https://jrpoolplastering.com/webster-tx-pool-deck-resurfacing/|2|2|0|EQ
cinco ranch tx gunite pool|https://jrpoolplastering.com/cinco-ranch-tx-gunite-swimming-pool/|2|1|1|DOWN
Friendswood TX pool deck resurfacing|https://jrpoolplastering.com/friendswood-tx-pool-deck-resurfacing/|2|1|1|DOWN
River Oaks TX pool plaster companies|https://jrpoolplastering.com/river-oaks-tx-pool-plaster/|2|2|0|EQ
Cinco Ranch TX pool plaster companies|https://jrpoolplastering.com/cinco-ranch-tx-pool-plaster/|2|2|0|EQ
Webster TX pool replastering|https://jrpoolplastering.com/webster-tx-pool-replastering/|2|2|0|EQ
Webster TX pool plaster repair|https://jrpoolplastering.com/webster-tx-pool-plaster-repair/|2|2|0|EQ
Seabrook TX pool plaster repair|https://jrpoolplastering.com/seabrook-tx-pool-plaster-repair/|2|2|0|EQ
River Oaks TX pool plaster repair|https://jrpoolplastering.com/river-oaks-tx-pool-plaster-repair/|2|1|1|DOWN
Missouri City TX wet edge|https://jrpoolplastering.com/missouri-city-tx-wet-edge/|1|1|0|EQ
Cinco Ranch TX pool plastering near me|https://jrpoolplastering.com/cinco-ranch-tx-pool-plaster/|2|2|0|EQ
River Oaks TX pool concrete repair|https://jrpoolplastering.com/river-oaks-tx-concrete-pool-deck-resurfacing/|2|2|0|EQ
Webster TX pool plaster companies|https://jrpoolplastering.com/webster-tx-pool-replastering/|2|2|0|EQ
River Oaks TX pool replastering-|https://jrpoolplastering.com/river-oaks-tx-pool-plaster/|2|1|1|DOWN
River Oaks TX pool plastering near me|https://jrpoolplastering.com/river-oaks-tx-pool-plastering-near-me/|2|2|0|EQ
League City TX pool plaster companies|https://jrpoolplastering.com/league-city-tx-pool-resurfacing/|2|2|0|EQ
Webster TX pool replastering near me|https://jrpoolplastering.com/webster-tx-pool-plastering-near-me/|2|2|0|EQ
Cinco Ranch TX pool deck resurfacing|https://jrpoolplastering.com/cinco-ranch-tx-pool-deck-resurfacing/|2|2|0|EQ
Cinco Ranch TX pool replastering|https://jrpoolplastering.com/cinco-ranch-tx-pool-plaster/|2|2|0|EQ
Cinco Ranch TX concrete pool deck resurfacing|https://jrpoolplastering.com/cinco-ranch-tx-pool-deck-resurfacing/|2|2|0|EQ
Pearland TX concrete pool deck resurfacing|https://jrpoolplastering.com/pearland-tx-concrete-pool-deck-resurfacing/|2|2|0|EQ
River Oaks TX pool restoration|https://jrpoolplastering.com/river-oaks-tx-pool-refinishing/|2|2|0|EQ
Missouri City TX pool plaster companies|https://jrpoolplastering.com/missouri-city-tx-pool-plaster-repair/|2|2|0|EQ
Seabrook TX pool concrete repair|https://jrpoolplastering.com/seabrook-tx-concrete-pool-deck-resurfacing/|2|2|0|EQ
pool plaster resurfacing Cinco Ranch, TX|https://jrpoolplastering.com/pool-plaster-resurfacing-cinco-ranch-tx/|2|2|0|EQ
Cinco Ranch TX pool refinishing|https://jrpoolplastering.com/cinco-ranch-tx-pool-refinishing/|2|2|0|EQ
houston tx wet edge pool finish|https://jrpoolplastering.com/houston-tx-wet-edge-pool-finish/|1|1|0|EQ
River Oaks TX pool replastering near me|https://jrpoolplastering.com/river-oaks-tx-pool-replastering/|2|2|0|EQ
swimming pool plaster River Oaks TX|https://jrpoolplastering.com/river-oaks-tx-pool-plaster/|1|1|0|EQ
pool plaster resurfacing League City, TX|https://jrpoolplastering.com/league-city-tx-pool-resurfacing/|2|1|1|DOWN
river oaks texas pool resurfacing near me|https://jrpoolplastering.com/river-oaks-tx-pool-resurfacing/|2|1|1|DOWN
concrete pool resurfacing Cinco Ranch, TX|https://jrpoolplastering.com/concrete-pool-resurfacing-cinco-ranch-tx/|2|2|0|EQ
River Oaks TX pool plaster|https://jrpoolplastering.com/river-oaks-tx-pool-plaster/|2|1|1|DOWN
pool resurfacing companies Webster TX|https://jrpoolplastering.com/webster-tx-pool-resurfacing/|2|2|0|EQ
Sugar Land TX pool replastering|https://jrpoolplastering.com/sugar-land-tx-pool-plaster/|2|2|0|EQ
Missouri City TX pool deck resurfacing|https://jrpoolplastering.com/missouri-city-tx-pool-deck-resurfacing/|2|2|0|EQ
The Woodlands TX concrete pool deck resurfacing|https://jrpoolplastering.com/the-woodlands-tx-pool-deck-resurfacing/|2|2|0|EQ
Pearland TX pool plaster companies|https://jrpoolplastering.com/pearland-tx-pool-plaster-repair/|2|2|0|EQ
cinco ranch tx pool resurfacing|https://jrpoolplastering.com/cinco-ranch-texas-gunite-pool-resurfacing/|2|2|0|EQ
League City TX pool plaster|https://jrpoolplastering.com/league-city-tx-pool-resurfacing/|2|1|1|DOWN
pearland tx pool plaster repair|https://jrpoolplastering.com/pearland-tx-pool-plaster-repair/|2|1|1|DOWN
River Oaks TX Pool Remodeling Near Me|https://jrpoolplastering.com/river-oaks-tx-pool-remodeling-near-me/|2|2|0|EQ
River Oaks TX pool deck resurfacing|https://jrpoolplastering.com/river-oaks-tx-pool-deck-resurfacing/|2|1|1|DOWN
Missouri City TX pool plastering near me|https://jrpoolplastering.com/missouri-city-tx-pool-plaster-repair/|2|2|0|EQ
River Oaks TX pool renovations near me|https://jrpoolplastering.com/river-oaks-tx-pool-remodeling-near-me/|1|1|0|EQ
cinco ranch tx pool plaster|https://jrpoolplastering.com/cinco-ranch-tx-pool-plaster/|2|2|0|EQ
Webster TX pool concrete repair|https://jrpoolplastering.com/excellent-pool-concrete-repair-webster-tx/|2|2|0|EQ
Cinco Ranch TX pool restoration|https://jrpoolplastering.com/cinco-ranch-tx-pool-refinishing/|2|2|0|EQ
pool plaster resurfacing Friendswood, TX|https://jrpoolplastering.com/friendswood-tx-pool-resurfacing/|2|2|0|EQ
Seabrook TX pool refinishing|https://jrpoolplastering.com/seabrook-tx-pool-refinishing/|2|2|0|EQ
pool plaster resurfacing Pearland, TX|https://jrpoolplastering.com/pool-plaster-resurfacing-pearland-tx/|2|2|0|EQ
pool resurfacing companies Cinco Ranch TX|https://jrpoolplastering.com/pool-resurfacing-companies-cinco-ranch-tx/|2|2|0|EQ
Cinco Ranch TX pool replastering near me|https://jrpoolplastering.com/cinco-ranch-tx-pool-plaster/|2|2|0|EQ
Webster TX pool plastering near me|https://jrpoolplastering.com/webster-tx-pool-plaster/|2|2|0|EQ
pool plaster resurfacing Seabrook, TX|https://jrpoolplastering.com/pool-plaster-resurfacing-seabrook-tx/|2|1|1|DOWN
River Oaks TX swimming pool resurfacing|https://jrpoolplastering.com/river-oaks-tx-pool-resurfacing/|2|1|1|DOWN
Pearland TX pool deck resurfacing|https://jrpoolplastering.com/pearland-tx-pool-deck-resurfacing/|2|2|0|EQ
Seabrook TX pool plaster|https://jrpoolplastering.com/swimming-pool-plaster-seabrook-tx/|2|1|1|DOWN
Seabrook TX pool plastering near me|https://jrpoolplastering.com/seabrook-tx-pool-plastering-near-me/|2|2|0|EQ
Webster TX pool resurfacing|https://jrpoolplastering.com/webster-tx-pool-resurfacing/|2|2|0|EQ
Friendswood TX pool plaster|https://jrpoolplastering.com/friendswood-tx-pool-plaster/|2|1|1|DOWN
river oaks tx pool remodeling|https://jrpoolplastering.com/river-oaks-tx-swimming-pool-remodeling/|2|2|0|EQ
seabrook texas pool resurfacing near me|https://jrpoolplastering.com/seabrook-texas-pool-resurfacing-near-me/|2|2|0|EQ
River Oaks TX swimming pool remodeling|https://jrpoolplastering.com/river-oaks-tx-swimming-pool-remodeling/|2|2|0|EQ
Webster TX pool refinishing|https://jrpoolplastering.com/webster-tx-pool-resurfacing/|2|2|0|EQ
swimming pool plaster Seabrook TX|https://jrpoolplastering.com/swimming-pool-plaster-seabrook-tx/|2|1|1|DOWN
Seabrook TX pool deck resurfacing|https://jrpoolplastering.com/seabrook-tx-pool-deck-resurfacing/|2|1|1|DOWN
Cinco Ranch TX pool plaster repair|https://jrpoolplastering.com/cinco-ranch-tx-pool-plaster-repair/|2|2|0|EQ
river oaks tx pool resurfacing|https://jrpoolplastering.com/river-oaks-tx-pool-resurfacing/|2|2|0|EQ
houston tx gunite pool|https://www.jrpoolplastering.com/|1|3|2|UP
swimming pool plaster League City TX|https://jrpoolplastering.com/league-city-tx-pool-resurfacing/|2|1|1|DOWN
pool plaster resurfacing Webster, TX|https://jrpoolplastering.com/webster-tx-pool-plaster-repair/|2|2|0|EQ
concrete pool resurfacing Webster, TX|https://jrpoolplastering.com/concrete-pool-resurfacing-services-webster-tx/|2|2|0|EQ
houston tx gunite swimming pool|https://jrpoolplastering.com/houston-tx-gunite-pool/|3|3|0|EQ
missouri city tx pool replastering|https://jrpoolplastering.com/missouri-city-tx-pool-plaster-repair/|2|2|0|EQ
Seabrook TX concrete pool deck resurfacing|https://jrpoolplastering.com/seabrook-tx-concrete-pool-deck-resurfacing/|2|1|1|DOWN
concrete pool resurfacing Seabrook, TX|https://jrpoolplastering.com/concrete-pool-resurfacing-seabrook-tx/|2|2|0|EQ
Friendswood TX pool plastering near me|https://jrpoolplastering.com/friendswood-tx-pool-plaster/|2|2|0|EQ
Cinco Ranch TX plastering companies near me|https://jrpoolplastering.com/cinco-ranch-tx-pool-plaster/|2|1|1|DOWN
League City TX concrete pool deck resurfacing|https://jrpoolplastering.com/league-city-tx-pool-deck-resurfacing/|2|2|0|EQ
concrete pool resurfacing Pearland, TX|https://jrpoolplastering.com/pearland-tx-pool-resurfacing/|2|3|1|UP
Missouri City TX pool plaster|https://jrpoolplastering.com/missouri-city-tx-pool-plaster-repair/|2|2|0|EQ
concrete pool resurfacing The Woodlands, TX|https://jrpoolplastering.com/the-woodlands-tx-pool-resurfacing/|2|2|0|EQ
Missouri City TX pool replastering near me|https://jrpoolplastering.com/missouri-city-tx-pool-plaster-repair/|3|2|1|DOWN
Friendswood TX pool concrete repair|https://jrpoolplastering.com/friendswood-tx-pool-concrete-repair/|2|2|0|EQ
concrete pool resurfacing Friendswood, TX|https://jrpoolplastering.com/friendswood-tx-pool-resurfacing/|2|2|0|EQ
The Woodlands TX pool plastering near me|https://jrpoolplastering.com/the-woodlands-tx-pool-replastering/|2|2|0|EQ
the woodlands tx pool replastering|https://jrpoolplastering.com/the-woodlands-tx-pool-replastering/|2|2|0|EQ
concrete pool resurfacing League City, TX|https://jrpoolplastering.com/league-city-tx-pool-resurfacing/|2|2|0|EQ
houston tx all phase pool remodeling|https://jrpoolplastering.com/houston-tx-all-phase-pool-remodeling/|1|1|0|EQ
Seabrook TX pool plaster companies|https://jrpoolplastering.com/seabrook-tx-pool-plaster/|2|2|0|EQ
webster texas pool resurfacing near me|https://jrpoolplastering.com/webster-tx-gunite-pool-resurfacing/|3|4|1|UP
pool plaster resurfacing Sugar Land, TX|https://jrpoolplastering.com/pool-plaster-resurfacing-sugar-land-tx/|2|3|1|UP
league city tx pool plaster repair|https://jrpoolplastering.com/league-city-tx-pool-plaster-repair/|2|2|0|EQ
The Woodlands TX pool deck resurfacing|https://jrpoolplastering.com/the-woodlands-tx-pool-deck-resurfacing/|1|2|1|UP
Webster TX swimming pool resurfacing|https://jrpoolplastering.com/webster-tx-swimming-pool-resurfacing/|2|2|0|EQ
pool plaster resurfacing The Woodlands, TX|https://jrpoolplastering.com/the-woodlands-tx-pool-resurfacing/|2|1|1|DOWN
missouri city tx pool plaster repair|https://jrpoolplastering.com/missouri-city-tx-pool-plaster-repair/|2|2|0|EQ
sugar land tx gunite pool|https://jrpoolplastering.com/sugar-land-tx-gunite-pool/|2|2|0|EQ
Sugar Land TX concrete pool deck resurfacing|https://jrpoolplastering.com/sugar-land-tx-pool-deck-resurfacing/|2|2|0|EQ
Sugar Land TX pool plaster companies|https://jrpoolplastering.com/sugar-land-tx-pool-plaster/|2|2|0|EQ
concrete pool resurfacing Houston, TX|https://jrpoolplastering.com/houston-tx-pool-resurfacing-cost/|2|2|0|EQ
Friendswood TX pool replastering near me|https://jrpoolplastering.com/friendswood-tx-pool-resurfacing/|2|2|0|EQ
Seabrook TX swimming pool resurfacing|https://jrpoolplastering.com/seabrook-tx-swimming-pool-resurfacing/|2|2|0|EQ
Friendswood TX pool plaster companies|https://jrpoolplastering.com/friendswood-tx-pool-plaster/|2|2|0|EQ
Seabrook TX pool replastering near me|https://jrpoolplastering.com/seabrook-tx-pool-plastering-near-me/|2|2|0|EQ
Cinco Ranch TX swimming pool resurfacing|https://jrpoolplastering.com/cinco-ranch-texas-gunite-pool-resurfacing/|2|2|0|EQ
League City TX pool deck resurfacing|https://jrpoolplastering.com/league-city-tx-pool-deck-resurfacing/|2|2|0|EQ
pearland tx pool replastering|https://jrpoolplastering.com/pearland-tx-pool-replastering/|2|2|0|EQ
seabrook tx pool resurfacing|https://jrpoolplastering.com/seabrook-tx-swimming-pool-resurfacing/|2|2|0|EQ
pool plaster resurfacing Houston, TX|https://jrpoolplastering.com/houston-tx-pool-resurfacing-cost/|2|2|0|EQ
League City TX swimming pool resurfacing|https://jrpoolplastering.com/league-city-tx-pool-resurfacing/|2|2|0|EQ
Seabrook TX swimming pool remodeling|https://jrpoolplastering.com/seabrook-tx-pool-remodeling/|3|4|1|UP
friendswood texas pool resurfacing near me|https://jrpoolplastering.com/friendswood-tx-pool-resurfacing/|2|3|1|UP
Sugar Land TX wet edge|https://jrpoolplastering.com/pool-plaster-companies-sugar-land-tx/|3|1|2|DOWN
houston tx pool plaster|https://jrpoolplastering.com/houston-tx-pool-plaster-repair/|6|6|0|EQ
missouri city tx pool renovations|https://jrpoolplastering.com/missouri-city-tx-pool-renovations/|2|2|0|EQ
the woodlands tx pool plaster repair|https://jrpoolplastering.com/the-woodlands-tx-pool-plaster-repair/|2|1|1|DOWN
League City TX pool plastering near me|https://jrpoolplastering.com/league-city-tx-pool-resurfacing/|3|2|1|DOWN
Missouri City TX pool concrete repair|https://jrpoolplastering.com/missouri-city-tx-pool-concrete-repair/|2|2|0|EQ
Cinco Ranch TX pool renovations near me|https://jrpoolplastering.com/cinco-ranch-tx-pool-renovations-near-me/|2|2|0|EQ
Missouri City TX swimming pool remodeling|https://jrpoolplastering.com/swimming-pool-renovation-missouri-city-tx/|3|2|1|DOWN
Seabrook TX pool replastering -|https://jrpoolplastering.com/seabrook-tx-pool-plaster/|2|2|0|EQ
Webster TX pool renovations|https://jrpoolplastering.com/webster-tx-pool-renovations/|2|2|0|EQ
Pearland TX pool plastering near me|https://jrpoolplastering.com/pearland-tx-pool-plaster-repair/|4|2|2|DOWN
The Woodlands TX pool replastering near me|https://jrpoolplastering.com/the-woodlands-tx-pool-replastering/|2|2|0|EQ
Cinco Ranch TX pool renovations|https://jrpoolplastering.com/cinco-ranch-tx-pool-renovations/|2|2|0|EQ
swimming pool plaster Sugar Land TX|https://jrpoolplastering.com/sugar-land-tx-pool-plaster/|2|2|0|EQ
Pearland TX swimming pool resurfacing|https://jrpoolplastering.com/pearland-tx-pool-resurfacing/|3|2|1|DOWN
Sugar Land TX pool replastering near me|https://jrpoolplastering.com/sugar-land-tx-pool-plaster/|4|4|0|EQ
sugar land tx pool plaster|https://jrpoolplastering.com/sugar-land-tx-pool-plaster/|2|2|0|EQ
Seabrook TX pool renovations near me|https://jrpoolplastering.com/seabrook-texas-pool-resurfacing-near-me/|2|4|2|UP
Sugar Land TX pool plaster repair|https://jrpoolplastering.com/sugar-land-tx-pool-repair-companies/|2|2|0|EQ
league city tx pool replastering|https://jrpoolplastering.com/league-city-tx-pool-resurfacing/|2|2|0|EQ
pearland tx pool resurfacing|https://jrpoolplastering.com/pearland-tx-pool-resurfacing/|3|2|1|DOWN
pool resurfacing companies League City TX|https://jrpoolplastering.com/league-city-tx-pool-resurfacing/|2|2|0|EQ
friendswood tx pool replastering|https://jrpoolplastering.com/friendswood-tx-pool-resurfacing/|2|2|0|EQ
pool resurfacing companies Missouri City TX|https://jrpoolplastering.com/missouri-city-tx-swimming-pool-resurfacing/|2|2|0|EQ
missouri city tx pool resurfacing|https://jrpoolplastering.com/missouri-city-tx-pool-resurfacing/|2|2|0|EQ
Cinco Ranch TX Pool Remodeling Near Me|https://jrpoolplastering.com/cinco-ranch-tx-pool-renovations-near-me/|2|2|0|EQ
the woodlands texas pool resurfacing near me|https://jrpoolplastering.com/the-woodlands-tx-pool-resurfacing/|2|3|1|UP
League City TX pool replastering near me|https://jrpoolplastering.com/league-city-tx-pool-resurfacing/|4|2|2|DOWN
Missouri City TX swimming pool resurfacing|https://jrpoolplastering.com/missouri-city-tx-pool-resurfacing/|2|2|0|EQ
missouri city texas pool resurfacing near me|https://jrpoolplastering.com/missouri-city-texas-pool-resurfacing-near-me/|4|2|2|DOWN
houston tx pool plaster companies near me|https://jrpoolplastering.com/houston-tx-pool-plaster-companies-near-me/|6|7|1|UP
Friendswood TX pool refinishing|https://jrpoolplastering.com/friendswood-tx-pool-resurfacing/|2|2|0|EQ
houston tx pool replastering|https://jrpoolplastering.com/houston-tx-pool-resurfacing-cost/|4|5|1|UP
The Woodlands TX pool plaster companies|https://jrpoolplastering.com/the-woodlands-tx-pool-replastering/|2|2|0|EQ
sugar land tx pool deck resurfacing|https://jrpoolplastering.com/sugar-land-tx-pool-deck-resurfacing/|2|1|1|DOWN
Friendswood TX plastering companies near me|https://jrpoolplastering.com/friendswood-tx-plastering-companies-near-me/|3|3|0|EQ
houston tx pool plastering near me|https://jrpoolplastering.com/|8|7|1|DOWN
league city texas pool resurfacing near me|https://jrpoolplastering.com/league-city-tx-pool-resurfacing/|2|2|0|EQ
Cinco Ranch TX swimming pool remodeling|https://jrpoolplastering.com/cinco-ranch-tx-pool-remodeling/|2|2|0|EQ
the woodlands tx pool resurfacing|https://jrpoolplastering.com/the-woodlands-tx-pool-resurfacing/|2|2|0|EQ
Cinco Ranch TX pool remodeling|https://jrpoolplastering.com/cinco-ranch-tx-pool-remodeling/|2|2|0|EQ
Friendswood TX swimming pool resurfacing|https://jrpoolplastering.com/friendswood-tx-pool-resurfacing/|2|2|0|EQ
pool resurfacing companies Friendswood TX|https://jrpoolplastering.com/pool-resurfacing-companies-friendswood-tx/|4|2|2|DOWN
Pearland TX plastering companies near me|https://jrpoolplastering.com/pearland-tx-plastering-companies-near-me/|3|3|0|EQ
Missouri City TX pool refinishing|https://jrpoolplastering.com/missouri-city-tx-pool-refinishing/|2|2|0|EQ
pearland texas pool resurfacing near me|https://jrpoolplastering.com/pearland-texas-pool-resurfacing-near-me/|3|3|0|EQ
league city tx pool remodeling|https://jrpoolplastering.com/league-city-tx-pool-resurfacing/|2|2|0|EQ
concrete pool resurfacing Sugar Land, TX|https://jrpoolplastering.com/concrete-pool-resurfacing-sugar-land-tx/|3|3|0|EQ
league city tx pool resurfacing|https://jrpoolplastering.com/league-city-tx-pool-resurfacing/|2|2|0|EQ
Webster TX pool restoration|https://jrpoolplastering.com/webster-tx-pool-repair-companies/|3|3|0|EQ
League City TX pool refinishing|https://jrpoolplastering.com/league-city-tx-pool-resurfacing/|2|2|0|EQ
Pearland TX pool replastering near me|https://jrpoolplastering.com/pearland-tx-pool-replastering-near-me/|4|2|2|DOWN
sugar land tx pool refurbishment|https://jrpoolplastering.com/sugar-land-tx-pool-remodeling/|3|2|1|DOWN
Webster TX Pool Remodeling Near Me|https://jrpoolplastering.com/webster-tx-pool-plastering-near-me/|6|2|4|DOWN
friendswood tx pool renovations|https://jrpoolplastering.com/friendswood-tx-pool-renovations/|2|2|0|EQ
pool resurfacing companies Pearland TX|https://jrpoolplastering.com/pool-resurfacing-companies-pearland-tx/|5|4|1|DOWN
swimming pool renovation Missouri City, TX|https://jrpoolplastering.com/missouri-city-tx-pool-remodeling-near-me/|5|2|3|DOWN
friendswood tx pool resurfacing|https://jrpoolplastering.com/friendswood-tx-pool-resurfacing/|2|2|0|EQ
The Woodlands TX pool refinishing|https://jrpoolplastering.com/the-woodlands-tx-pool-resurfacing/|2|2|0|EQ
Webster TX pool renovations near me|https://jrpoolplastering.com/webster-tx-pool-plaster-repair/|4|1|3|DOWN
River Oaks TX plastering companies near me|https://jrpoolplastering.com/river-oaks-tx-plastering-companies-near-me/|2|1|1|DOWN
Pearland TX pool refinishing|https://jrpoolplastering.com/pool-refinishing-near-me-pearland-tx/|6|3|3|DOWN
Sugar Land TX pool plastering near me|https://jrpoolplastering.com/sugar-land-tx-pool-plaster/|4|4|0|EQ
missouri city tx pool remodeling|https://jrpoolplastering.com/missouri-city-tx-pool-renovations/|2|2|0|EQ
houston tx pool replastering near me|https://jrpoolplastering.com/houston-tx-pool-replastering-near-me/|5|3|2|DOWN
River Oaks TX pool repair companies|https://jrpoolplastering.com/river-oaks-tx-pool-repair-companies/|4|7|3|UP
Missouri City TX pool restoration|https://jrpoolplastering.com/missouri-city-tx-pool-renovations/|5|5|0|EQ
sugar land tx pool restoration|https://jrpoolplastering.com/sugar-land-tx-pool-repair-companies/|4|3|1|DOWN
The Woodlands TX plastering companies near me|https://jrpoolplastering.com/the-woodlands-tx-plastering-companies-near-me/|2|3|1|UP
Missouri City TX pool renovations near me|https://jrpoolplastering.com/missouri-city-tx-pool-renovations-near-me/|2|2|0|EQ
pool replastering houston texas|https://jrpoolplastering.com/houston-tx-pool-resurfacing-cost/|4|5|1|UP
sugar land texas pool resurfacing near me|https://jrpoolplastering.com/sugar-land-texas-pool-resurfacing-near-me/|4|3|1|DOWN
swimming pool renovation Friendswood, TX|https://jrpoolplastering.com/friendswood-tx-pool-renovations/|2|2|0|EQ
league city tx pool renovations|https://jrpoolplastering.com/league-city-tx-pool-resurfacing/|4|3|1|DOWN
Webster TX pool remodeling|https://jrpoolplastering.com/webster-tx-pool-renovations/|2|2|0|EQ
pool resurfacing companies The Woodlands TX|https://jrpoolplastering.com/the-woodlands-tx-pool-resurfacing/|3|3|0|EQ
League City TX plastering companies near me|https://jrpoolplastering.com/league-city-tx-plastering-companies-near-me/|3|3|0|EQ
houston tx pool plaster companies|https://jrpoolplastering.com/|8|7|1|DOWN
Webster TX plastering companies near me|https://jrpoolplastering.com/webster-tx-plastering-companies-near-me/|2|2|0|EQ
sugar land texas pool resurfacing companies near me|https://jrpoolplastering.com/sugar-land-texas-pool-resurfacing-near-me/|5|4|1|DOWN
Sugar Land TX pool resurfacing|https://jrpoolplastering.com/sugar-land-tx-pool-resurfacing/|6|5|1|DOWN
houston tx swimming pool replastering|https://jrpoolplastering.com/houston-tx-pool-resurfacing-cost/|6|5|1|DOWN
houston tx concrete pool deck resurfacing|https://jrpoolplastering.com/houston-tx-concrete-pool-deck-resurfacing/|5|4|1|DOWN
Webster TX swimming pool remodeling|https://jrpoolplastering.com/webster-tx-pool-remodeling/|2|2|0|EQ
swimming pool renovation Sugar Land, TX|https://jrpoolplastering.com/sugar-land-tx-pool-remodeling/|5|3|2|DOWN
Seabrook TX Pool Remodeling Near Me|https://jrpoolplastering.com/seabrook-tx-pool-remodeling-near-me/|3|3|0|EQ
The Woodlands TX pool renovations near me|https://jrpoolplastering.com/the-woodlands-tx-pool-resurfacing/|4|5|1|UP
Sugar Land TX swimming pool remodeling|https://jrpoolplastering.com/sugar-land-tx-pool-remodeling/|4|3|1|DOWN
Missouri City TX plastering companies near me|https://jrpoolplastering.com/missouri-city-tx-plastering-companies-near-me/|4|3|1|DOWN
friendswood tx pool remodeling|https://jrpoolplastering.com/friendswood-tx-pool-renovations/|2|2|0|EQ
sugar land tx pool repair companies|https://jrpoolplastering.com/sugar-land-tx-pool-repair-companies/|6|3|3|DOWN
Seabrook TX pool restoration|https://jrpoolplastering.com/seabrook-tx-pool-refinishing/|6|5|1|DOWN
Pearland TX Swimming Pool Remodeling|https://jrpoolplastering.com/pearland-tx-swimming-pool-remodeling/|4|4|0|EQ
Sugarland TX plastering companies near me|https://jrpoolplastering.com/sugarland-tx-plastering-companies-near-me/|3|3|0|EQ
Friendswood TX swimming pool remodeling|https://jrpoolplastering.com/friendswood-tx-pool-renovations/|2|2|0|EQ
houston tx pool refinishing|https://jrpoolplastering.com/houston-tx-pool-resurfacing-cost/|7|3|4|DOWN
League City TX pool renovations near me|https://jrpoolplastering.com/league-city-tx-pool-remodeling-near-me/|3|7|4|UP
houston tx pool restoration near me|https://jrpoolplastering.com/houston-tx-pool-renovations-near-me/|3|2|1|DOWN
The Woodlands TX swimming pool resurfacing|https://jrpoolplastering.com/the-woodlands-tx-pool-resurfacing/|2|2|0|EQ
houston tx pool resurfacing cost|https://jrpoolplastering.com/houston-tx-pool-resurfacing-cost/|1|1|0|EQ
League City TX Swimming Pool Remodeling|https://jrpoolplastering.com/league-city-tx-pool-resurfacing/|4|2|2|DOWN
Seabrook TX plastering companies near me|https://jrpoolplastering.com/seabrook-tx-plastering-companies-near-me/|3|3|0|EQ
houston tx pool refurbishment|https://jrpoolplastering.com/houston-tx-pool-renovations-near-me/|9|7|2|DOWN
houston tx pool refurbishing near me|https://jrpoolplastering.com/houston-tx-pool-renovations-near-me/|4|4|0|EQ
Friendswood TX pool renovations near me|https://jrpoolplastering.com/friendswood-tx-pool-remodeling-near-me/|3|4|1|UP
Friendswood TX Pool Remodeling Near Me|https://jrpoolplastering.com/friendswood-tx-pool-remodeling-near-me/|4|4|0|EQ
pool repair and remodeling sugar land tx|https://jrpoolplastering.com/sugar-land-tx-pool-remodeling/|7|2|5|DOWN
Sugar Land TX pool renovations|https://jrpoolplastering.com/sugar-land-tx-pool-remodeling/|5|3|2|DOWN
Missouri City TX Pool Remodeling Near Me|https://jrpoolplastering.com/missouri-city-tx-pool-renovations-near-me/|4|3|1|DOWN
houston tx pool restoration|https://jrpoolplastering.com/houston-tx-pool-renovations-near-me/|6|5|1|DOWN
houston tx pool replastering companies|https://jrpoolplastering.com/|9|7|2|DOWN
Pearland TX pool restoration|https://jrpoolplastering.com/pearland-texas-pool-repair-companies/|8|8|0|EQ
Pearland TX pool renovations near me|https://jrpoolplastering.com/pearland-tx-pool-renovations-near-me/|2|2|0|EQ
houston tx pool plaster repair|https://jrpoolplastering.com/houston-tx-pool-plaster-repair/|4|3|1|DOWN
houston tx swimming pool resurfacing|https://jrpoolplastering.com/houston-tx-pool-resurfacing-cost/|3|3|0|EQ
houston tx pool resurfacing|https://jrpoolplastering.com/houston-tx-pool-resurfacing-cost/|2|3|1|UP
swimming pool renovation Pearland TX|https://jrpoolplastering.com/swimming-pool-renovation-pearland-tx/|3|3|0|EQ
seabrook tx pool remodeling|https://jrpoolplastering.com/seabrook-tx-pool-remodeling/|3|4|1|UP
houston tx plastering companies near me|https://jrpoolplastering.com/houston-tx-plastering-companies-near-me/|6|4|2|DOWN
houston tx pool resurfacing near me|https://jrpoolplastering.com/houston-tx-pool-resurfacing-cost/|5|4|1|DOWN
Sugar Land TX swimming pool resurfacing|https://jrpoolplastering.com/sugar-land-tx-swimming-pool-resurfacing/|5|4|1|DOWN
webster tx pool repair companies|https://jrpoolplastering.com/webster-tx-pool-repair-companies/|5|5|0|EQ
Pearland TX pool remodeling near me|https://jrpoolplastering.com/pearland-tx-pool-remodeling-near-me/|6|5|1|DOWN
pool resurfacing companies Sugar Land TX|https://jrpoolplastering.com/sugar-land-tx-pool-repair-companies/|4|4|0|EQ
pool refinishing near me Seabrook, TX|https://jrpoolplastering.com/pool-refinishing-near-me-seabrook-tx/|1|30|30|NEW
pearland tx pool renovations|https://jrpoolplastering.com/pearland-tx-pool-resurfacing/|7|3|4|DOWN
houston tx swimming pool renovation near me|https://jrpoolplastering.com/houston-tx-pool-renovations-near-me/|4|5|1|UP
Seabrook TX pool repair companies|https://jrpoolplastering.com/seabrook-tx-gunite-pool-repair/|10|5|5|DOWN
sugar land tx pool remodeling companies|https://jrpoolplastering.com/sugar-land-tx-pool-remodeling/|4|3|1|DOWN
pool refinishing near me Cinco Ranch, TX|https://jrpoolplastering.com/cinco-ranch-tx-pool-refinishing/|2|30|30|NEW
Sugar Land TX pool renovations near me|https://jrpoolplastering.com/sugar-land-texas-pool-remodeling/|6|8|2|UP
Sugar Land TX pool remodeling|https://jrpoolplastering.com/sugar-land-tx-pool-remodeling/|4|3|1|DOWN
Sugar Land TX Pool Remodeling Near Me|https://jrpoolplastering.com/sugar-land-texas-pool-remodeling/|7|7|0|EQ
houston tx pool renovation companies near me|https://jrpoolplastering.com/houston-tx-pool-renovations-near-me/|7|5|2|DOWN
pool plastering|https://www.jrpoolplastering.com/|1|1|0|EQ
pool refinishing near me Friendswood, TX|https://jrpoolplastering.com/friendswood-tx-pool-resurfacing/|1|30|30|NEW
pearland texas pool repair companies|https://jrpoolplastering.com/pearland-texas-pool-repair-companies/|11|14|3|UP
The Woodlands TX swimming pool remodeling|https://jrpoolplastering.com/the-woodlands-tx-pool-resurfacing/|4|4|0|EQ
pool repair and remodeling houston tx|https://jrpoolplastering.com/houston-tx-pool-renovations-near-me/|8|4|4|DOWN
pool refinishing near me The Woodlands, TX|https://jrpoolplastering.com/the-woodlands-tx-pool-resurfacing/|2|30|30|NEW
pool refinishing near me Webster, TX|https://jrpoolplastering.com/pool-refinishing-near-me-webster-tx/|2|30|30|NEW
houston tx pool remodeling near me|https://jrpoolplastering.com/houston-tx-pool-renovations-near-me/|7|6|1|DOWN
swimming pool renovation League City TX|https://jrpoolplastering.com/league-city-tx-pool-resurfacing/|3|3|0|EQ
pool refinishing near me League City, TX|https://jrpoolplastering.com/league-city-tx-pool-resurfacing/|3|30|30|NEW
pool refinishing near me Pearland, TX|https://jrpoolplastering.com/pool-refinishing-near-me-pearland-tx/|2|30|30|NEW
houston tx swimming pool resurfacing near me|https://jrpoolplastering.com/houston-tx-pool-resurfacing-cost/|5|4|1|DOWN
pool refinishing near me Sugar Land, TX|https://jrpoolplastering.com/pool-refinishing-near-me-sugar-land-tx/|3|30|30|NEW
houston tx pool renovations near me|https://jrpoolplastering.com/houston-tx-pool-renovations-near-me/|4|4|0|EQ
the woodlands tx pool renovations|https://jrpoolplastering.com/the-woodlands-tx-pool-resurfacing/|4|4|0|EQ
pool plaster company|https://jrpoolplastering.com/|7|6|1|DOWN
swimming pool renovation The Woodlands TX|https://jrpoolplastering.com/the-woodlands-tx-pool-resurfacing/|4|4|0|EQ
Sugar Land TX pool refinishing|https://jrpoolplastering.com/sugar-land-tx-pool-remodeling/|6|2|4|DOWN
sugar land tx pool restoration near me|https://jrpoolplastering.com/sugar-land-tx-pool-repair-companies/|4|4|0|EQ
pool plaster companies|https://jrpoolplastering.com/houston-tx-pool-plaster-companies-near-me/|8|8|0|EQ
The Woodlands TX pool remodeling near me|https://jrpoolplastering.com/the-woodlands-tx-pool-remodeling/|6|6|0|EQ
League City TX pool remodeling near me|https://jrpoolplastering.com/league-city-tx-pool-remodeling-near-me/|6|5|1|DOWN
Fulshear TX wet edge|https://jrpoolplastering.com/houston-tx-wet-edge-pool-finish/|18|1|17|DOWN
the woodlands tx pool remodeling|https://jrpoolplastering.com/the-woodlands-tx-pool-resurfacing/|4|4|0|EQ
pearland tx pool remodeling|https://jrpoolplastering.com/pearland-tx-pool-renovations/|3|3|0|EQ
houston tx swimming pool remodeling contractor|https://jrpoolplastering.com/houston-tx-pool-renovations-near-me/|13|14|1|UP
Friendswood TX pool restoration|https://jrpoolplastering.com/friendswood-tx-pool-resurfacing/|6|3|3|DOWN
houston tx pool deck resurfacing|https://jrpoolplastering.com/houston-tx-concrete-pool-deck-resurfacing/|5|6|1|UP
houston tx pool renovations|https://jrpoolplastering.com/houston-tx-pool-renovations-near-me/|13|11|2|DOWN
houston tx pool resurfacing companies|https://jrpoolplastering.com/houston-tx-pool-resurfacing-cost/|6|4|2|DOWN
Fulshear TX pool plaster repair|https://jrpoolplastering.com/cinco-ranch-tx-pool-plaster-repair/|25|2|23|DOWN
The Woodlands TX pool restoration|https://jrpoolplastering.com/the-woodlands-tx-pool-resurfacing/|3|3|0|EQ
pool refinishing near me Houston, TX|https://jrpoolplastering.com/houston-tx-pool-resurfacing-cost/|5|30|30|NEW
houston tx swimming pool renovation|https://jrpoolplastering.com/houston-tx-pool-renovations-near-me/|11|9|2|DOWN
league city texas pool repair companies|https://jrpoolplastering.com/league-city-texas-pool-repair-companies/|8|8|0|EQ
houston tx swimming pool remodeling|https://jrpoolplastering.com/houston-tx-pool-renovations-near-me/|10|9|1|DOWN
plastering companies near me|https://jrpoolplastering.com/houston-tx-plastering-companies-near-me/|6|5|1|DOWN
pool deck remodel houston texas|https://jrpoolplastering.com/houston-tx-concrete-pool-deck-resurfacing/|5|5|0|EQ
houston tx pool remodeling companies|https://jrpoolplastering.com/houston-tx-pool-renovations-near-me/|9|9|0|EQ
pool tile and coping|https://jrpoolplastering.com/pool-services/tile-coping/|1|1|0|EQ
houston tx pool remodeling|https://jrpoolplastering.com/houston-tx-pool-renovations-near-me/|10|9|1|DOWN
town swimming pool resurfacing|https://jrpoolplastering.com/houston-tx-pool-resurfacing-cost/|3|2|1|DOWN
swimming pool plastering|https://www.jrpoolplastering.com/|1|1|0|EQ
League City TX pool restoration|https://jrpoolplastering.com/league-city-tx-pool-resurfacing/|4|3|1|DOWN
the woodlands texas pool repair companies|https://jrpoolplastering.com/the-woodlands-texas-pool-repair-companies/|5|5|0|EQ
town pool restoration contractors|https://jrpoolplastering.com/houston-tx-pool-renovations-near-me/|7|9|2|UP
plaster pool resurfacing contractors|https://jrpoolplastering.com/houston-tx-pool-resurfacing-cost/|8|3|5|DOWN
pool designers near me Pearland, TX|https://jrpoolplastering.com/pearland-tx-pool-deck-resurfacing/|26|14|12|DOWN
pool designers near me Friendswood, TX|https://jrpoolplastering.com/outstanding-pool-designers-near-me-friendswood-tx/|9|10|1|UP
houston tx pool designers near me|https://jrpoolplastering.com/locations/houston/|23|22|1|DOWN
deck repair services sugar land tx|https://jrpoolplastering.com/sugar-land-tx-pool-deck-resurfacing/|12|12|0|EQ
houston tx custom pool remodeling|https://jrpoolplastering.com/houston-tx-custom-pool-remodeling/|13|9|4|DOWN
town pool resurfacing contractors|https://jrpoolplastering.com/houston-tx-pool-renovations-near-me/|15|5|10|DOWN
top rated led repair companies missouri city tx|https://jrpoolplastering.com/missouri-city-tx-pool-plaster-repair/|18|10|8|DOWN
best led maintenance companies missouri city tx|https://jrpoolplastering.com/missouri-city-tx-pool-plaster-repair/|18|15|3|DOWN
pool designers near me Sugar Land, TX|https://jrpoolplastering.com/sugar-land-tx-marcite-pool/|19|21|2|UP
pool designers near me League City, TX|https://jrpoolplastering.com/league-city-tx-pool-remodeling-near-me/|19|19|0|EQ
