american standard bathtub installation in houston|[https://walkintubsinstallations.com/about/why-walk-in-tub/american-standard-bathtub-installation-in-houston/]|1|1|0|EQ|GOD
bath fitter installation cost houston|[https://walkintubsinstallations.com/services/installation/how-much-does-a-bath-fitter-installation-cost-houston/]|1|1|0|EQ|GOD
bathroom to remodel with a walk-in tub in houston|[https://walkintubsinstallations.com/about/why-walk-in-tub/top-12-houston-texas-walk-in-tub-companies/]|23|26|3|UP|GOD
bathtub installation company houston|[https://walkintubsinstallations.com/[*GMB*]]|2|2|0|EQ|GOD
bathtub installation price in houston|[https://walkintubsinstallations.com/services/installation/bathtub-installation-price-in-houston/]|7|27|20|UP|GOD
benefits of using a walk-in tub in houston|[https://walkintubsinstallations.com/about/safety-features/benefits-of-using-a-walk-in-tub-in-houston/]|2|8|6|UP|GOD
benefits using walk-in tub houston|[https://walkintubsinstallations.com/about/health-benefits/the-average-cost-of-walk-in-installation-in-houston/]|5|5|0|EQ|GOD
best-priced walk-in tubs in houston|[https://walkintubsinstallations.com/about/why-walk-in-tub/top-12-houston-texas-walk-in-tub-companies/]|9|9|0|EQ|GOD
convert a bathtub to a walk-in bathtub, houston|[https://walkintubsinstallations.com/about/why-walk-in-tub/modify-a-bathtub-to-a-walk-in-tub-houston/]|22|22|0|EQ|GOD
convert a walk-in shower to a tub in houston|[https://walkintubsinstallations.com/services/connection/convert-a-walk-in-shower-to-a-tub-in-houston/]|15|0|11|NEW|GOD
custom walk-in tub for houston|[https://walkintubsinstallations.com/[*GMB*]]|2|2|0|EQ|GOD
custom walk-in tub houston area|[https://walkintubsinstallations.com/[*GMB*]]|2|2|0|EQ|GOD
drop in tub installation in houston, tx|[https://walkintubsinstallations.com/[*GMB*]]|2|22|20|UP|GOD
freestanding tub installation in houston|[https://walkintubsinstallations.com/services/freestanding-tub-installation-in-houston/]|2|0|24|NEW|GOD
guide walk-in tub installation houston tx|[https://walkintubsinstallations.com/[*GMB*]]|1|1|0|EQ|GOD
handicap shower installers houston area|[https://walkintubsinstallations.com/about/safety-features/handicap-shower-installers-near-me-in-houston/]|9|9|0|EQ|GOD
handicap shower installers near me in houston|[https://walkintubsinstallations.com/[*GMB*]]|2|2|0|EQ|GOD
home depot walk-in tub installation in houston|[https://walkintubsinstallations.com/services/home-depot-walk-in-tub-installation-in-houston/]|7|7|0|EQ|GOD
houston bathtub installation company|[https://walkintubsinstallations.com/about/why-walk-in-tub/houston-bath-remodeling-companies-near-me/]|25|45|20|UP|GOD
houston bathtub sales and installation company|[https://walkintubsinstallations.com/services/remodeling/houston-bathtub-sales-and-installation/]|2|2|0|EQ|GOD
houston easy walk-in tub installation|[https://walkintubsinstallations.com/about/why-walk-in-tub/one-day-tub-install-houston/]|1|1|0|EQ|GOD
houston jet tub installation|[https://walkintubsinstallations.com/services/installation/houston-jet-tub-installation/]|4|28|24|UP|GOD
houston safe step walk-in tub company|[https://walkintubsinstallations.com/[*GMB*]]|2|2|0|EQ|GOD
houston texas bathtub replacement company|[https://walkintubsinstallations.com/services/remodeling/houston-texas-bathtub-replacement-company/]|12|10|-2|DOWN|GOD
houston tub and surround installation near me|[https://walkintubsinstallations.com/services/houston-tub-and-surround-installation-near-me/]|11|0|15|NEW|GOD
houston tub removal and installation cost|[https://walkintubsinstallations.com/services/connection/houston-tub-removal-and-installation-cost/]|14|0|12|NEW|GOD
houston tx walk-in tub buy|[https://walkintubsinstallations.com/about/why-walk-in-tub/top-12-houston-texas-walk-in-tub-companies/]|12|12|0|EQ|GOD
houston walk-in tub contractors|[https://walkintubsinstallations.com/[*GMB*]]|2|2|0|EQ|GOD
houston walk-in tub with the installation|[https://walkintubsinstallations.com/[*GMB*]]|2|2|0|EQ|GOD
houston, texas custom walk-in tub|[https://walkintubsinstallations.com/[*GMB*]]|2|2|0|EQ|GOD
houston, texas tub and surround installation cost|[https://walkintubsinstallations.com/[*GMB*]]|3|0|23|NEW|GOD
houston, tx tub installation cost|[https://walkintubsinstallations.com/about/why-walk-in-tub/top-12-houston-texas-walk-in-tub-companies/]|16|16|0|EQ|GOD
houstons' best walk-in tub company|[https://walkintubsinstallations.com/[*GMB*]]|3|5|2|UP|GOD
houstons' best walk-in tub remodeling services|[https://walkintubsinstallations.com/[*GMB*]]|2|7|5|UP|GOD
how much are walk in tubs installed in houston|[https://walkintubsinstallations.com/[*GMB*]]|2|2|0|EQ|GOD
how much does a bath fitter installation cost houston|[https://walkintubsinstallations.com/services/installation/how-much-does-a-bath-fitter-installation-cost-houston/]|2|0|24|NEW|GOD
how to make a bathtub handicap accessible in houston|[https://walkintubsinstallations.com/about/safety-features/how-to-make-a-bathtub-handicap-accessible-in-houston/]|2|1|-1|DOWN|GOD
install a bathtub in houston, texas|[https://walkintubsinstallations.com/[*GMB*]]|1|2|1|UP|GOD
install a walk-in tub for safety in houston|[https://walkintubsinstallations.com/[*GMB*]]|2|1|-1|DOWN|GOD
installing a bathtub in houston|[https://walkintubsinstallations.com/[*GMB*]]|3|3|0|EQ|GOD
installing a new tub in houston, texas|[https://walkintubsinstallations.com/about/why-walk-in-tub/top-12-houston-texas-walk-in-tub-companies/]|25|23|-2|DOWN|GOD
jet tub installation houston tx|[https://walkintubsinstallations.com/about/why-walk-in-tub/top-12-houston-texas-walk-in-tub-companies/]|25|25|0|EQ|GOD
make bathtub handicap accessible in houston|[https://walkintubsinstallations.com/about/safety-features/how-to-make-a-bathtub-handicap-accessible-in-houston/]|2|2|0|EQ|GOD
modify a bathtub to a walk-in tub, houston|[https://walkintubsinstallations.com/about/why-walk-in-tub/modify-a-bathtub-to-a-walk-in-tub-houston/]|1|1|0|EQ|GOD
new tub installation cost in houston, tx|[https://walkintubsinstallations.com/about/why-walk-in-tub/top-12-houston-texas-walk-in-tub-companies/]|24|18|-6|DOWN|GOD
new tub installation in houston|[https://walkintubsinstallations.com/[*GMB*]]|1|1|0|EQ|GOD
one-day tub install, houston|[https://walkintubsinstallations.com/about/why-walk-in-tub/one-day-tub-install-houston/]|9|4|-5|DOWN|GOD
one-day tub installation houston|[https://walkintubsinstallations.com/about/why-walk-in-tub/one-day-tub-install-houston/]|4|4|0|EQ|GOD
options walk-in tub houston texas|[https://walkintubsinstallations.com/[*GMB*]]|2|2|0|EQ|GOD
soak in a walk-in tub in houston|[https://walkintubsinstallations.com/about/why-walk-in-tub/top-12-houston-texas-walk-in-tub-companies/]|10|3|-7|DOWN|GOD
soak in walk-in tub houston tx|[https://walkintubsinstallations.com/[*GMB*]]|3|3|0|EQ|GOD
standard american bathtub installation houston tx|[https://walkintubsinstallations.com/about/why-walk-in-tub/american-standard-bathtub-installation-in-houston/]|1|1|0|EQ|GOD
the average cost of bath fitter installation in houston|[https://walkintubsinstallations.com/services/installation/how-much-does-a-bath-fitter-installation-cost-houston/]|2|0|24|NEW|GOD
the walk-in tub company for houston, tx|[https://walkintubsinstallations.com/[*GMB*]]|3|3|0|EQ|GOD
top 12 houston texas walk-in tub companies|[https://walkintubsinstallations.com/about/why-walk-in-tub/top-12-houston-texas-walk-in-tub-companies/]|2|2|0|EQ|GOD
tub installation houston tx|[https://walkintubsinstallations.com/[*GMB*]]|1|1|0|EQ|GOD
tub installation in houston, texas|[https://walkintubsinstallations.com/[*GMB*]]|2|1|-1|DOWN|GOD
use a walk-in tub in houston, texas|[https://walkintubsinstallations.com/[*GMB*]]|3|3|0|EQ|GOD
walk in tubs installed houston tx|[https://walkintubsinstallations.com/[*GMB*]]|1|1|0|EQ|GOD
walk-in bathtub conversion houston tx|[https://walkintubsinstallations.com/[*GMB*]]|3|3|0|EQ|GOD
walk-in bathtub conversion in houston, texas|[https://walkintubsinstallations.com/[*GMB*]]|2|3|1|UP|GOD
walk-in bathtub installers houston tx|[https://walkintubsinstallations.com/[*GMB*]]|1|1|0|EQ|GOD
walk-in bathtub installers in houston, texas|[https://walkintubsinstallations.com/[*GMB*]]|1|1|0|EQ|GOD
walk-in shower installers houston tx|[https://walkintubsinstallations.com/[*GMB*]]|1|1|0|EQ|GOD
walk-in shower installers near me houston|[https://walkintubsinstallations.com/services/walk-in-shower-installers-near-me-houston/]|4|3|-1|DOWN|GOD
walk-in tub care tips in houston, tx|[https://walkintubsinstallations.com/[*GMB*]]|1|1|0|EQ|GOD
walk-in tub conversion company for houston|[https://walkintubsinstallations.com/[*GMB*]]|3|2|-1|DOWN|GOD
walk-in tub cost installed in houston|[https://walkintubsinstallations.com/about/why-walk-in-tub/one-day-tub-install-houston/]|14|10|-4|DOWN|GOD
walk-in tub costs in houston|[https://walkintubsinstallations.com/services/connection/walk-in-tub-cost-installed-in-houston/]|9|14|5|UP|GOD
walk-in tub install in houston|[https://walkintubsinstallations.com/[*GMB*]]|1|1|0|EQ|GOD
walk-in tub installation guide for houston, tx|[https://walkintubsinstallations.com/services/installation/walk-in-tub-installation-guide-for-houston-tx/]|1|6|5|UP|GOD
walk-in tub installation in houston|[https://walkintubsinstallations.com/[*GMB*]]|2|8|6|UP|GOD
walk-in tub options in houston texas|[https://walkintubsinstallations.com/[*GMB*]]|2|2|0|EQ|GOD
walkintubsinstallations.com|[https://walkintubsinstallations.com/]|1|1|0|EQ|GOD
