bath fitter installation cost houston|[https://walkintubsinstallations.com/services/bath-fitter-installation-in-houston-tx/]|3|0|23|NEW|YAH
bath fitter installation houston area|[https://walkintubsinstallations.com/services/bath-fitter-installation-in-houston-tx/]|3|0|23|NEW|YAH
bathroom installation services in houston|[https://walkintubsinstallations.com/services/installation/bathroom-installation-services-in-houston/]|3|0|23|NEW|YAH
bathtub installation price in houston|[https://walkintubsinstallations.com/[*YaB*]]|3|0|23|NEW|YAH
benefits of using a walk-in tub in houston|[https://walkintubsinstallations.com/about/why-walk-in-tub/best-priced-walk-in-tubs-in-houston/]|24|0|2|NEW|YAH
benefits using walk-in tub houston|[https://walkintubsinstallations.com/about/health-benefits/]|22|0|4|NEW|YAH
best-priced walk-in tubs in houston|[https://walkintubsinstallations.com/about/why-walk-in-tub/best-priced-walk-in-tubs-in-houston/]|4|0|22|NEW|YAH
convert a bathtub to a walk-in bathtub, houston|[https://walkintubsinstallations.com/services/installation/convert-a-bathtub-to-walk-in-bathtub-houston/]|3|0|23|NEW|YAH
home depot walk-in tub installation in houston|[https://walkintubsinstallations.com/services/home-depot-walk-in-tub-installation-in-houston/]|4|2|-2|DOWN|YAH
houston bathroom designers and installers|[https://walkintubsinstallations.com/services/houston-bathroom-designers-and-installers/]|5|0|21|NEW|YAH
houston easy walk-in tub installation|[https://walkintubsinstallations.com/locations/houston/]|11|4|-7|DOWN|YAH
houston safe step walk-in tub company|[https://walkintubsinstallations.com/about/houston-safe-step-walk-in-tub-company/]|1|0|25|NEW|YAH
houston texas bathtub installers|[https://walkintubsinstallations.com/services/remodeling/bathtub-shower-installation-in-houston/]|23|21|-2|DOWN|YAH
houston walk-in tub contractors|[https://walkintubsinstallations.com/services/houston-walk-in-tub-contractors/]|5|0|21|NEW|YAH
houston walk-in tub with the installation|[https://walkintubsinstallations.com/[*YaB*]]|1|0|25|NEW|YAH
houston, texas walk-in tub|[https://walkintubsinstallations.com/[*YaB*]]|1|0|25|NEW|YAH
houston, texas walk-in tub conversion|[http://walkintubsinstallations.com[*YaB*]]|1|1|0|EQ|YAH
houstons' best walk-in tub company|[https://walkintubsinstallations.com/services/houstons-best-walk-in-tub-remodeling-services/]|2|0|24|NEW|YAH
houstons' best walk-in tub remodeling services|[https://walkintubsinstallations.com/services/houstons-best-walk-in-tub-remodeling-services/]|3|0|23|NEW|YAH
how much are walk in tubs installed in houston|[https://walkintubsinstallations.com/services/walk-in-tub-costs-in-houston/]|19|0|7|NEW|YAH
install a walk-in tub for safety in houston|[https://walkintubsinstallations.com/about/houston-safe-step-walk-in-tub-company/]|11|0|15|NEW|YAH
jet tub installation houston tx|[http://walkintubsinstallations.com[*YaB*]]|2|0|24|NEW|YAH
modify a bathtub to a walk-in tub, houston|[https://walkintubsinstallations.com/about/why-walk-in-tub/modify-a-bathtub-to-a-walk-in-tub-houston/]|2|0|24|NEW|YAH
new tub installation in houston|[https://walkintubsinstallations.com/services/installation/houston-walk-in-tub-with-the-installation/]|19|0|7|NEW|YAH
the walk-in tub company for houston, tx|[https://walkintubsinstallations.com/[*YaB*]]|1|12|11|UP|YAH
tub installation houston tx|[http://walkintubsinstallations.com[*YaB*]]|3|0|23|NEW|YAH
use a walk-in tub in houston, texas|[https://walkintubsinstallations.com/[*YaB*]]|2|5|3|UP|YAH
walk-in bathtub conversion in houston, texas|[https://walkintubsinstallations.com/services/walk-in-bathtub-conversion-in-houston-texas/]|4|0|22|NEW|YAH
walk-in bathtub cost near me in houston|[https://walkintubsinstallations.com/[*YaB*]]|1|0|25|NEW|YAH
walk-in bathtub installers in houston, texas|[https://walkintubsinstallations.com/[*YaB*]]|2|0|24|NEW|YAH
walk-in shower installers near me houston|[https://walkintubsinstallations.com/services/walk-in-shower-installers-near-me-houston/]|4|0|22|NEW|YAH
walk-in tub install in houston|[https://walkintubsinstallations.com/locations/houston/]|8|4|-4|DOWN|YAH
walk-in tub installation in houston|[https://walkintubsinstallations.com/[*YaB*]]|1|2|1|UP|YAH
walk-in tub options in houston texas|[https://walkintubsinstallations.com/[*YaB*]]|2|0|24|NEW|YAH
walkintubsinstallations.com|[https://walkintubsinstallations.com/]|1|0|25|NEW|YAH
