bath fitter installation cost houston|[https://walkintubsinstallations.com/services/bath-fitter-installation-in-houston-tx/]|3|3|0|EQ|BNG
bath fitter installation houston area|[https://walkintubsinstallations.com/services/bath-fitter-installation-in-houston-tx/]|3|3|0|EQ|BNG
bathroom installation services in houston|[https://walkintubsinstallations.com/services/installation/bathroom-installation-services-in-houston/]|3|2|-1|DOWN|BNG
bathtub installation price in houston|[https://walkintubsinstallations.com/[*BiB*]]|3|0|23|NEW|BNG
benefits using walk-in tub houston|[https://walkintubsinstallations.com/about/health-benefits/]|13|22|9|UP|BNG
best-priced walk-in tubs in houston|[http://walkintubsinstallations.com[*BiB*]]|1|1|0|EQ|BNG
convert a bathtub to a walk-in bathtub, houston|[https://walkintubsinstallations.com/services/installation/convert-a-bathtub-to-walk-in-bathtub-houston/]|3|2|-1|DOWN|BNG
custom walk-in tub for houston|[https://walkintubsinstallations.com/[*BiB*]]|1|0|25|NEW|BNG
handicap shower installers near me in houston|[https://walkintubsinstallations.com/services/walk-in-shower-installers-near-me-houston/]|19|0|7|NEW|BNG
home depot walk-in tub installation in houston|[https://walkintubsinstallations.com/services/home-depot-walk-in-tub-installation-in-houston/]|9|2|-7|DOWN|BNG
houston bathroom designers and installers|[https://walkintubsinstallations.com/services/houston-bathroom-designers-and-installers/]|5|6|1|UP|BNG
houston bathtub installation company|[https://walkintubsinstallations.com/services/remodeling/bathtub-shower-installation-in-houston/]|8|0|18|NEW|BNG
houston easy walk-in tub installation|[https://walkintubsinstallations.com/]|6|10|4|UP|BNG
houston safe step walk-in tub company|[https://walkintubsinstallations.com/about/houston-safe-step-walk-in-tub-company/]|1|0|25|NEW|BNG
houston walk-in tub contractors|[https://walkintubsinstallations.com/services/houston-walk-in-tub-contractors/]|4|4|0|EQ|BNG
houston walk-in tub with the installation|[https://walkintubsinstallations.com/[*BiB*]]|1|2|1|UP|BNG
houston, texas custom walk-in tub|[https://walkintubsinstallations.com/[*BiB*]]|2|1|-1|DOWN|BNG
houston, texas walk-in tub|[https://walkintubsinstallations.com/[*BiB*]]|1|0|25|NEW|BNG
houston, texas walk-in tub conversion|[http://walkintubsinstallations.com[*BiB*]]|1|3|2|UP|BNG
houstons' best walk-in tub company|[https://walkintubsinstallations.com/services/houstons-best-walk-in-tub-remodeling-services/]|3|2|-1|DOWN|BNG
houstons' best walk-in tub remodeling services|[https://walkintubsinstallations.com/services/houstons-best-walk-in-tub-remodeling-services/]|3|4|1|UP|BNG
install a walk-in tub for safety in houston|[https://walkintubsinstallations.com/about/houston-safe-step-walk-in-tub-company/]|12|6|-6|DOWN|BNG
jet tub installation houston tx|[http://walkintubsinstallations.com[*BiB*]]|2|2|0|EQ|BNG
modify a bathtub to a walk-in tub, houston|[https://walkintubsinstallations.com/about/why-walk-in-tub/modify-a-bathtub-to-a-walk-in-tub-houston/]|1|1|0|EQ|BNG
new tub installation in houston|[https://walkintubsinstallations.com/[*BiB*]]|3|0|23|NEW|BNG
the walk-in tub company for houston, tx|[https://walkintubsinstallations.com/[*BiB*]]|1|0|25|NEW|BNG
tub installation houston tx|[http://walkintubsinstallations.com[*BiB*]]|3|3|0|EQ|BNG
tub installation in houston, texas|[https://walkintubsinstallations.com/services/installation/bathroom-installation-services-in-houston/]|19|22|3|UP|BNG
use a walk-in tub in houston, texas|[https://walkintubsinstallations.com/[*BiB*]]|2|0|24|NEW|BNG
walk-in bathtub conversion in houston, texas|[https://walkintubsinstallations.com/services/walk-in-bathtub-conversion-in-houston-texas/]|4|0|22|NEW|BNG
walk-in bathtub cost near me in houston|[https://walkintubsinstallations.com/[*BiB*]]|1|0|25|NEW|BNG
walk-in shower installers near me houston|[https://walkintubsinstallations.com/services/walk-in-shower-installers-near-me-houston/]|4|0|22|NEW|BNG
walk-in tub conversion company for houston|[https://walkintubsinstallations.com/services/remodeling/tub-conversion-to-walk-in-houston/]|7|0|19|NEW|BNG
walk-in tub costs in houston|[https://walkintubsinstallations.com/services/walk-in-tub-costs-in-houston/]|7|0|19|NEW|BNG
walk-in tub install in houston|[https://walkintubsinstallations.com/]|5|8|3|UP|BNG
walk-in tub installation in houston|[https://walkintubsinstallations.com/[*BiB*]]|1|3|2|UP|BNG
walk-in tub options in houston texas|[https://walkintubsinstallations.com/[*BiB*]]|2|0|24|NEW|BNG
walkintubsinstallations.com|[https://walkintubsinstallations.com/]|1|1|0|EQ|BNG
