buisness suites katy|http://titanbusinesssuites.com/|1|1|0|EQ
business suites katy|http://titanbusinesssuites.com/|1|1|0|EQ
katy virtual business suite|http://titanbusinesssuites.com/|1|1|0|EQ
katy virtual business suites|http://titanbusinesssuites.com/|1|1|0|EQ
katy virtual space rental|http://titanbusinesssuites.com/|1|1|0|EQ
titan business suite|https://titanbusinesssuites.com/|1|1|0|EQ
titan business suites|https://titanbusinesssuites.com/|1|1|0|EQ
titanbusinesssuites.com|https://titanbusinesssuites.com/|1|1|0|EQ
virtual office suites for lease katy tx|https://titanbusinesssuites.com/|1|1|0|EQ
virtual suites rental katy|http://titanbusinesssuites.com/|1|1|0|EQ
buisness suites katy tx|http://titanbusinesssuites.com/|1|1|0|EQ
buisness suites katy, tx|http://titanbusinesssuites.com/|1|1|0|EQ
business suites in katy|http://titanbusinesssuites.com/|1|1|0|EQ
business suites katy texas|http://titanbusinesssuites.com/|1|1|0|EQ
business suites katy tx|http://titanbusinesssuites.com/|1|1|0|EQ
executive business suites katy|https://titanbusinesssuites.com/|2|2|0|EQ
katy business suites0]|http://titanbusinesssuites.com/|1|1|0|EQ
katy tx virtual office suites for lease|https://titanbusinesssuites.com/|2|2|0|EQ
katy virtual office suites for lease|https://titanbusinesssuites.com/|2|2|0|EQ
katy virtual suites|https://titanbusinesssuites.com/|2|2|0|EQ
virtual office suites for lease katy|https://titanbusinesssuites.com/|2|2|0|EQ
virtual suites for rent katy|https://titanbusinesssuites.com/|2|2|0|EQ
virtual suites in katy|http://titanbusinesssuites.com/|1|5|4|UP
virtual office suites take lease katy tx|https://titanbusinesssuites.com/|2|2|0|EQ
Katy TX business address rental|http://titanbusinesssuites.com/|1|1|0|EQ
executive suite rental agency katy tx|https://titanbusinesssuites.com/|2|2|0|EQ
Katy TX premier workspaces|https://titanbusinesssuites.com/katy-tx-premier-workspaces/|2|2|0|EQ
modern executive office Katy, TX|http://titanbusinesssuites.com/|1|1|0|EQ
buisness suite katy|http://titanbusinesssuites.com/|1|1|0|EQ
buisness suite katy tx|http://titanbusinesssuites.com/|1|1|0|EQ
business suite katy|http://titanbusinesssuites.com/|1|1|0|EQ
business suite katy texas|http://titanbusinesssuites.com/|1|1|0|EQ
business suite katy tx|http://titanbusinesssuites.com/|1|1|0|EQ
business suites in katy tx|http://titanbusinesssuites.com/|1|1|0|EQ
business suites near katy tx|http://titanbusinesssuites.com/|1|1|0|EQ
katy buisness suites|http://titanbusinesssuites.com/|1|1|0|EQ
katy business suites|http://titanbusinesssuites.com/|1|1|0|EQ
katy executive office space|https://titanbusinesssuites.com/|2|3|1|UP
katy tx buisness suite|http://titanbusinesssuites.com/|1|1|0|EQ
katy tx business suite|http://titanbusinesssuites.com/|1|1|0|EQ
katy tx virtual business suites|http://titanbusinesssuites.com/|1|1|0|EQ
katy virtual office space for lease|https://titanbusinesssuites.com/|2|2|0|EQ
katy virtual office space lease|https://titanbusinesssuites.com/|2|1|1|DOWN
professional business suite katy|http://titanbusinesssuites.com/|1|1|0|EQ
rental executive suites katy|http://titanbusinesssuites.com/|1|1|0|EQ
virtual office space for lease katy tx|https://titanbusinesssuites.com/|1|2|1|UP
virtual space for rent katy tx|http://titanbusinesssuites.com/|1|6|5|UP
virtual meeting spaces for lease katy|https://titanbusinesssuites.com/|2|3|1|UP
virtual meeting spaces for lease in katy|https://titanbusinesssuites.com/|2|3|1|UP
Katy TX worksuites|https://titanbusinesssuites.com/katy-tx-worksuites/|2|2|0|EQ
Katy TX executive suite rental agency|https://titanbusinesssuites.com/|2|2|0|EQ
katy buisness suite|http://titanbusinesssuites.com/|1|1|0|EQ
katy business suite|http://titanbusinesssuites.com/|1|1|0|EQ
katy executive suites rentals|http://titanbusinesssuites.com/|1|1|0|EQ
katy texas business suites|http://titanbusinesssuites.com/|1|1|0|EQ
katy tx virtual office lease|https://titanbusinesssuites.com/|4|3|1|DOWN
katy virtual office suites available|https://titanbusinesssuites.com/|1|1|0|EQ
business suites near katy|http://titanbusinesssuites.com/|1|1|0|EQ
executive suites katy tx|http://titanbusinesssuites.com/|1|1|0|EQ
executive suites rental katy tx|https://titanbusinesssuites.com/|2|2|0|EQ
katy texas business suite|http://titanbusinesssuites.com/|1|1|0|EQ
katy tx buisness suites|http://titanbusinesssuites.com/|1|1|0|EQ
katy tx business suites|http://titanbusinesssuites.com/|1|1|0|EQ
office space meeting katy tx|http://titanbusinesssuites.com/|1|9|8|UP
virtual office suites available katy|https://titanbusinesssuites.com/|2|2|0|EQ
business address rental katy tx|http://titanbusinesssuites.com/|1|1|0|EQ
executive suites katy texas|http://titanbusinesssuites.com/|1|1|0|EQ
katy executive suites|https://titanbusinesssuites.com/|2|4|2|UP
katy village executive suites|https://titanbusinesssuites.com/private-offices/executive-suites-offices-katy/|3|3|0|EQ
office suites katy|http://titanbusinesssuites.com/|1|1|0|EQ
virtual office space for lease katy|https://titanbusinesssuites.com/|2|2|0|EQ
virtual offices for lease in katy|https://titanbusinesssuites.com/|3|7|4|UP
office suites katy area|http://titanbusinesssuites.com/|1|1|0|EQ
rent executive suites katy|http://titanbusinesssuites.com/|1|1|0|EQ
business suites leasing katy|http://titanbusinesssuites.com/|1|1|0|EQ
katy office suites|http://titanbusinesssuites.com/|1|1|0|EQ
katy virtual office lease|https://titanbusinesssuites.com/|4|2|2|DOWN
village executive suites katy tx|https://titanbusinesssuites.com/|4|3|1|DOWN
virtual office suites katy tx|https://titanbusinesssuites.com/|4|8|4|UP
executive suites katy area|http://titanbusinesssuites.com/|1|1|0|EQ
Katy TX virtual space|http://titanbusinesssuites.com/|1|1|0|EQ
cinco ranch TX business address rental|http://titanbusinesssuites.com/|1|1|0|EQ
cinco ranch TX executive suite rental agency|https://titanbusinesssuites.com/private-offices/office-space-rental-katy-tx/|2|2|0|EQ
business suites rental katy tx|http://titanbusinesssuites.com/|1|7|6|UP
cheapest virtual office rentals katy|https://titanbusinesssuites.com/private-offices/rent-virtual-office-katy-tx/|5|5|0|EQ
executive office space katy tx|https://titanbusinesssuites.com/|2|1|1|DOWN
executive offices katy|https://titanbusinesssuites.com/|2|2|0|EQ
executive suite executive suite katy|https://titanbusinesssuites.com/private-offices/executive-suite-katy-tx/|2|3|1|UP
executive suite katy|https://titanbusinesssuites.com/|2|2|0|EQ
executive suite katy tx|http://titanbusinesssuites.com/|1|1|0|EQ
executive suites in katy texas|http://titanbusinesssuites.com/|1|1|0|EQ
executive suites katy|https://titanbusinesssuites.com/|2|4|2|UP
katy tx virtual business address|http://titanbusinesssuites.com/|1|1|0|EQ
katy virtual office suites|https://titanbusinesssuites.com/|6|4|2|DOWN
office space meeting rooms katy|http://titanbusinesssuites.com/|1|1|0|EQ
titan business|https://titanbusinesssuites.com/|1|2|1|UP
rent katy business suite|http://titanbusinesssuites.com/|1|1|0|EQ
katy texas executive suites|https://titanbusinesssuites.com/|2|2|0|EQ
Virtual US mailboxes Katy TX|https://titanbusinesssuites.com/virtual-us-mailboxes-katy-tx/|3|3|0|EQ
Virtual US mailbox Katy TX|https://titanbusinesssuites.com/katy-tx-virtual-mailbox/|3|3|0|EQ
Katy TX executive suites near me|https://titanbusinesssuites.com/|2|2|0|EQ
Katy TX rent conference room by hour|http://titanbusinesssuites.com/|1|1|0|EQ
business suites texas|https://titanbusinesssuites.com/|3|4|1|UP
executive office rentals katy|https://titanbusinesssuites.com/|2|2|0|EQ
executive office space katy|https://titanbusinesssuites.com/|2|2|0|EQ
executive suites rental katy|https://titanbusinesssuites.com/|2|2|0|EQ
katy tx executive suites|https://titanbusinesssuites.com/|2|1|1|DOWN
katy tx virtual office rentals|https://titanbusinesssuites.com/|6|6|0|EQ
virtual office space for rent katy|https://titanbusinesssuites.com/|6|6|0|EQ
business conference rooms rentals katy|http://titanbusinesssuites.com/|1|5|4|UP
Katy TX virtual mailbox|https://titanbusinesssuites.com/katy-tx-virtual-mailbox/|3|4|1|UP
Katy TX conference rooms for rent near me|http://titanbusinesssuites.com/|1|1|0|EQ
cheapest virtual office rental katy|https://titanbusinesssuites.com/private-offices/rent-virtual-office-katy-tx/|4|6|2|UP
virtual office suites katy|https://titanbusinesssuites.com/|8|7|1|DOWN
virtual offices for rent katy|https://titanbusinesssuites.com/virtual-services/katy-texas-virtual-office-address-only/|6|5|1|DOWN
katy area executive office rental|https://titanbusinesssuites.com/|4|6|2|UP
business conference rooms for lease katy|http://titanbusinesssuites.com/|2|2|0|EQ
Cinco Ranch TX virtual office space|https://titanbusinesssuites.com/katy-tx-instant-offices/|9|7|2|DOWN
Katy TX executive offices near me|https://titanbusinesssuites.com/|2|2|0|EQ
business suite rentals katy tx|https://titanbusinesssuites.com/private-offices/office-space-rental-katy-tx/|10|8|2|DOWN
business suite rental katy tx|https://titanbusinesssuites.com/|5|10|5|UP
business suites rental katy|http://titanbusinesssuites.com/|1|1|0|EQ
executive suite executive suites katy|https://titanbusinesssuites.com/|4|5|1|UP
katy texas virtual offices for rent|https://titanbusinesssuites.com/virtual-services/katy-texas-virtual-office-address-only/|5|4|1|DOWN
office space, meeting rooms katy|http://titanbusinesssuites.com/|1|1|0|EQ
office suites near katy|http://titanbusinesssuites.com/|1|1|0|EQ
rent a virtual office katy tx|https://titanbusinesssuites.com/virtual-services/katy-texas-virtual-office-address-only/|6|6|0|EQ
temporary office suite rental katy|https://titanbusinesssuites.com/private-offices/office-space-rental-katy-tx/|9|9|0|EQ
virtual office suites in katy tx|https://titanbusinesssuites.com/|7|7|0|EQ
work suites katy tx|https://titanbusinesssuites.com/|2|1|1|DOWN
executive suites offices katy area|https://titanbusinesssuites.com/|2|3|1|UP
virtual meeting spaces katy|http://titanbusinesssuites.com/|1|1|0|EQ
office space by the hour Katy TX|https://titanbusinesssuites.com/katy-tx-rent-office-space-by-the-hour/|6|6|0|EQ
business meeting room rental katy|http://titanbusinesssuites.com/|1|1|0|EQ
executive office leasing katy tx|https://titanbusinesssuites.com/private-offices/executive-office-space-for-rent-katy-tx/|4|2|2|DOWN
executive suites in katy|https://titanbusinesssuites.com/|3|1|2|DOWN
katy executive suites for lease|https://titanbusinesssuites.com/|6|5|1|DOWN
private executive offices katy|http://titanbusinesssuites.com/|1|1|0|EQ
rent virtual office katy tx|https://titanbusinesssuites.com/virtual-services/katy-texas-virtual-office-address-only/|7|7|0|EQ
virtual office lease katy tx|https://titanbusinesssuites.com/|7|8|1|UP
virtual office rent katy texas|https://titanbusinesssuites.com/virtual-services/katy-texas-virtual-office-address-only/|7|7|0|EQ
virtual office rentals katy tx|https://titanbusinesssuites.com/virtual-services/katy-texas-virtual-office-address-only/|8|7|1|DOWN
virtual office space for rent katy texas|https://titanbusinesssuites.com/|5|5|0|EQ
virtual office space for rent katy tx|https://titanbusinesssuites.com/|6|5|1|DOWN
katy tx executive office suites|https://titanbusinesssuites.com/|2|2|0|EQ
Katy TX meeting room rental near me|http://titanbusinesssuites.com/|1|2|1|UP
executive suite for lease katy|https://titanbusinesssuites.com/|3|4|1|UP
executive suite offices katy|https://titanbusinesssuites.com/|2|2|0|EQ
katy business suites rental|http://titanbusinesssuites.com/|1|1|0|EQ
katy executive office suites|https://titanbusinesssuites.com/|2|2|0|EQ
katy rental business suites|http://titanbusinesssuites.com/|1|1|0|EQ
meeting room lease katy|http://titanbusinesssuites.com/|1|9|8|UP
office suites rental katy|http://titanbusinesssuites.com/|1|1|0|EQ
virtual office space katy texas|https://titanbusinesssuites.com/virtual-services/katy-texas-virtual-office-address-only/|7|7|0|EQ
virtual office space rental katy|https://titanbusinesssuites.com/|7|6|1|DOWN
business room rental meetings katy|http://titanbusinesssuites.com/|1|6|5|UP
temporary office suites rental katy tx|https://titanbusinesssuites.com/private-offices/office-space-rental-katy-tx/|10|9|1|DOWN
affordable virtual office rental katy|https://titanbusinesssuites.com/|4|5|1|UP
meeting office space for rent katy|http://titanbusinesssuites.com/|1|8|7|UP
cheap virtual office katy tx|https://titanbusinesssuites.com/virtual-services/katy-texas-virtual-office-address-only/|7|7|0|EQ
katy temporary office suites rental|https://titanbusinesssuites.com/private-offices/shared-office-space-katy-tx/|8|11|3|UP
katy virtual office|https://titanbusinesssuites.com/|7|7|0|EQ
katy virtual office rental|https://titanbusinesssuites.com/|7|7|0|EQ
virtual office rent katy|https://titanbusinesssuites.com/virtual-services/katy-texas-virtual-office-address-only/|7|7|0|EQ
virtual office rentals katy|https://titanbusinesssuites.com/|8|7|1|DOWN
virtual conference rooms for lease katy|https://titanbusinesssuites.com/meeting-rooms/katy-tx-meeting-space/|7|6|1|DOWN
business space rentals katy|http://titanbusinesssuites.com/|2|2|0|EQ
business suite rental in katy|https://titanbusinesssuites.com/private-offices/office-space-rental-katy-tx/|9|10|1|UP
executive suites for lease katy|https://titanbusinesssuites.com/|7|4|3|DOWN
katy tx executive office space|https://titanbusinesssuites.com/|5|6|1|UP
katy tx virtual office service|https://titanbusinesssuites.com/virtual-services/katy-texas-virtual-office-address-only/|6|7|1|UP
katy virtual office address|http://titanbusinesssuites.com/|1|1|0|EQ
meeting rooms for lease katy texas|http://titanbusinesssuites.com/|5|10|5|UP
office meeting room katy tx|https://titanbusinesssuites.com/meeting-rooms/katy-tx-conference-rooms/|7|1|6|DOWN
virtual conference rooms katy|http://titanbusinesssuites.com/|1|1|0|EQ
vitrual offices katy, tx|https://titanbusinesssuites.com/virtual-services/katy-texas-virtual-office-address-only/|7|7|0|EQ
katy virtual office services|https://titanbusinesssuites.com/virtual-services/katy-texas-virtual-office-address-only/|7|8|1|UP
executive suites offices katy|https://titanbusinesssuites.com/|2|2|0|EQ
katy executive suite|https://titanbusinesssuites.com/|2|3|1|UP
katy office suites rental|http://titanbusinesssuites.com/|1|1|0|EQ
katy tx office suites|http://titanbusinesssuites.com/|1|1|0|EQ
private office suite katy|http://titanbusinesssuites.com/|1|1|0|EQ
private office suite katy tx|http://titanbusinesssuites.com/|1|1|0|EQ
rent virtual office space katy|https://titanbusinesssuites.com/|7|7|0|EQ
virtual office katy texas|https://titanbusinesssuites.com/virtual-services/katy-texas-virtual-office-address-only/|7|7|0|EQ
virtual office lease katy|https://titanbusinesssuites.com/|8|8|0|EQ
cheap virtual office in katy tx|https://titanbusinesssuites.com/virtual-services/katy-texas-virtual-office-address-only/|6|7|1|UP
Katy TX virtual office space near me|http://titanbusinesssuites.com/|1|6|5|UP
Katy TX office share near meKaty TX business suite|https://titanbusinesssuites.com/private-offices/shared-office-space-katy-tx/|6|6|0|EQ
cheap virtual office space katy tx|https://titanbusinesssuites.com/virtual-services/katy-texas-virtual-office-address-only/|7|7|0|EQ
executive suites near katy tx|http://titanbusinesssuites.com/|1|1|0|EQ
katy virtual office conference room|http://titanbusinesssuites.com/|1|3|2|UP
meeting rooms for lease katy tx|http://titanbusinesssuites.com/|7|7|0|EQ
office suite rentals katy|http://titanbusinesssuites.com/|1|1|0|EQ
rent conference rooms katy tx|http://titanbusinesssuites.com/|1|1|0|EQ
temporary office suites rental katy|https://titanbusinesssuites.com/private-offices/office-space-rental-katy-tx/|9|9|0|EQ
virtual office rental katy|https://titanbusinesssuites.com/virtual-services/katy-texas-virtual-office-address-only/|7|8|1|UP
katy conference rooms suites|https://titanbusinesssuites.com/meeting-rooms/katy-tx-conference-rooms/|5|6|1|UP
Virtual US address Katy TX|https://titanbusinesssuites.com/virtual-services/katy-texas-virtual-office-address-only/|6|8|2|UP
Katy TX rent office space by the hour|https://titanbusinesssuites.com/katy-tx-rent-office-space-by-the-hour/|7|6|1|DOWN
Katy TX virtual mailbox service|https://titanbusinesssuites.com/katy-tx-virtual-mailbox/|5|3|2|DOWN
Katy TX serviced space|http://titanbusinesssuites.com/|1|1|0|EQ
Katy TX business mailing address|https://titanbusinesssuites.com/virtual-services/katy-texas-virtual-office-address-only/|7|4|3|DOWN
virtual office services Katy, TX|https://titanbusinesssuites.com/virtual-services/katy-texas-virtual-office-address-only/|7|6|1|DOWN
business offices lease katy|http://titanbusinesssuites.com/|2|8|6|UP
business suite rental katy|https://titanbusinesssuites.com/|8|11|3|UP
katy executive office rental|https://titanbusinesssuites.com/|8|4|4|DOWN
katy texas virtual office space|https://titanbusinesssuites.com/virtual-services/katy-texas-virtual-office-address-only/|7|7|0|EQ
meeting room rental katy|http://titanbusinesssuites.com/|1|3|2|UP
meeting room rental katy tx|http://titanbusinesssuites.com/|1|1|0|EQ
office meeting room katy|https://titanbusinesssuites.com/meeting-rooms/katy-tx-conference-rooms/|6|1|5|DOWN
office suites for rent katy tx|https://titanbusinesssuites.com/private-offices/office-space-rental-katy-tx/|9|20|11|UP
rental office katy|http://titanbusinesssuites.com/|1|2|1|UP
shared office space katy|http://titanbusinesssuites.com/|1|1|0|EQ
shared office space katy tx|http://titanbusinesssuites.com/|1|1|0|EQ
virtual office katy|https://titanbusinesssuites.com/virtual-services/katy-texas-virtual-office-address-only/|7|7|0|EQ
virtual office space katy|https://titanbusinesssuites.com/|8|8|0|EQ
virtual office space katy tx|https://titanbusinesssuites.com/|7|9|2|UP
virtual offices katy tx|https://titanbusinesssuites.com/virtual-services/katy-texas-virtual-office-address-only/|7|7|0|EQ
virtual offices katy, tx|https://titanbusinesssuites.com/virtual-services/katy-texas-virtual-office-address-only/|6|7|1|UP
virtual offices space katy tx|https://titanbusinesssuites.com/virtual-services/katy-texas-virtual-office-address-only/|7|7|0|EQ
cheap virtual office katy|https://titanbusinesssuites.com/virtual-services/katy-texas-virtual-office-address-only/|7|7|0|EQ
Katy TX virtual office space|https://titanbusinesssuites.com/|7|7|0|EQ
Katy TX virtual address for business|https://titanbusinesssuites.com/virtual-services/katy-texas-virtual-office-address-only/|8|7|1|DOWN
executive workspace Katy, TX|https://titanbusinesssuites.com/virtual-services/work-space-rent-katy-tx/|10|5|5|DOWN
business suite for rent katy|https://titanbusinesssuites.com/private-offices/office-space-rental-katy-tx/|8|12|4|UP
katy temporary office space rental|https://titanbusinesssuites.com/private-offices/shared-office-space-katy-tx/|12|15|3|UP
virtual meeting room katy tx|http://titanbusinesssuites.com/|1|1|0|EQ
virtual office service katy tx|https://titanbusinesssuites.com/virtual-services/katy-texas-virtual-office-address-only/|6|6|0|EQ
katy tx virtual business address near me|https://titanbusinesssuites.com/katy-tx-virtual-mailbox/|7|11|4|UP
mail address virtual katy tx|https://titanbusinesssuites.com/virtual-services/katy-texas-virtual-office-address-only/|6|8|2|UP
Virtual US business address Katy TX|https://titanbusinesssuites.com/virtual-services/katy-texas-virtual-office-address-only/|7|7|0|EQ
conference rooms katy|https://titanbusinesssuites.com/meeting-rooms/katy-tx-conference-rooms/|9|12|3|UP
conference rooms or rent katy|http://titanbusinesssuites.com/|1|1|0|EQ
katy private executive offices for lease|https://titanbusinesssuites.com/|11|12|1|UP
katy temporary office space|https://titanbusinesssuites.com/private-offices/shared-office-space-katy-tx/|14|13|1|DOWN
working suites rental katy|http://titanbusinesssuites.com/|1|1|0|EQ
virtual workplace Katy, TX|https://titanbusinesssuites.com/|9|9|0|EQ
executive office katy tx|https://titanbusinesssuites.com/|2|2|0|EQ
katy office suites rentals|http://titanbusinesssuites.com/|1|1|0|EQ
katy tx vitrual office|https://titanbusinesssuites.com/virtual-services/katy-texas-virtual-office-address-only/|8|7|1|DOWN
katy work suite rentals|https://titanbusinesssuites.com/private-offices/office-space-rental-katy-tx/|10|12|2|UP
meeting room lease katy tx|http://titanbusinesssuites.com/|1|5|4|UP
rent conference rooms katy|http://titanbusinesssuites.com/|1|3|2|UP
virtual mail address katy tx|https://titanbusinesssuites.com/katy-tx-virtual-mailbox/|7|6|1|DOWN
virtual office services katy tx|https://titanbusinesssuites.com/virtual-services/katy-texas-virtual-office-address-only/|7|6|1|DOWN
virtual offices katy texas|https://titanbusinesssuites.com/virtual-services/katy-texas-virtual-office-address-only/|7|7|0|EQ
rent executive office in katy|https://titanbusinesssuites.com/|9|11|2|UP
Katy TX conference room rental|http://titanbusinesssuites.com/|1|2|1|UP
Katy TX virtual address|http://titanbusinesssuites.com/|1|1|0|EQ
katy business offices for lease|http://titanbusinesssuites.com/|3|13|10|UP
meeting rooms katy|https://titanbusinesssuites.com/meeting-rooms/katy-tx-conference-rooms/|12|13|1|UP
virtual office address katy tx|https://titanbusinesssuites.com/virtual-services/katy-texas-virtual-office-address-only/|7|8|1|UP
virtual offices katy|https://titanbusinesssuites.com/virtual-services/katy-texas-virtual-office-address-only/|7|9|2|UP
Katy TX mail forwarding service|https://titanbusinesssuites.com/katy-tx-mail-forwarding-service/|5|5|0|EQ
Katy TX virtual mailbox near me|https://titanbusinesssuites.com/katy-tx-virtual-mailbox/|4|4|0|EQ
Katy TX conference space near me|https://titanbusinesssuites.com/meeting-rooms/katy-tx-conference-rooms/|9|8|1|DOWN
business suite for rent katy tx|https://titanbusinesssuites.com/|12|12|0|EQ
business suites for rent near katy|https://titanbusinesssuites.com/private-offices/office-space-rental-katy-tx/|12|13|1|UP
conference room rental katy|http://titanbusinesssuites.com/|1|1|0|EQ
conference rooms for rent katy|http://titanbusinesssuites.com/|1|1|0|EQ
executive office suites for rent katy|https://titanbusinesssuites.com/|4|4|0|EQ
flexible office spaces katy|https://titanbusinesssuites.com/private-offices/shared-office-space-katy-tx/|8|11|3|UP
katy meeting room for lease|http://titanbusinesssuites.com/|6|10|4|UP
katy tx rent office rooms|http://titanbusinesssuites.com/|3|16|13|UP
katy virtual office space|https://titanbusinesssuites.com/|7|7|0|EQ
office space meeting katy|https://titanbusinesssuites.com/meeting-rooms/katy-tx-conference-rooms/|10|1|9|DOWN
rent office suites katy tx|https://titanbusinesssuites.com/|13|14|1|UP
virtual meeting room katy|http://titanbusinesssuites.com/|1|6|5|UP
virtual offices in katy|https://titanbusinesssuites.com/virtual-services/katy-texas-virtual-office-address-only/|7|7|0|EQ
vitrual office katy|https://titanbusinesssuites.com/virtual-services/katy-texas-virtual-office-address-only/|7|7|0|EQ
vitrual office katy texas|https://titanbusinesssuites.com/virtual-services/katy-texas-virtual-office-address-only/|7|7|0|EQ
work suite rentals katy tx|https://titanbusinesssuites.com/private-offices/office-space-rental-katy-tx/|10|9|1|DOWN
virtual office in katy tx|https://titanbusinesssuites.com/virtual-services/katy-texas-virtual-office-address-only/|7|7|0|EQ
katy conference rooms for lease|http://titanbusinesssuites.com/|3|6|3|UP
conference rooms for lease near katy|http://titanbusinesssuites.com/|1|6|5|UP
corporate meeting spaces leasing in katy tx|https://titanbusinesssuites.com/meeting-rooms/katy-tx-conference-rooms/|8|8|0|EQ
Katy TX business space rent near me|http://titanbusinesssuites.com/|4|5|1|UP
Katy TX virtual po box|https://titanbusinesssuites.com/katy-tx-virtual-mailbox/|9|5|4|DOWN
Katy TX suites for rent|http://titanbusinesssuites.com/|1|1|0|EQ
business suite for lease katy|https://titanbusinesssuites.com/|12|12|0|EQ
business suites for lease near katy|https://titanbusinesssuites.com/|15|15|0|EQ
office suites rentals katy tx|http://titanbusinesssuites.com/|1|1|0|EQ
mail forwarding service katy tx|https://titanbusinesssuites.com/katy-tx-mail-forwarding-service/|5|5|0|EQ
Katy TX shared workspace near me|https://titanbusinesssuites.com/private-offices/shared-office-space-katy-tx/|11|11|0|EQ
executive business suites|https://titanbusinesssuites.com/private-offices/houston-tx-executive-office-suites/|3|2|1|DOWN
katy business suite for rent|https://titanbusinesssuites.com/|14|14|0|EQ
katy tx conference rooms|https://titanbusinesssuites.com/meeting-rooms/katy-tx-conference-rooms/|9|11|2|UP
katy tx furnished office space for rent|https://titanbusinesssuites.com/private-offices/office-space-rental-katy-tx/|8|14|6|UP
katy work suites rentals|https://titanbusinesssuites.com/|9|9|0|EQ
office rental katy tx|http://titanbusinesssuites.com/|1|1|0|EQ
virtual offices near me katy texas|https://titanbusinesssuites.com/virtual-services/katy-texas-virtual-office-address-only/|8|13|5|UP
Katy TX private mailbox rental near me|https://titanbusinesssuites.com/find-an-inexpensive-private-mailbox-rental-near-me-katy-tx/|6|6|0|EQ
executive offices for rent katy tx|https://titanbusinesssuites.com/private-offices/executive-office-space-for-rent-katy-tx/|13|12|1|DOWN
furnished office space for rent katy tx|https://titanbusinesssuites.com/private-offices/office-space-rental-katy-tx/|17|18|1|UP
katy office space rentals|http://titanbusinesssuites.com/|3|3|0|EQ
katy private office suites|https://titanbusinesssuites.com/private-offices/office-space-rental-katy-tx/|10|11|1|UP
katy small business suites for rent|https://titanbusinesssuites.com/private-offices/office-space-rental-katy-tx/|14|14|0|EQ
meeting space rental katy|https://titanbusinesssuites.com/meeting-rooms/katy-tx-conference-rooms/|10|1|9|DOWN
private executive offices for lease katy|https://titanbusinesssuites.com/private-offices/executive-office-space-for-rent-katy-tx/|12|12|0|EQ
conference rooms rental katy|http://titanbusinesssuites.com/|1|1|0|EQ
executive office space for rent katy tx|https://titanbusinesssuites.com/|12|12|0|EQ
executive offices for rent katy|https://titanbusinesssuites.com/private-offices/executive-office-space-for-rent-katy-tx/|12|13|1|UP
katy business mailbox|https://titanbusinesssuites.com/find-an-inexpensive-private-mailbox-rental-near-me-katy-tx/|9|8|1|DOWN
katy executive office suites for rent|https://titanbusinesssuites.com/|7|4|3|DOWN
katy work suites for lease|https://titanbusinesssuites.com/|11|11|0|EQ
office suites for rent katy|https://titanbusinesssuites.com/private-offices/office-space-rental-katy-tx/|17|17|0|EQ
rental office suites katy|https://titanbusinesssuites.com/|15|14|1|DOWN
vitrual office in katy tx|https://titanbusinesssuites.com/virtual-services/katy-texas-virtual-office-address-only/|7|7|0|EQ
conference rooms available katy|https://titanbusinesssuites.com/meeting-rooms/katy-tx-conference-rooms/|8|9|1|UP
meeting spaces katy tx|https://titanbusinesssuites.com/meeting-rooms/katy-tx-conference-rooms/|10|9|1|DOWN
Cinco Ranch TX virtual business address|http://titanbusinesssuites.com/|1|1|0|EQ
meeting room katy tx|https://titanbusinesssuites.com/meeting-rooms/katy-tx-conference-rooms/|10|9|1|DOWN
business suites for rent katy tx|https://titanbusinesssuites.com/|15|13|2|DOWN
business suites houston|https://titanbusinesssuites.com/private-offices/houston-business-suites/|12|11|1|DOWN
cheap office suite rental katy tx|https://titanbusinesssuites.com/private-offices/office-space-rental-katy-tx/|14|15|1|UP
conference room katy tx|https://titanbusinesssuites.com/meeting-rooms/katy-tx-conference-rooms/|9|11|2|UP
conference rooms fro lease katy|http://titanbusinesssuites.com/|6|6|0|EQ
katy conference rooms rental|https://titanbusinesssuites.com/meeting-rooms/katy-tx-conference-rooms/|10|1|9|DOWN
office suites near katy tx|http://titanbusinesssuites.com/|1|1|0|EQ
remote offices for lease katy|https://titanbusinesssuites.com/private-offices/office-space-rental-katy-tx/|13|11|2|DOWN
vitrual offices katy|https://titanbusinesssuites.com/virtual-services/katy-texas-virtual-office-address-only/|7|9|2|UP
Katy TX rent an office for a day|http://titanbusinesssuites.com/|4|11|7|UP
Katy TX serviced office space|http://titanbusinesssuites.com/|1|1|0|EQ
business mailbox katy|https://titanbusinesssuites.com/find-an-inexpensive-private-mailbox-rental-near-me-katy-tx/|10|8|2|DOWN
business suites for rent katy|https://titanbusinesssuites.com/private-offices/office-space-rental-katy-tx/|15|13|2|DOWN
katy meeting room lease|http://titanbusinesssuites.com/|4|10|6|UP
katy work suites|https://titanbusinesssuites.com/|1|1|0|EQ
rent visual office in katy|https://titanbusinesssuites.com/virtual-services/katy-texas-virtual-office-address-only/|8|7|1|DOWN
virtual office katy tx|https://titanbusinesssuites.com/virtual-services/katy-texas-virtual-office-address-only/|8|7|1|DOWN
meeting rooms for lease in katy texas|http://titanbusinesssuites.com/|7|8|1|UP
katy conference rooms available|https://titanbusinesssuites.com/meeting-rooms/katy-tx-conference-rooms/|8|12|4|UP
Katy TX executive office suites near me|https://titanbusinesssuites.com/|2|2|0|EQ
get a business address katy|https://titanbusinesssuites.com/virtual-services/katy-texas-virtual-office-address-only/|8|8|0|EQ
katy business space rentals|http://titanbusinesssuites.com/|4|8|4|UP
katy business suites for lease|https://titanbusinesssuites.com/|17|16|1|DOWN
katy meeting rooms for lease|https://titanbusinesssuites.com/meeting-rooms/katy-tx-conference-rooms/|9|10|1|UP
katy space rental|http://titanbusinesssuites.com/|1|3|2|UP
katy vitrual office|https://titanbusinesssuites.com/|7|7|0|EQ
vitrual office katy tx|https://titanbusinesssuites.com/virtual-services/katy-texas-virtual-office-address-only/|8|7|1|DOWN
business centers in katy tx|https://titanbusinesssuites.com/|13|18|5|UP
rent katy cheapest virtual office|https://titanbusinesssuites.com/private-offices/rent-virtual-office-katy-tx/|2|3|1|UP
conference room rental katy texas|http://titanbusinesssuites.com/|1|4|3|UP
Katy TX office suites for rent|https://titanbusinesssuites.com/private-offices/katy-texas-office-space/|9|20|11|UP
Katy TX temporary office space|https://titanbusinesssuites.com/private-offices/shared-office-space-katy-tx/|11|14|3|UP
office space company name cinco ranch tx|http://titanbusinesssuites.com/|2|3|1|UP
katy office suites leasing|http://titanbusinesssuites.com/|1|1|0|EQ
rent office rooms katy|http://titanbusinesssuites.com/|2|1|1|DOWN
small office space for rent katy|https://titanbusinesssuites.com/private-offices/executive-office-space-for-rent-katy-tx/|18|23|5|UP
work suite lease katy|https://titanbusinesssuites.com/|13|8|5|DOWN
Katy TX suites for rent near me|https://titanbusinesssuites.com/katy-tx-office-for-rent-near-me/|15|1|14|DOWN
office suites for rent near me Katy, TX|http://titanbusinesssuites.com/|1|1|0|EQ
private office space katy|http://titanbusinesssuites.com/|1|1|0|EQ
meeting rooms near me in katy tx|https://titanbusinesssuites.com/meeting-rooms/katy-tx-conference-rooms/|8|7|1|DOWN
Katy TX meeting space for rent near me|http://titanbusinesssuites.com/|1|1|0|EQ
business offices lease katy tx|http://titanbusinesssuites.com/|2|2|0|EQ
free meeting rooms in katy|https://titanbusinesssuites.com/meeting-rooms/katy-tx-conference-rooms/|10|11|1|UP
katy office suites for lease|http://titanbusinesssuites.com/|2|2|0|EQ
katy private office space|https://titanbusinesssuites.com/private-offices/office-space-rental-katy-tx/|16|1|15|DOWN
rent office rooms katy tx|http://titanbusinesssuites.com/|1|4|3|UP
shared workspace katy tx|https://titanbusinesssuites.com/private-offices/shared-office-space-katy-tx/|9|11|2|UP
executive office suites houston|https://titanbusinesssuites.com/private-offices/houston-tx-executive-office-suites/|15|13|2|DOWN
virtual office in katy|https://titanbusinesssuites.com/virtual-services/katy-texas-virtual-office-address-only/|8|7|1|DOWN
Katy TX meeting rooms near me|https://titanbusinesssuites.com/meeting-rooms/katy-tx-conference-rooms/|8|8|0|EQ
Katy TX spaces coworking|https://titanbusinesssuites.com/rent-a-coworking-space/|10|10|0|EQ
business suites|https://titanbusinesssuites.com/|5|4|1|DOWN
conference room for rent katy|http://titanbusinesssuites.com/|5|11|6|UP
office shared space katy texas|https://titanbusinesssuites.com/private-offices/shared-office-space-katy-tx/|12|13|1|UP
virtual office ksty|https://titanbusinesssuites.com/virtual-services/katy-texas-virtual-office-address-only/|7|7|0|EQ
vitrual offices katy texas|https://titanbusinesssuites.com/virtual-services/katy-texas-virtual-office-address-only/|7|7|0|EQ
small business office space for rent Katy, TX|https://titanbusinesssuites.com/private-offices/office-space-rental-katy-tx/|17|20|3|UP
executive suite rental agencies|https://titanbusinesssuites.com/private-offices/houston-tx-executive-office-suites/|5|6|1|UP
houston executive office suites|https://titanbusinesssuites.com/private-offices/houston-tx-executive-office-suites/|8|14|6|UP
Katy TX workspace for rent|http://titanbusinesssuites.com/|1|2|1|UP
Katy TX meeting spaces near me|https://titanbusinesssuites.com/meeting-rooms/katy-tx-conference-rooms/|9|9|0|EQ
Katy TX small space for rent|http://titanbusinesssuites.com/|4|4|0|EQ
Katy TX mail scanning service|https://titanbusinesssuites.com/timely-katy-tx-mail-scanning-service/|4|3|1|DOWN
Katy TX executive offices for rent|https://titanbusinesssuites.com/private-offices/executive-office-space-for-rent-katy-tx/|15|15|0|EQ
business office lease katy tx|http://titanbusinesssuites.com/|6|15|9|UP
katy flexible office space for rent|https://titanbusinesssuites.com/|8|19|11|UP
rental office space katy|https://titanbusinesssuites.com/private-offices/shared-office-space-katy-tx/|22|1|21|DOWN
katy get a business address|https://titanbusinesssuites.com/virtual-services/katy-texas-virtual-office-address-only/|6|5|1|DOWN
katy corporate suites for lease|http://titanbusinesssuites.com/|1|2|1|UP
katy tx virtual office|https://titanbusinesssuites.com/virtual-services/katy-texas-virtual-office-address-only/|8|7|1|DOWN
Katy TX instant offices|https://titanbusinesssuites.com/affordable-instant-offices-are-here-for-you-katy-tx/|4|5|1|UP
business offices for lease katy|http://titanbusinesssuites.com/|7|18|11|UP
katy small office for lease|https://titanbusinesssuites.com/private-offices/executive-office-space-for-rent-katy-tx/|18|24|6|UP
office leasing in katy tx|http://titanbusinesssuites.com/|2|6|4|UP
office suite for rent katy tx|https://titanbusinesssuites.com/private-offices/office-space-rental-katy-tx/|9|16|7|UP
rent office space katy|https://titanbusinesssuites.com/private-offices/office-space-rental-katy-tx/|10|1|9|DOWN
rent space for office katy tx|http://titanbusinesssuites.com/|2|7|5|UP
serviced office for rent katy|http://titanbusinesssuites.com/|3|5|2|UP
virtual office near katy tx|https://titanbusinesssuites.com/virtual-services/katy-texas-virtual-office-address-only/|8|7|1|DOWN
Katy TX premier business centers|https://titanbusinesssuites.com/virtual-services/katy-tx-virtual-office-phone-answering-service/|16|2|14|DOWN
Katy TX small office space|https://titanbusinesssuites.com/private-offices/katy-texas-office-space/|21|23|2|UP
business space rental near katy|https://titanbusinesssuites.com/private-offices/office-space-rental-katy-tx/|17|19|2|UP
cheapest virtual office katy|https://titanbusinesssuites.com/|6|4|2|DOWN
rent for office in katy tx|http://titanbusinesssuites.com/|3|2|1|DOWN
Katy TX serviced office|http://titanbusinesssuites.com/|1|1|0|EQ
flexible office space Katy TX|https://titanbusinesssuites.com/private-offices/shared-office-space-katy-tx/|9|11|2|UP
katy cheap virtual office|https://titanbusinesssuites.com/virtual-services/katy-texas-virtual-office-address-only/|8|6|2|DOWN
rent an office space katy tx|http://titanbusinesssuites.com/|3|20|17|UP
rent for office katy|http://titanbusinesssuites.com/|4|4|0|EQ
Katy TX small office space for rent|https://titanbusinesssuites.com/private-offices/executive-office-space-for-rent-katy-tx/|25|21|4|DOWN
short term office space Katy, TX|https://titanbusinesssuites.com/private-offices/shared-office-space-katy-tx/|17|13|4|DOWN
katy office space rental|https://titanbusinesssuites.com/|9|21|12|UP
katy small office space for lease|https://titanbusinesssuites.com/private-offices/office-space-rental-katy-tx/|20|22|2|UP
business offices for rent katy tx|https://titanbusinesssuites.com/private-offices/office-space-rental-katy-tx/|10|18|8|UP
office space company cinco ranch tx|http://titanbusinesssuites.com/|1|1|0|EQ
katy office room rental|http://titanbusinesssuites.com/|1|1|0|EQ
private office space katy tx|http://titanbusinesssuites.com/|1|1|0|EQ
rent an office space katy|http://titanbusinesssuites.com/|3|23|20|UP
virtual office near katy|https://titanbusinesssuites.com/virtual-services/katy-texas-virtual-office-address-only/|8|7|1|DOWN
cinco ranch TX business offices for rent|https://titanbusinesssuites.com/katy-tx-rent-office-space-by-the-hour/|17|17|0|EQ
rent serviced office Katy TX|http://titanbusinesssuites.com/|1|6|5|UP
houston executive offices|https://titanbusinesssuites.com/private-offices/houston-tx-executive-offices/|11|8|3|DOWN
coworking office space katy|https://titanbusinesssuites.com/rent-a-coworking-space/|8|13|5|UP
katy business space rental|https://titanbusinesssuites.com/private-offices/office-space-rental-katy-tx/|18|16|2|DOWN
executive office space near me Katy, TX|https://titanbusinesssuites.com/|6|4|2|DOWN
business office space for rent katy|https://titanbusinesssuites.com/|18|18|0|EQ
Katy TX meeting places near me|https://titanbusinesssuites.com/meeting-rooms/katy-tx-conference-rooms/|9|9|0|EQ
executive offices space for rent katy|https://titanbusinesssuites.com/|12|13|1|UP
small office space katy|https://titanbusinesssuites.com/private-offices/office-space-rental-katy-tx/|20|3|17|DOWN
executive suite rental agency|https://titanbusinesssuites.com/private-offices/houston-tx-executive-office-suites/|6|5|1|DOWN
executive office houston|https://titanbusinesssuites.com/private-offices/houston-tx-executive-offices/|12|9|3|DOWN
flexible office space katy|https://titanbusinesssuites.com/private-offices/shared-office-space-katy-tx/|9|10|1|UP
katy available office suites|https://titanbusinesssuites.com/katy-tx-office-suites-for-rent/|20|22|2|UP
shared workspace for rent katy tx|http://titanbusinesssuites.com/|2|8|6|UP
work suite rentals katy|https://titanbusinesssuites.com/private-offices/office-space-rental-katy-tx/|10|10|0|EQ
Katy TX daily office space rental|https://titanbusinesssuites.com/katy-tx-daily-office-space-rental/|14|3|11|DOWN
Katy TX office share near me|https://titanbusinesssuites.com/private-offices/shared-office-space-katy-tx/|11|8|3|DOWN
Katy TX virtual offices near me|https://titanbusinesssuites.com/virtual-services/katy-texas-virtual-office-address-only/|9|8|1|DOWN
katy office suite for lease|https://titanbusinesssuites.com/|23|21|2|DOWN
office shared space katy tx|https://titanbusinesssuites.com/private-offices/shared-office-space-katy-tx/|12|1|11|DOWN
small office for lease katy tx|https://titanbusinesssuites.com/private-offices/katy-texas-office-space/|19|19|0|EQ
available office suites katy|https://titanbusinesssuites.com/katy-tx-office-suites-for-rent/|23|22|1|DOWN
furnished office space for rent katy|https://titanbusinesssuites.com/private-offices/office-space-rental-katy-tx/|19|17|2|DOWN
katy office for rent|https://titanbusinesssuites.com/private-offices/office-space-rental-katy-tx/|21|25|4|UP
katy office space lease|http://titanbusinesssuites.com/|3|16|13|UP
office shared space katy, tx|https://titanbusinesssuites.com/private-offices/shared-office-space-katy-tx/|13|2|11|DOWN
office suite for rent near katy|https://titanbusinesssuites.com/private-offices/office-space-rental-katy-tx/|16|14|2|DOWN
executive office suites in houston|https://titanbusinesssuites.com/private-offices/houston-tx-executive-office-suites/|13|12|1|DOWN
katy private office rentals|https://titanbusinesssuites.com/private-offices/office-space-rental-katy-tx/|15|14|1|DOWN
furnished office space for rent Katy, TX|https://titanbusinesssuites.com/private-offices/office-space-rental-katy-tx/|16|18|2|UP
business office space for rent Katy, TX|https://titanbusinesssuites.com/private-offices/executive-office-space-for-rent-katy-tx/|20|19|1|DOWN
katy office rental|http://titanbusinesssuites.com/|9|6|3|DOWN
office space rentals katy|http://titanbusinesssuites.com/|1|3|2|UP
office space rentals katy tx|http://titanbusinesssuites.com/|1|1|0|EQ
rent office space katy, tx|https://titanbusinesssuites.com/private-offices/katy-texas-office-space/|23|2|21|DOWN
rent office space katy tx|https://titanbusinesssuites.com/private-offices/katy-texas-office-space/|23|2|21|DOWN
Katy TX business offices for rent|https://titanbusinesssuites.com/private-offices/executive-office-space-for-rent-katy-tx/|18|18|0|EQ
Katy TX shared office space for rent|http://titanbusinesssuites.com/|1|2|1|UP
shared office for rent Katy TX|http://titanbusinesssuites.com/|1|9|8|UP
private office for rent Katy, TX|https://titanbusinesssuites.com/private-offices/office-space-rental-katy-tx/|16|19|3|UP
titans suites|https://titanbusinesssuites.com/|3|11|8|UP
Katy TX small office space for rent near me|https://titanbusinesssuites.com/private-offices/office-space-rental-katy-tx/|25|23|2|DOWN
business space for rent katy tx|https://titanbusinesssuites.com/katy-tx-business-space-for-rent/|25|25|0|EQ
katy business office space for rent|https://titanbusinesssuites.com/private-offices/executive-office-space-for-rent-katy-tx/|20|18|2|DOWN
katy small office space|https://titanbusinesssuites.com/private-offices/office-space-rental-katy-tx/|23|23|0|EQ
temporary office Katy TX|http://titanbusinesssuites.com/|1|1|0|EQ
lease small office space Katy, TX|https://titanbusinesssuites.com/private-offices/office-space-rental-katy-tx/|18|30|30|NEW
katy rent a business space|https://titanbusinesssuites.com/private-offices/office-space-rental-katy-tx/|21|19|2|DOWN
katy space for rent katy|https://titanbusinesssuites.com/private-offices/executive-office-space-for-rent-katy-tx/|25|26|1|UP
my office business suites|https://titanbusinesssuites.com/private-offices/houston-business-suites/|4|1|3|DOWN
Cinco Ranch TX virtual address|http://titanbusinesssuites.com/|1|2|1|UP
executive office space for rent near me Katy, TX|https://titanbusinesssuites.com/private-offices/executive-office-space-for-rent-katy-tx/|14|30|30|NEW
executive office space|https://titanbusinesssuites.com/private-offices/houston-tx-executive-office-suites/|6|5|1|DOWN
modern office space katy|https://titanbusinesssuites.com/|21|21|0|EQ
private executive offices sugar land katy|http://titanbusinesssuites.com/|1|1|0|EQ
Katy TX office space company name|http://titanbusinesssuites.com/|2|1|1|DOWN
Katy TX small space for rent near me|http://titanbusinesssuites.com/|2|9|7|UP
executive offices for rent near me Katy, TX|https://titanbusinesssuites.com/private-offices/executive-office-space-for-rent-katy-tx/|8|30|30|NEW
corporate space leasing in katy tx|https://titanbusinesssuites.com/private-offices/office-space-rental-katy-tx/|21|3|18|DOWN
Katy TX private office space for rent|https://titanbusinesssuites.com/private-offices/office-space-rental-katy-tx/|20|22|2|UP
office lease near katy|http://titanbusinesssuites.com/|2|23|21|UP
executive suite rental|https://titanbusinesssuites.com/private-offices/houston-tx-executive-office-suites/|8|7|1|DOWN
katy tx office space for lease|http://titanbusinesssuites.com/|7|7|0|EQ
executive suites for rental|https://titanbusinesssuites.com/private-offices/houston-tx-executive-office-suites/|8|5|3|DOWN
executive suite office|https://titanbusinesssuites.com/private-offices/houston-tx-executive-office-suites/|7|26|19|UP
business space for rent in katy tx|https://titanbusinesssuites.com/katy-tx-business-space-for-rent/|28|27|1|DOWN
katy furnished office space for rent|https://titanbusinesssuites.com/private-offices/office-space-rental-katy-tx/|20|12|8|DOWN
katy office space for lease|http://titanbusinesssuites.com/|1|11|10|UP
office lease space near katy|http://titanbusinesssuites.com/|2|24|22|UP
office space lease katy|http://titanbusinesssuites.com/|9|16|7|UP
executive suites rental|https://titanbusinesssuites.com/private-offices/houston-tx-executive-office-suites/|8|7|1|DOWN
executive office suites for rent|https://titanbusinesssuites.com/private-offices/houston-tx-executive-office-suites/|9|7|2|DOWN
Katy TX business places for rent|http://titanbusinesssuites.com/|6|13|7|UP
office leasing katy|http://titanbusinesssuites.com/|2|2|0|EQ
business leases katy|http://titanbusinesssuites.com/|7|15|8|UP
katy office lease space|http://titanbusinesssuites.com/|3|7|4|UP
rent space for office katy|http://titanbusinesssuites.com/|4|22|18|UP
office space leasing katy|http://titanbusinesssuites.com/|1|2|1|UP
work space rent katy tx|http://titanbusinesssuites.com/|3|1|2|DOWN
Katy TX office space company|https://titanbusinesssuites.com/private-offices/office-space-rental-katy-tx/|17|18|1|UP
business leases in katy tx|http://titanbusinesssuites.com/|8|16|8|UP
business space for lease katy|https://titanbusinesssuites.com/|25|24|1|DOWN
executive suites for lease|https://titanbusinesssuites.com/private-offices/houston-tx-executive-office-suites/|11|10|1|DOWN
Katy TX work space near me|https://titanbusinesssuites.com/private-offices/shared-office-space-katy-tx/|20|20|0|EQ
offices for rent katy tx|https://titanbusinesssuites.com/private-offices/office-space-rental-katy-tx/|18|19|1|UP
Katy TX office for lease|http://titanbusinesssuites.com/|1|5|4|UP
Katy TX office space for lease near me|http://titanbusinesssuites.com/|7|18|11|UP
katy tx office space|https://titanbusinesssuites.com/private-offices/katy-texas-office-space/|22|24|2|UP
katy tx office space lease|http://titanbusinesssuites.com/|7|13|6|UP
office space in katy tx|https://titanbusinesssuites.com/private-offices/office-space-rental-katy-tx/|23|20|3|DOWN
Katy TX private office|https://titanbusinesssuites.com/private-offices/office-space-rental-katy-tx/|17|11|6|DOWN
Katy TX office space available near me|https://titanbusinesssuites.com/private-offices/office-space-rental-katy-tx/|16|18|2|UP
katy office building for rent|http://titanbusinesssuites.com/|6|16|10|UP
executive office space for lease|https://titanbusinesssuites.com/private-offices/houston-tx-executive-office-suites/|12|14|2|UP
business space for rent katy|https://titanbusinesssuites.com/|24|30|6|NEW
office lease katy tx|http://titanbusinesssuites.com/|7|22|15|UP
office space katy tx|https://titanbusinesssuites.com/private-offices/katy-texas-office-space/|25|21|4|DOWN
office warehouse space for rent katy|http://titanbusinesssuites.com/|1|30|29|NEW
small office space for lease katy|https://titanbusinesssuites.com/private-offices/office-space-rental-katy-tx/|20|23|3|UP
business suite rentals|https://titanbusinesssuites.com/private-offices/houston-business-suites/|9|18|9|UP
katy rent an office space|http://titanbusinesssuites.com/|9|24|15|UP
office lease katy|http://titanbusinesssuites.com/|5|6|1|UP
office space katy texas|https://titanbusinesssuites.com/private-offices/katy-texas-office-space/|22|21|1|DOWN
mail forwarding houston|https://titanbusinesssuites.com/virtual-services/houston-virtual-business-address-mail-forwarding/|13|12|1|DOWN
business space for lease near me Katy, TX|http://titanbusinesssuites.com/|1|30|30|NEW
office to let katy texas|https://titanbusinesssuites.com/private-offices/executive-office-space-for-rent-katy-tx/|22|20|2|DOWN
office buildings for lease katy tx|http://titanbusinesssuites.com/|1|8|7|UP
texas virtual offices|https://titanbusinesssuites.com/virtual-services/katy-texas-virtual-office-address-only/|15|15|0|EQ
office space lease katy tx|http://titanbusinesssuites.com/|1|-5|6|DOWN
business places for rent katy tx|https://titanbusinesssuites.com/katy-tx-business-space-for-rent/|16|18|2|UP
corporate office space leasing katy tx|https://titanbusinesssuites.com/private-offices/katy-texas-office-space/|20|21|1|UP
office space for lease katy tx|https://titanbusinesssuites.com/private-offices/office-space-rental-katy-tx/|20|21|1|UP
work suites|https://titanbusinesssuites.com/|15|13|2|DOWN
executive office space energy corridor|https://titanbusinesssuites.com/private-offices/houston-tx-office-space-for-rent/|17|19|2|UP
katy space for rent|https://titanbusinesssuites.com/private-offices/executive-office-space-for-rent-katy-tx/|23|29|6|UP
office space for lease in katy tx|http://titanbusinesssuites.com/|1|5|4|UP
office space for rent near katy|https://titanbusinesssuites.com/private-offices/office-space-rental-katy-tx/|22|23|1|UP
office space lease katy texas|http://titanbusinesssuites.com/|1|5|4|UP
office space rental katy tx|https://titanbusinesssuites.com/private-offices/office-rental-katy-tx/|21|21|0|EQ
virtual office texas|https://titanbusinesssuites.com/virtual-services/katy-texas-virtual-office-address-only/|18|18|0|EQ
houston virtual office lease|https://titanbusinesssuites.com/virtual-services/houston-texas-virtual-office/|17|17|0|EQ
rent virtual office houston|https://titanbusinesssuites.com/virtual-services/houston-texas-virtual-office/|18|15|3|DOWN
cheap office space for rent katy|https://titanbusinesssuites.com/private-offices/office-rental-katy-tx/|19|21|2|UP
space for rent katy|https://titanbusinesssuites.com/private-offices/executive-office-space-for-rent-katy-tx/|25|28|3|UP
virtual office houston tx|https://titanbusinesssuites.com/virtual-services/houston-virtual-business-address-mail-forwarding/|18|19|1|UP
lease virtual office houston|https://titanbusinesssuites.com/virtual-services/houston-texas-virtual-office/|19|14|5|DOWN
instant office for rent|https://titanbusinesssuites.com/private-offices/houston-tx-office-space-for-rent/|18|30|12|NEW
mail scanning service cinco ranch tx|https://titanbusinesssuites.com/virtual-services/houston-tx-virtual-mail-address/|18|20|2|UP
rental business suites|https://titanbusinesssuites.com/private-offices/houston-tx-executive-office-suites/|19|17|2|DOWN
instant office to lease|https://titanbusinesssuites.com/private-offices/houston-tx-office-space-for-rent/|18|30|12|NEW
cinco ranch TX business places for rent|https://titanbusinesssuites.com/katy-tx-rent-office-space-by-the-hour/|18|22|4|UP
office space katy|https://titanbusinesssuites.com/|29|28|1|DOWN
virtual office houston texas|https://titanbusinesssuites.com/virtual-services/houston-texas-virtual-office/|18|19|1|UP
find office space for rent in katy|https://titanbusinesssuites.com/private-offices/katy-texas-office-space/|21|18|3|DOWN
katy space office for rent|https://titanbusinesssuites.com/private-offices/katy-texas-office-space/|24|21|3|DOWN
virtual office space houston tx|https://titanbusinesssuites.com/virtual-services/houston-virtual-business-address-mail-forwarding/|20|19|1|DOWN
houston virtual office rent|https://titanbusinesssuites.com/virtual-services/houston-texas-virtual-office/|19|18|1|DOWN
instant office to lease central|https://titanbusinesssuites.com/private-offices/houston-tx-office-space-for-rent/|21|30|9|NEW
katy office space for rent|https://titanbusinesssuites.com/|22|22|0|EQ
katy offices for lease|https://titanbusinesssuites.com/private-offices/office-space-rental-katy-tx/|22|22|0|EQ
katy office space|https://titanbusinesssuites.com/|26|27|1|UP
business space for rent energy corridor tx|https://titanbusinesssuites.com/private-offices/houston-tx-office-space-for-rent/|22|24|2|UP
Katy TX office workspace|https://titanbusinesssuites.com/private-offices/office-space-rental-katy-tx/|22|19|3|DOWN
work space for rent near me Katy TX|https://titanbusinesssuites.com/private-offices/executive-office-space-for-rent-katy-tx/|22|25|3|UP
corridor office space for rent katy|https://titanbusinesssuites.com/katy-tx-business-space-for-rent/|24|25|1|UP
virtual office houston|https://titanbusinesssuites.com/virtual-services/houston-virtual-business-address-mail-forwarding/|22|23|1|UP
conference rooms to lease|https://titanbusinesssuites.com/meeting-rooms/|26|30|4|NEW
business suites for rent|https://titanbusinesssuites.com/|26|24|2|DOWN
office solutions katy tx|https://titanbusinesssuites.com/katy-tx-rent-office-space-by-the-hour/|22|28|6|UP
houston virtual offices|https://titanbusinesssuites.com/virtual-services/houston-virtual-business-address-mail-forwarding/|20|18|2|DOWN
instant office for rent central|https://titanbusinesssuites.com/private-offices/houston-tx-office-space-for-rent/|24|30|6|NEW
katy tx business space for lease|https://titanbusinesssuites.com/katy-tx-business-space-for-rent/|26|25|1|DOWN
office suites sugar land katy|https://titanbusinesssuites.com/private-offices/office-space-rental-katy-tx/|26|24|2|DOWN
