college Savings Plan in west houston|https://potterfin.com/education-savings/west-houston-529-college-fund/|1|30|29|NEW
South West Houston Retirement Plan Consultants|https://potterfin.com/retirement-planning/south-west-houston-retirement-plan-consultants/|1|30|29|NEW
South West Houston 529 Plan|https://potterfin.com/education-savings/south-west-houston-529-plan/|1|30|29|NEW
South West Houston 529 College Fund|https://potterfin.com/education-savings/south-west-houston-529-plan/|1|30|29|NEW
financial advisor West Houston 529 Plan|https://potterfin.com/education-savings/west-houston-529-plan/|1|30|29|NEW
77042 529 College Fund|https://potterfin.com/education-savings/77042-529-college-fund/|1|30|29|NEW
West Houston 529 College Fund|https://potterfin.com/education-savings/west-houston-529-college-fund/|1|30|29|NEW
77042 529 Plan|https://potterfin.com/financial-planning/77042-529-plan/|1|11|10|UP
South West Houston 529 Savings Plan|https://potterfin.com/education-savings/south-west-houston-529-plan/|1|30|29|NEW
77042 529 Savings Plan|https://potterfin.com/financial-planning/77042-529-plan/|1|30|29|NEW
77042 Educational Savings Account|https://potterfin.com/financial-planning/77042-529-plan/|1|7|6|UP
South West Houston 529 College Savings Plan|https://potterfin.com/education-savings/south-west-houston-529-plan/|1|30|29|NEW
West Houston 529 Savings Plan|https://potterfin.com/education-savings/west-houston-529-college-fund/|1|30|29|NEW
529 College Fund advisor West Houston|https://potterfin.com/education-savings/west-houston-529-college-fund/|1|30|29|NEW
77042 Retirement Plan Consultants|https://potterfin.com/retirement-planning/77042-retirement-plan-consultants/|1|1|0|EQ
South West Houston Financial Advisor retirement|https://potterfin.com/retirement-planning/south-west-houston-retirement-advisor/|1|30|29|NEW
South West Houston Education Savings Account|https://potterfin.com/education-savings/south-west-houston-529-plan/|1|30|29|NEW
South West Houston Retirement Advisor|https://potterfin.com/retirement-planning/south-west-houston-retirement-advisor/|1|30|29|NEW
South West Houston Retirement Investment|https://potterfin.com/retirement-planning/south-west-houston-retirement-advisor/|1|30|29|NEW
Retirement Plan Consultants in South West Houston|https://potterfin.com/retirement-planning/south-west-houston-retirement-plan-consultants/|1|30|29|NEW
South West Houston Financial Planning|https://potterfin.com/financial-planning/south-west-houston-financial-planning/|1|30|29|NEW
77042 Retirement Advisor|https://potterfin.com/retirement-planning/77042-retirement-advisor/|2|1|1|DOWN
West Houston Investment Services|https://potterfin.com/investments/west-houston-investment-services/|1|30|29|NEW
Houston Mutual Funds advising|https://potterfin.com/investments/houston-mutual-funds/|3|30|27|NEW
Retirement Advisor in South West Houston|https://potterfin.com/retirement-planning/south-west-houston-retirement-advisor/|1|30|29|NEW
77042 Investment Services|https://potterfin.com/investments/77042-investment-services/|2|2|0|EQ
77042 Retirement Investment|https://potterfin.com/retirement-planning/77042-retirement-investment/|2|2|0|EQ
West Houston Education Savings Account|https://potterfin.com/education-savings/south-west-houston-529-plan/|3|30|27|NEW
77042 Financial Advisor savings|https://potterfin.com/financial-planning/77042-financial-advisor/|1|1|0|EQ
South West Houston Advisor investment|https://potterfin.com/financial-planning/south-west-houston-financial-planning/|2|30|28|NEW
West Houston Retirement Advisor|https://potterfin.com/retirement-planning/west-houston-retirement-advisor/|2|30|28|NEW
Houston Mutual Funds|https://potterfin.com/investments/houston-mutual-funds/|3|11|8|UP
77042 Retirement Planner Near Me|https://potterfin.com/financial-planning/77042-financial-advisor/77042-financial-advisor-near-me/|6|3|3|DOWN
West Houston Retirement Investment|https://potterfin.com/retirement-planning/west-houston-retirement-investment/|2|30|28|NEW
South West Houston Retirement Planner Near Me|https://potterfin.com/retirement-planning/south-west-houston-retirement-planner-near-me/|2|30|28|NEW
77042 Financial Advisor|https://potterfin.com/financial-planning/77042-financial-advisor/|3|3|0|EQ
West Houston 529 Plan|https://potterfin.com/education-savings/south-west-houston-529-college-savings-plan/|6|30|24|NEW
west houston tx best 529 college savings plan|https://potterfin.com/education-savings/south-west-houston-529-college-savings-plan/|5|30|30|NEW
77042 Financial Advisor Near Me|https://potterfin.com/financial-planning/77042-financial-advisor/|7|2|5|DOWN
529 College Savings Plan houston|https://potterfin.com/education-savings/houston-529-savings-plan/|3|30|27|NEW
West Houston 529 College Savings Plan|https://potterfin.com/education-savings/west-houston-529-savings-plan/|18|30|12|NEW
best 529 college savings plan west houston tx|https://potterfin.com/education-savings/houston-529-savings-plan/|10|30|30|NEW
South West Houston Financial Advisor near Me|https://potterfin.com/financial-planning/south-west-houston-financial-advisor-near-me/|8|30|22|NEW
West Houston Financial Advisor|https://potterfin.com/financial-planning/west-houston-financial-advisor/|8|30|22|NEW
Houston 529 College Fund|https://potterfin.com/education-savings/houston-529-college-fund/|5|30|25|NEW
Houston 529 College Savings Plan|https://potterfin.com/education-savings/houston-529-savings-plan/|7|1|6|DOWN
529 Savings Plan houston|https://potterfin.com/education-savings/houston-529-savings-plan/|7|30|23|NEW
South West Houston Retirement plan advisor|https://potterfin.com/retirement-planning/south-west-houston-retirement-advisor/|1|30|29|NEW
Houston 529 Savings Plan|https://potterfin.com/education-savings/houston-529-savings-plan/|10|30|20|NEW
Retirement Investment consulting houston|https://potterfin.com/retirement-planning/houston-retirement-plan-consultants/|14|30|30|NEW
West Houston Advisor finance plan|https://potterfin.com/retirement-planning/west-houston-retirement-advisor/|6|30|24|NEW
West Houston Investment Services near me|https://potterfin.com/financial-planning/west-houston-financial-advisor-near-me/|6|30|24|NEW
Retirement Plan Consultants Houston|https://potterfin.com/retirement-planning/houston-retirement-plan-consultants/|4|5|1|UP
Financial Planning West Houston|https://potterfin.com/financial-planning/south-west-houston-financial-planning/|8|30|22|NEW
college savings plans houston tx|https://potterfin.com/education-savings/houston-529-savings-plan/|7|30|30|NEW
houston tx best college savings plans|https://potterfin.com/education-savings/houston-529-savings-plan/|8|30|30|NEW
Houston Retirement Plan Consultants|https://potterfin.com/retirement-planning/houston-retirement-plan-consultants/|5|30|25|NEW
South West Houston Investment Services|https://potterfin.com/investments/south-west-houston-investment-services/|1|30|29|NEW
Investment Services South West Houston|https://potterfin.com/investments/south-west-houston-investment-services/|1|30|29|NEW
Retirement Plan Consultants West Houston|https://potterfin.com/retirement-planning/west-houston-retirement-plan-consultants/|1|30|29|NEW
West Houston Retirement Plan Consultants|https://potterfin.com/retirement-planning/west-houston-retirement-plan-consultants/|2|30|28|NEW
West Houston Savings Plan advisor|https://potterfin.com/retirement-planning/west-houston-retirement-advisor/|2|30|28|NEW
South West Houston Financial Advisor|https://potterfin.com/financial-planning/south-west-houston-financial-planning/|3|30|27|NEW
West Houston Retirement Planner Near Me|https://potterfin.com/retirement-planning/west-houston-retirement-planner-near-me/|3|30|27|NEW
529 college savings plan houston texas|https://potterfin.com/education-savings/houston-529-savings-plan/|13|30|30|NEW
Houston Investment Services|https://potterfin.com/investments/houston-investment-services/|8|30|22|NEW
West Houston Financial Advisor Near Me|https://potterfin.com/financial-planning/west-houston-financial-advisor-near-me/|11|30|19|NEW
Houston 529 Plan|https://potterfin.com/education-savings/houston-529-savings-plan/|9|2|7|DOWN
Houston Retirement Planner Near Me|https://potterfin.com/retirement-planning/houston-retirement-planner-near-me/|21|30|9|NEW
west houston tx financial advisory firms|https://potterfin.com/financial-planning/west-houston-financial-advisor/|6|30|30|NEW
financial advisor near me west houston texas|https://potterfin.com/financial-planning/west-houston-financial-advisor-near-me/|11|30|30|NEW
