college Savings Plan in west houston|https://potterfin.com/education-savings/west-houston-529-college-fund/|1|1|0|EQ
South West Houston Retirement Plan Consultants|https://potterfin.com/retirement-planning/south-west-houston-retirement-advisor/|1|1|0|EQ
South West Houston 529 Plan|https://potterfin.com/education-savings/south-west-houston-529-plan/|1|1|0|EQ
South West Houston 529 College Fund|https://potterfin.com/education-savings/south-west-houston-529-plan/|1|1|0|EQ
financial advisor West Houston 529 Plan|https://potterfin.com/education-savings/west-houston-529-college-fund/|1|1|0|EQ
77042 529 College Fund|https://potterfin.com/education-savings/77042-529-college-savings-plan/|1|1|0|EQ
West Houston 529 College Fund|https://potterfin.com/education-savings/west-houston-529-plan/|1|1|0|EQ
77042 529 Plan|https://potterfin.com/education-savings/77042-529-college-savings-plan/|1|1|0|EQ
South West Houston 529 Savings Plan|https://potterfin.com/education-savings/south-west-houston-529-plan/|1|1|0|EQ
77042 529 Savings Plan|https://potterfin.com/education-savings/77042-529-college-savings-plan/|1|1|0|EQ
77042 Educational Savings Account|https://potterfin.com/education-savings/77042-529-college-savings-plan/|1|1|0|EQ
South West Houston 529 College Savings Plan|https://potterfin.com/education-savings/south-west-houston-529-plan/|1|1|0|EQ
West Houston 529 Savings Plan|https://potterfin.com/education-savings/west-houston-529-college-fund/|1|1|0|EQ
529 College Fund advisor West Houston|https://potterfin.com/education-savings/west-houston-529-college-fund/|1|1|0|EQ
77042 Retirement Plan Consultants|https://potterfin.com/retirement-planning/77042-retirement-planner-near-me/|1|1|0|EQ
South West Houston Financial Advisor retirement|https://potterfin.com/retirement-planning/south-west-houston-retirement-advisor/|1|2|1|UP
South West Houston Education Savings Account|https://potterfin.com/education-savings/south-west-houston-529-plan/|1|1|0|EQ
South West Houston Retirement Advisor|https://potterfin.com/retirement-planning/south-west-houston-retirement-advisor/|1|2|1|UP
South West Houston Retirement Investment|https://potterfin.com/retirement-planning/south-west-houston-retirement-advisor/|1|2|1|UP
Retirement Plan Consultants in South West Houston|https://potterfin.com/retirement-planning/south-west-houston-retirement-advisor/|1|3|2|UP
South West Houston Financial Planning|https://potterfin.com/financial-planning/south-west-houston-financial-planning/|1|2|1|UP
77042 Retirement Advisor|https://potterfin.com/retirement-planning/77042-retirement-planner-near-me/|1|1|0|EQ
West Houston Investment Services|https://potterfin.com/investments/west-houston-investment-services/|2|30|28|NEW
Houston Mutual Funds advising|https://potterfin.com/investments/houston-mutual-funds/|1|1|0|EQ
Retirement Advisor in South West Houston|https://potterfin.com/retirement-planning/south-west-houston-retirement-advisor/|2|2|0|EQ
77042 Investment Services|https://potterfin.com/investments/77042-investment-services/|1|2|1|UP
77042 Retirement Investment|https://potterfin.com/retirement-planning/77042-retirement-planner-near-me/|1|1|0|EQ
West Houston Education Savings Account|https://potterfin.com/education-savings/west-houston-529-plan/|1|1|0|EQ
77042 Financial Advisor savings|https://potterfin.com/investments/77042-investment-services/|2|1|1|DOWN
South West Houston Advisor investment|https://potterfin.com/retirement-planning/south-west-houston-retirement-advisor/|2|2|0|EQ
West Houston Retirement Advisor|https://potterfin.com/financial-planning/west-houston-financial-advisor/|2|2|0|EQ
Houston Mutual Funds|https://potterfin.com/investments/houston-mutual-funds/|2|3|1|UP
77042 Retirement Planner Near Me|https://potterfin.com/retirement-planning/77042-retirement-planner-near-me/|1|2|1|UP
West Houston Retirement Investment|https://potterfin.com/investments/west-houston-investment-services/|3|2|1|DOWN
South West Houston Retirement Planner Near Me|https://potterfin.com/retirement-planning/south-west-houston-retirement-advisor/|4|2|2|DOWN
77042 Financial Advisor|https://potterfin.com/financial-planning/77042-financial-advisor/|3|8|5|UP
West Houston 529 Plan|https://potterfin.com/education-savings/west-houston-529-plan/|1|1|0|EQ
west houston tx best 529 college savings plan|https://potterfin.com/education-savings/west-houston-529-plan/|1|30|30|NEW
77042 Financial Advisor Near Me|https://potterfin.com/retirement-planning/77042-retirement-planner-near-me/|2|14|12|UP
529 College Savings Plan houston|https://potterfin.com/education-savings/west-houston-529-college-fund/|8|4|4|DOWN
West Houston 529 College Savings Plan|https://potterfin.com/education-savings/west-houston-529-plan/|1|1|0|EQ
best 529 college savings plan west houston tx|https://potterfin.com/education-savings/west-houston-529-college-fund/|2|30|30|NEW
South West Houston Financial Advisor near Me|https://potterfin.com/financial-planning/south-west-houston-financial-planning/|6|30|24|NEW
West Houston Financial Advisor|https://potterfin.com/financial-planning/west-houston-financial-advisor/|2|2|0|EQ
Houston 529 College Fund|https://potterfin.com/education-savings/west-houston-529-college-fund/|6|2|4|DOWN
Houston 529 College Savings Plan|https://potterfin.com/education-savings/west-houston-529-college-fund/|7|2|5|DOWN
529 Savings Plan houston|https://potterfin.com/education-savings/south-west-houston-529-plan/|9|5|4|DOWN
South West Houston Retirement plan advisor|https://potterfin.com/retirement-planning/south-west-houston-retirement-advisor/|1|1|0|EQ
Houston 529 Savings Plan|https://potterfin.com/education-savings/south-west-houston-529-plan/|7|5|2|DOWN
77042 529 College Savings Plan|https://potterfin.com/education-savings/77042-529-college-savings-plan/|1|1|0|EQ
Retirement Investment consulting houston|https://potterfin.com/retirement-planning/houston-retirement-advisor/|6|30|30|NEW
West Houston Advisor finance plan|https://potterfin.com/financial-planning/west-houston-financial-advisor/|1|1|0|EQ
West Houston Investment Services near me|https://potterfin.com/investments/west-houston-investment-services/|4|30|26|NEW
Retirement Plan Consultants Houston|https://potterfin.com/retirement-planning/77042-retirement-planner-near-me/|16|30|14|NEW
Financial Planning West Houston|https://potterfin.com/financial-planning/west-houston-financial-advisor/|5|3|2|DOWN
college savings plans houston tx|https://potterfin.com/education-savings/77042-529-college-savings-plan/|21|30|30|NEW
houston tx best college savings plans|https://potterfin.com/education-savings/77042-529-college-savings-plan/|16|30|30|NEW
Houston Retirement Plan Consultants|https://potterfin.com/retirement-planning/houston-retirement-advisor/|27|5|22|DOWN
west houston tx investment account|https://potterfin.com/investments/west-houston-investment-services/|1|30|30|NEW
529 plan rules advisor west houston|https://potterfin.com/education-savings/south-west-houston-529-plan/|1|30|30|NEW
west houston 529 plan rules advisor|https://potterfin.com/education-savings/south-west-houston-529-plan/|1|30|30|NEW
Retirement counselor in South West Houston|https://potterfin.com/retirement-planning/south-west-houston-retirement-advisor/|1|30|29|NEW
west houston retirement planning advice|https://potterfin.com/retirement-planning/south-west-houston-retirement-advisor/|1|2|1|UP
bellaire tx best 529 college savings plan|https://potterfin.com/education-savings/west-houston-529-college-fund/|4|30|30|NEW
529 college savings plan houston texas|https://potterfin.com/education-savings/west-houston-529-college-fund/|16|30|30|NEW
Financial Advisor West Houston|https://potterfin.com/financial-planning/west-houston-financial-advisor/|5|2|3|DOWN
retirement specialists houston tx|https://potterfin.com/retirement-planning/houston-retirement-advisor/|7|30|30|NEW
west houston tx investment advisory company|https://potterfin.com/financial-planning/west-houston-financial-advisor/|6|30|30|NEW
bellaire tx Retirement Investment near me|https://potterfin.com/retirement-planning/77042-retirement-planner-near-me/|7|30|30|NEW
retirement plan advisor houston tx|https://potterfin.com/retirement-planning/houston-retirement-advisor/|7|30|30|NEW
retirement advising houston tx|https://potterfin.com/retirement-planning/houston-retirement-advisor/|10|30|30|NEW
galleria houston retirement planners|https://potterfin.com/retirement-planning/houston-retirement-advisor/|21|30|30|NEW
Houston Retirement Investment advising company|https://potterfin.com/retirement-planning/houston-retirement-advisor/|11|15|4|UP
college savings advisor houston tx|https://potterfin.com/education-savings/west-houston-529-college-fund/|5|30|30|NEW
Houston Retirement Advisor|https://potterfin.com/retirement-planning/houston-retirement-advisor/|28|5|23|DOWN
Houston Retirement Investment|https://potterfin.com/retirement-planning/houston-retirement-advisor/|19|5|14|DOWN
retirement specialists bellaire tx|https://potterfin.com/retirement-planning/houston-retirement-advisor/|16|30|30|NEW
west houston advisor for 529 tax deduction|https://potterfin.com/education-savings/west-houston-529-college-fund/|1|30|30|NEW
Houston Retirement recommendations|https://potterfin.com/retirement-planning/houston-retirement-advisor/|17|9|8|DOWN
Retirement Investment consulting bellaire tx|https://potterfin.com/retirement-planning/houston-retirement-advisor/|10|30|30|NEW
retirement advisor houston|https://potterfin.com/retirement-planning/houston-retirement-advisor/|22|30|30|NEW
retirement planning houston tx|https://potterfin.com/retirement-planning/houston-retirement-advisor/|25|30|30|NEW
education savings advisor houston tx|https://potterfin.com/retirement-planning/houston-retirement-advisor/|25|30|30|NEW
Retirement Investment Houston tx|https://potterfin.com/retirement-planning/houston-retirement-advisor/|28|9|19|DOWN
retirement planning bellaire tx|https://potterfin.com/retirement-planning/houston-retirement-advisor/|30|30|30|NEW
