adoption attorney colleyville|[https://thefettyfirm.com/family-law/adoption/]|5|7|2|UP|YAH
adoption attorney colleyville courthouse|[https://thefettyfirm.com/family-law/adoption/]|2|3|1|UP|YAH
adoption attorney colleyville tx|[https://thefettyfirm.com/colleyville-tx-adoption-lawyers-near-me/]|5|8|3|UP|YAH
adoption attorney colleyville, tx|[https://thefettyfirm.com/colleyville-tx-adoption-lawyers-near-me/]|5|2|-3|DOWN|YAH
adoption lawyer colleyville|[https://thefettyfirm.com/rashelle-fetty/colleyville-tx-adoption-lawyer/]|4|3|-1|DOWN|YAH
adoption lawyer colleyville tx|[https://thefettyfirm.com/rashelle-fetty/colleyville-tx-adoption-lawyer/]|3|3|0|EQ|YAH
adoption lawyers colleyville|[https://thefettyfirm.com/family-law/adoption/]|4|5|1|UP|YAH
advanced process termination colleyville|[https://thefettyfirm.com/family-law/termination-of-parental-rights/]|1|4|3|UP|YAH
advanced process termination fort worth|[https://thefettyfirm.com/]|20|12|-8|DOWN|YAH
affidavid of heirship fort worth lawyer|[https://thefettyfirm.com/probate/affidavit-of-heirship/]|14|2|-12|DOWN|YAH
affidavit for heirship colleyville|[https://thefettyfirm.com/probate/affidavit-of-heirship/colleyville-texas-affidavit-of-heirship/]|1|1|0|EQ|YAH
affidavit of airship colleyville lawyer|[https://thefettyfirm.com/probate/affidavit-of-heirship/colleyville-texas-affidavit-of-heirship/]|1|1|0|EQ|YAH
affidavit of heirship colleyville|[https://thefettyfirm.com/probate/affidavit-of-heirship/colleyville-texas-affidavit-of-heirship/]|1|1|0|EQ|YAH
affidavit of heirship colleyville law firm|[https://thefettyfirm.com/probate/affidavit-of-heirship/colleyville-texas-affidavit-of-heirship/]|1|1|0|EQ|YAH
affidavit of heirship colleyville tx|[https://thefettyfirm.com/probate/affidavit-of-heirship/colleyville-texas-affidavit-of-heirship/]|1|1|0|EQ|YAH
asset division lawyer colleyville|[https://thefettyfirm.com/colleyville-texas-divorce-attorney/]|17|0|9|NEW|YAH
asset sale lawyer colleyville tx|[https://thefettyfirm.com/probate/affidavit-of-heirship/colleyville-texas-affidavit-of-heirship/]|24|0|2|NEW|YAH
attorney colleyville|[https://thefettyfirm.com/]|11|0|15|NEW|YAH
attorney colleyville tx|[https://thefettyfirm.com/]|16|0|10|NEW|YAH
attorney family law colleyville|[https://thefettyfirm.com/family-law/]|4|5|1|UP|YAH
attorneys colleyville|[https://thefettyfirm.com/]|20|0|6|NEW|YAH
attorneys colleyville tx|[https://thefettyfirm.com/]|18|0|8|NEW|YAH
benefits of heirship colleyville tx|[https://thefettyfirm.com/probate/affidavit-of-heirship/]|1|1|0|EQ|YAH
benefits of heirship fort worth tx|[https://thefettyfirm.com/probate/affidavit-of-heirship/]|2|5|3|UP|YAH
cheap divorce lawyers colleyville|[https://thefettyfirm.com/family-law/divorce/colleyville-tx-divorce-lawyers/]|7|1|-6|DOWN|YAH
cheap divorce lawyers colleyville tx|[https://thefettyfirm.com/family-law/divorce/colleyville-tx-affordable-divorce-lawyers/]|4|2|-2|DOWN|YAH
child custody & support attorney colleyville|[https://thefettyfirm.com/family-law/]|2|2|0|EQ|YAH
child custody & support colleyville tx|[https://thefettyfirm.com/family-law/child-custody/colleyville-tx-child-custody/]|1|2|1|UP|YAH
child custody & support lawyer colleyville|[https://thefettyfirm.com/family-law/]|2|5|3|UP|YAH
child custody attorney colleyville|[https://thefettyfirm.com/[*YaB*]]|3|1|-2|DOWN|YAH
child custody attorney colleyville tx|[https://thefettyfirm.com/family-law/]|4|2|-2|DOWN|YAH
child custody law firm colleyville|[https://thefettyfirm.com/family-law/child-custody/colleyville-tx-child-custody/]|3|1|-2|DOWN|YAH
child custody lawyers colleyville tx|[https://thefettyfirm.com/family-law/child-custody/child-custody-lawyers-colleyville-tx/]|3|4|1|UP|YAH
child support attorney colleyville|[https://thefettyfirm.com/[*YaB*]]|1|5|4|UP|YAH
child support attorney colleyville tx|[https://thefettyfirm.com/[*YaB*]]|2|4|2|UP|YAH
child support custodial parent colleyville|[https://thefettyfirm.com/family-law/child-support/]|1|1|0|EQ|YAH
child support lawyer colleyville|[https://thefettyfirm.com/[*YaB*]]|1|2|1|UP|YAH
child support lawyers colleyville tx|[https://thefettyfirm.com/[*YaB*]]|2|4|2|UP|YAH
colleyille lawyer for adoption|[https://thefettyfirm.com/family-law/adoption/colleyville-tx-adoption-lawyers/]|2|4|2|UP|YAH
colleyville adoption attorney|[https://thefettyfirm.com/[*YaB*]]|2|2|0|EQ|YAH
colleyville adoption lawyer|[https://thefettyfirm.com/family-law/adoption/]|4|6|2|UP|YAH
colleyville adoption lawyers|[https://thefettyfirm.com/[*YaB*]]|3|3|0|EQ|YAH
colleyville advanced process termination|[https://thefettyfirm.com/family-law/termination-of-parental-rights/]|1|1|0|EQ|YAH
colleyville affadavit of heirship attorney|[https://thefettyfirm.com/probate/affidavit-of-heirship/colleyville-texas-affidavit-of-heirship/]|1|1|0|EQ|YAH
colleyville affidavit of heirship|[https://thefettyfirm.com/probate/affidavit-of-heirship/colleyville-texas-affidavit-of-heirship/]|1|1|0|EQ|YAH
colleyville attorney designation of guardian|[https://thefettyfirm.com/estate-planning/designation-of-guardian/]|1|1|0|EQ|YAH
colleyville attorney family law|[https://thefettyfirm.com/family-law/]|4|5|1|UP|YAH
colleyville attorney for wills and trusts|[https://thefettyfirm.com/rashelle-fetty/colleyville-texas-attorney-for-wills-and-trusts/]|5|5|0|EQ|YAH
colleyville attorney free consultation|[https://thefettyfirm.com/family-law/divorce/colleyville-tx-divorce-lawyer-free-consultation/]|5|1|-4|DOWN|YAH
colleyville cheap divorce lawyers|[https://thefettyfirm.com/family-law/divorce/colleyville-tx-divorce-lawyers/]|6|1|-5|DOWN|YAH
colleyville child custody & support|[https://thefettyfirm.com/family-law/child-support/colleyville-texas-child-support-lawyers/]|1|2|1|UP|YAH
colleyville child custody & support attorney|[https://thefettyfirm.com/family-law/]|2|1|-1|DOWN|YAH
colleyville child custody & support lawyer|[https://thefettyfirm.com/family-law/]|2|1|-1|DOWN|YAH
colleyville child support attorney|[https://thefettyfirm.com/[*YaB*]]|1|1|0|EQ|YAH
colleyville child support lawyer|[https://thefettyfirm.com/[*YaB*]]|1|2|1|UP|YAH
colleyville child support lawyers|[https://thefettyfirm.com/[*YaB*]]|1|11|10|UP|YAH
colleyville court lawyer custody cases|[https://thefettyfirm.com/colleyville-texas-custody-lawyers/]|3|4|1|UP|YAH
colleyville courthouse divorce lawyer|[https://thefettyfirm.com/family-law/colleyville-texas-family-law-attorney/]|3|5|2|UP|YAH
colleyville custody attorney|[https://thefettyfirm.com/[*YaB*]]|3|7|4|UP|YAH
colleyville custody enforcement attorney|[https://thefettyfirm.com/[*YaB*]]|2|2|0|EQ|YAH
colleyville designation of guardian|[https://thefettyfirm.com/estate-planning/designation-of-guardian/]|1|1|0|EQ|YAH
colleyville divorce & probate attorney|[https://thefettyfirm.com/]|2|1|-1|DOWN|YAH
colleyville divorce attorney|[https://thefettyfirm.com/]|8|13|5|UP|YAH
colleyville divorce attorneys|[https://thefettyfirm.com/family-law/colleyville-texas-top-rated-divorce-attorneys/]|11|11|0|EQ|YAH
colleyville divorce custody lawyer|[https://thefettyfirm.com/family-law/]|3|5|2|UP|YAH
colleyville divorce insupportability|[https://thefettyfirm.com/family-law/divorce/colleyville-texas-divorce-attorney/]|1|1|0|EQ|YAH
colleyville divorce law firm|[https://thefettyfirm.com/family-law/colleyville-texas-top-rated-divorce-attorneys/]|9|3|-6|DOWN|YAH
colleyville divorce law firms|[https://thefettyfirm.com/family-law/colleyville-texas-top-rated-divorce-attorneys/]|9|6|-3|DOWN|YAH
colleyville divorce lawyer|[https://thefettyfirm.com/]|7|8|1|UP|YAH
colleyville divorce lawyer free consultation|[https://thefettyfirm.com/family-law/]|4|1|-3|DOWN|YAH
colleyville divorce lawyer tx|[https://thefettyfirm.com/]|8|7|-1|DOWN|YAH
colleyville divorce lawyers|[https://thefettyfirm.com/]|8|11|3|UP|YAH
colleyville divorce mediation|[https://thefettyfirm.com/family-law/colleyville-texas-top-rated-divorce-attorneys/]|10|6|-4|DOWN|YAH
colleyville domestic violence attorney|[https://thefettyfirm.com/rashelle-fetty/colleyville-tx-child-custody-lawyer/]|18|0|8|NEW|YAH
colleyville domestic violence defense firm|[https://thefettyfirm.com/colleyville-tx-best-family-law-attorney-near-me/]|13|0|13|NEW|YAH
colleyville estate lawyers|[https://thefettyfirm.com/]|9|4|-5|DOWN|YAH
colleyville estate planning attorney|[https://thefettyfirm.com/]|8|7|-1|DOWN|YAH
colleyville estate planning lawyer|[https://thefettyfirm.com/]|8|6|-2|DOWN|YAH
colleyville estate planning lawyers|[https://thefettyfirm.com/estate-planning/colleyville-tx-estate-planning-lawyer/]|8|7|-1|DOWN|YAH
colleyville family court lawyers|[https://thefettyfirm.com/family-law/]|2|1|-1|DOWN|YAH
colleyville family law attorney|[https://thefettyfirm.com/family-law/]|2|5|3|UP|YAH
colleyville family law divorce lawyers|[https://thefettyfirm.com/family-law/]|2|5|3|UP|YAH
colleyville family lawyer|[https://thefettyfirm.com/[*YaB*]]|2|5|3|UP|YAH
colleyville family lawyer free consultation|[https://thefettyfirm.com/family-law/]|2|1|-1|DOWN|YAH
colleyville family lawyers|[https://thefettyfirm.com/family-law/]|2|7|5|UP|YAH
colleyville family planning lawyer|[https://thefettyfirm.com/family-law/]|2|1|-1|DOWN|YAH
colleyville family violence attorney|[https://thefettyfirm.com/family-law/]|5|20|15|UP|YAH
colleyville family violence lawyer|[https://thefettyfirm.com/family-law/]|9|13|4|UP|YAH
colleyville family violence lawyers|[https://thefettyfirm.com/family-law/]|6|0|20|NEW|YAH
colleyville free consultation divorce lawyer|[https://thefettyfirm.com/family-law/divorce/divorce-lawyers-near-me-free-consultation-colleyville-tx/]|5|1|-4|DOWN|YAH
colleyville guardian ad litem|[https://thefettyfirm.com/estate-planning/designation-of-guardian/colleyville-tx-guardian-ad-litem/]|1|1|0|EQ|YAH
colleyville hipaa lawyer|[https://thefettyfirm.com/[*YaB*]]|1|1|0|EQ|YAH
colleyville independent administration lawyer|[https://thefettyfirm.com/probate/independent-administration/]|1|1|0|EQ|YAH
colleyville independent administrator|[https://thefettyfirm.com/probate/independent-administration/]|3|6|3|UP|YAH
colleyville insupportability divorce lawyer|[https://thefettyfirm.com/family-law/divorce/colleyville-texas-divorce-attorney/]|2|1|-1|DOWN|YAH
colleyville joint custody lawyer|[https://thefettyfirm.com/[*YaB*]]|3|1|-2|DOWN|YAH
colleyville law firm child custody|[https://thefettyfirm.com/[*YaB*]]|1|1|0|EQ|YAH
colleyville law firm child support|[https://thefettyfirm.com/family-law/child-support/colleyville-texas-child-support-lawyers/]|3|1|-2|DOWN|YAH
colleyville law firm designation of guardian|[https://thefettyfirm.com/estate-planning/designation-of-guardian/]|1|1|0|EQ|YAH
colleyville law firm muniment of title|[https://thefettyfirm.com/probate/muniment-of-title/]|1|1|0|EQ|YAH
colleyville law firm small affidavit|[https://thefettyfirm.com/[*YaB*]]|2|1|-1|DOWN|YAH
colleyville lawyer affadavit of heirship|[https://thefettyfirm.com/probate/affidavit-of-heirship/colleyville-texas-affidavit-of-heirship/]|1|1|0|EQ|YAH
colleyville lawyer alimony & spousal support|[https://thefettyfirm.com/family-law/spousal-support/]|1|3|2|UP|YAH
colleyville lawyer divorce free consultation|[https://thefettyfirm.com/]|5|1|-4|DOWN|YAH
colleyville lawyer divorce insupportability|[https://thefettyfirm.com/family-law/divorce/colleyville-texas-divorce-attorney/]|2|1|-1|DOWN|YAH
colleyville lawyer divorce law|[https://thefettyfirm.com/]|4|8|4|UP|YAH
colleyville lawyer estate planning|[https://thefettyfirm.com/]|9|2|-7|DOWN|YAH
colleyville lawyer free consultation|[https://thefettyfirm.com/]|7|1|-6|DOWN|YAH
colleyville lawyer muniment of title|[https://thefettyfirm.com/probate/muniment-of-title/]|1|1|0|EQ|YAH
colleyville lawyer parental right termination|[https://thefettyfirm.com/family-law/termination-of-parental-rights/colleyville-tx-termination-of-parental-rights/]|1|1|0|EQ|YAH
colleyville lawyer termination of pregnancy|[https://thefettyfirm.com/family-law/termination-of-parental-rights/]|1|1|0|EQ|YAH
colleyville lawyer termination pregnancy|[https://thefettyfirm.com/family-law/termination-of-parental-rights/]|1|1|0|EQ|YAH
colleyville lawyers designation of guardian|[https://thefettyfirm.com/estate-planning/designation-of-guardian/colleyville-tx-guardian-ad-litem/]|1|1|0|EQ|YAH
colleyville marriage annulment lawyers|[https://thefettyfirm.com/[*YaB*]]|2|2|0|EQ|YAH
colleyville military divorce attorney|[https://thefettyfirm.com/colleyville-texas-top-rated-divorce-attorneys/]|6|5|-1|DOWN|YAH
colleyville military divorce law|[https://thefettyfirm.com/family-law/colleyville-texas-top-rated-divorce-attorneys/]|9|4|-5|DOWN|YAH
colleyville parental rights termination|[https://thefettyfirm.com/family-law/termination-of-parental-rights/colleyville-tx-termination-of-parental-rights/]|1|2|1|UP|YAH
colleyville parental termination attorney|[https://thefettyfirm.com/family-law/termination-of-parental-rights/]|1|1|0|EQ|YAH
colleyville parental termination lawyer|[https://thefettyfirm.com/[*YaB*]]|3|1|-2|DOWN|YAH
colleyville paternity lawyer|[https://thefettyfirm.com/family-law/]|5|5|0|EQ|YAH
colleyville probate attorney|[https://thefettyfirm.com/probate/colleyville-tx-probate-attorney/]|5|0|21|NEW|YAH
colleyville probate law firm|[https://thefettyfirm.com/probate/colleyville-tx-probate-attorney/]|7|1|-6|DOWN|YAH
colleyville probate lawyers|[https://thefettyfirm.com/probate/colleyville-tx-probate-attorney/]|6|13|7|UP|YAH
colleyville property division|[https://thefettyfirm.com/family-law/divorce/colleyville-tx-divorce-lawyers/]|12|17|5|UP|YAH
colleyville property division lawyer|[https://thefettyfirm.com/[*YaB*]]|1|0|25|NEW|YAH
colleyville small estate affidavit|[https://thefettyfirm.com/probate/small-estate-affidavit/]|1|1|0|EQ|YAH
colleyville special education attorney|[https://thefettyfirm.com/colleyville-tx-child-attorney/]|4|0|22|NEW|YAH
colleyville spousal alimony lawyers|[https://thefettyfirm.com/family-law/spousal-support/colleyville-tx-spousal-support/]|1|4|3|UP|YAH
colleyville spousal support attorney|[https://thefettyfirm.com/[*YaB*]]|3|1|-2|DOWN|YAH
colleyville spousal support lawyer|[https://thefettyfirm.com/[*YaB*]]|1|1|0|EQ|YAH
colleyville spousal support lawyers|[https://thefettyfirm.com/[*YaB*]]|3|1|-2|DOWN|YAH
colleyville termination of parental rights|[https://thefettyfirm.com/family-law/termination-of-parental-rights/colleyville-tx-termination-of-parental-rights/]|1|2|1|UP|YAH
colleyville texas cheap divorce lawyers|[https://thefettyfirm.com/family-law/divorce/colleyville-tx-divorce-lawyers/]|6|2|-4|DOWN|YAH
colleyville texas child custody attorney|[https://thefettyfirm.com/colleyville-texas-custody-attorney/]|4|2|-2|DOWN|YAH
colleyville texas child support attorney|[https://thefettyfirm.com/[*YaB*]]|2|5|3|UP|YAH
colleyville texas child support lawyers|[https://thefettyfirm.com/[*YaB*]]|2|5|3|UP|YAH
colleyville texas custody attorney|[https://thefettyfirm.com/colleyville-texas-custody-attorney/]|4|5|1|UP|YAH
colleyville texas custody lawyers|[https://thefettyfirm.com/colleyville-texas-custody-lawyers/]|4|5|1|UP|YAH
colleyville texas estate planning lawyers|[https://thefettyfirm.com/estate-planning/colleyville-tx-estate-planning-lawyer/]|8|8|0|EQ|YAH
colleyville texas family attorney|[https://thefettyfirm.com/family-law/]|5|5|0|EQ|YAH
colleyville texas family law attorney|[https://thefettyfirm.com/family-law/]|6|5|-1|DOWN|YAH
colleyville tx adoption lawyer|[https://thefettyfirm.com/colleyville-tx-adoption-lawyers-near-me/]|3|5|2|UP|YAH
colleyville tx attorney family law|[https://thefettyfirm.com/family-law/]|4|5|1|UP|YAH
colleyville tx cheap divorce lawyers|[https://thefettyfirm.com/family-law/divorce/colleyville-tx-divorce-lawyers/]|6|2|-4|DOWN|YAH
colleyville tx child custody lawyer|[https://thefettyfirm.com/rashelle-fetty/colleyville-tx-child-custody-lawyer/]|3|4|1|UP|YAH
colleyville tx child custody lawyers|[https://thefettyfirm.com/family-law/child-custody/child-custody-lawyers-colleyville-tx/]|3|4|1|UP|YAH
colleyville tx child support attorney|[https://thefettyfirm.com/[*YaB*]]|2|5|3|UP|YAH
colleyville tx divorce attorneys|[https://thefettyfirm.com/family-law/colleyville-texas-top-rated-divorce-attorneys/]|8|7|-1|DOWN|YAH
colleyville tx divorce insupportability|[https://thefettyfirm.com/[*YaB*]]|3|1|-2|DOWN|YAH
colleyville tx divorce lawyer for men|[https://thefettyfirm.com/colleyville-tx-divorce-attorney-for-men/]|2|4|2|UP|YAH
colleyville tx divorce lawyers|[https://thefettyfirm.com/family-law/divorce/colleyville-tx-divorce-lawyers/]|7|13|6|UP|YAH
colleyville tx divorce property divisions|[https://thefettyfirm.com/family-law/divorce/colleyville-tx-divorce-lawyers/]|8|8|0|EQ|YAH
colleyville tx family law|[https://thefettyfirm.com/family-law/]|3|3|0|EQ|YAH
colleyville tx family law attorney|[https://thefettyfirm.com/family-law/]|7|5|-2|DOWN|YAH
colleyville tx family law lawyers|[https://thefettyfirm.com/]|6|5|-1|DOWN|YAH
colleyville tx heirship affidavit|[https://thefettyfirm.com/probate/affidavit-of-heirship/colleyville-texas-affidavit-of-heirship/]|1|1|0|EQ|YAH
colleyville tx independent administrators|[https://thefettyfirm.com/probate/independent-administration/]|1|2|1|UP|YAH
colleyville tx lawyer insupportabile divorce|[https://thefettyfirm.com/family-law/divorce/colleyville-texas-divorce-attorney/]|2|7|5|UP|YAH
colleyville visitation lawyers|[https://thefettyfirm.com/[*YaB*]]|3|2|-1|DOWN|YAH
colleyville wills & trust attorney|[https://thefettyfirm.com/estate-planning/wills/]|6|12|6|UP|YAH
colleyville wills & trust lawyer|[https://thefettyfirm.com/estate-planning/wills/]|4|6|2|UP|YAH
collyville probate lawyer|[https://thefettyfirm.com/probate/colleyville-tx-probate-attorney/]|6|6|0|EQ|YAH
complex family law attorney colleyville|[https://thefettyfirm.com/[*YaB*]]|3|7|4|UP|YAH
complex family law colleyville tx|[https://thefettyfirm.com/[*YaB*]]|3|3|0|EQ|YAH
coppell parental termination lawyer|[https://thefettyfirm.com/family-law/termination-of-parental-rights/]|10|22|12|UP|YAH
cplleyville family law firm|[https://thefettyfirm.com/[*YaB*]]|3|1|-2|DOWN|YAH
custody attorney colleyville|[https://thefettyfirm.com/[*YaB*]]|2|6|4|UP|YAH
custody enforcement attorney colleyville|[https://thefettyfirm.com/rashelle-fetty/colleyville-tx-child-custody-lawyer/]|1|2|1|UP|YAH
dependent administration colleyville|[https://thefettyfirm.com/probate/dependent-administration/]|1|1|0|EQ|YAH
dependent administration dallas tx|[https://thefettyfirm.com/probate/dependent-administration/]|9|0|17|NEW|YAH
designation of guardian colleyville attorneys|[https://thefettyfirm.com/estate-planning/designation-of-guardian/]|1|1|0|EQ|YAH
designation of guardian colleyville lawyers|[https://thefettyfirm.com/estate-planning/designation-of-guardian/colleyville-tx-guardian-ad-litem/]|1|1|0|EQ|YAH
designation of guardian colleyville, tx|[https://thefettyfirm.com/estate-planning/designation-of-guardian/]|1|1|0|EQ|YAH
divorce & probate attorney colleyville|[https://thefettyfirm.com/]|2|1|-1|DOWN|YAH
divorce attorney colleyville tx|[https://thefettyfirm.com/]|8|6|-2|DOWN|YAH
divorce attorney near colleyville|[https://thefettyfirm.com/family-law/]|11|10|-1|DOWN|YAH
divorce custody lawyer colleyville tx|[https://thefettyfirm.com/family-law/]|4|6|2|UP|YAH
divorce insupportability lawyer colleyville|[https://thefettyfirm.com/family-law/divorce/colleyville-texas-divorce-attorney/]|2|1|-1|DOWN|YAH
divorce law firms colleyville|[https://thefettyfirm.com/family-law/divorce/colleyville-tx-divorce-lawyers/]|4|5|1|UP|YAH
divorce law services colleyville tx|[https://thefettyfirm.com/]|3|5|2|UP|YAH
divorce lawyer colleyville tx|[https://thefettyfirm.com/]|7|6|-1|DOWN|YAH
divorce lawyer free consultation colleyville|[https://thefettyfirm.com/family-law/]|4|2|-2|DOWN|YAH
divorce lawyers colleyville tx|[https://thefettyfirm.com/]|8|13|5|UP|YAH
divorce lawyers near colleyville|[https://thefettyfirm.com/family-law/divorce/colleyville-tx-divorce-lawyers-near-me/]|8|11|3|UP|YAH
divorce lawyers near colleyville tx|[https://thefettyfirm.com/colleyville-tx-family-lawyers-near-me/[*YaB*]]|6|11|5|UP|YAH
divorce mediation colleyville|[https://thefettyfirm.com/family-law/divorce/colleyville-texas-divorce-attorney/]|13|6|-7|DOWN|YAH
divorce mediator colleyville|[https://thefettyfirm.com/family-law/divorce/]|15|6|-9|DOWN|YAH
estate attorney colleyville|[https://thefettyfirm.com/]|8|5|-3|DOWN|YAH
estate lawyer near colleyville|[https://thefettyfirm.com/estate-planning/colleyville-texas-estate-lawyers/]|4|0|22|NEW|YAH
estate lawyers colleyville tx|[https://thefettyfirm.com/estate-planning/colleyville-tx-estate-planning-lawyer/]|11|4|-7|DOWN|YAH
estate lawyers in colleyville tx|[https://thefettyfirm.com/estate-planning/colleyville-tx-estate-planning-lawyer/]|12|5|-7|DOWN|YAH
estate lawyers near colleyville|[https://thefettyfirm.com/estate-planning/colleyville-texas-estate-lawyers/]|9|0|17|NEW|YAH
estate lawyers near colleyville tx|[https://thefettyfirm.com/estate-planning/colleyville-tx-estate-planning-lawyer/]|13|7|-6|DOWN|YAH
estate planning attorney colleyville|[https://thefettyfirm.com/]|8|3|-5|DOWN|YAH
estate planning designation colleyville|[https://thefettyfirm.com/estate-planning/designation-of-guardian/]|1|1|0|EQ|YAH
estate planning lawyer colleyville|[https://thefettyfirm.com/]|8|3|-5|DOWN|YAH
estate planning lawyers colleyville|[https://thefettyfirm.com/]|8|9|1|UP|YAH
estate planning lawyers colleyville tx|[https://thefettyfirm.com/estate-planning/colleyville-tx-estate-planning-lawyer/]|8|10|2|UP|YAH
family law attorneys colleyville tx|[https://thefettyfirm.com/]|6|6|0|EQ|YAH
family lawyer colleyville texas|[https://thefettyfirm.com/]|5|5|0|EQ|YAH
family lawyer colleyville tx|[https://thefettyfirm.com/]|4|0|22|NEW|YAH
family lawyers colleyville|[https://thefettyfirm.com/family-law/]|5|13|8|UP|YAH
family planning lawyer colleyville tx|[https://thefettyfirm.com/]|3|2|-1|DOWN|YAH
family violence attorney colleyville|[https://thefettyfirm.com/family-law/divorce/colleyville-tx-divorce-lawyers/]|19|0|7|NEW|YAH
family violence attorney colleyville tx|[https://thefettyfirm.com/family-law/divorce/colleyville-tx-divorce-lawyers/]|19|5|-14|DOWN|YAH
fort worth heirship affidavit|[https://thefettyfirm.com/probate/affidavit-of-heirship/]|11|1|-10|DOWN|YAH
fort worth hipaa attorney|[https://thefettyfirm.com/]|19|6|-13|DOWN|YAH
fort worth hipaa attorneys|[https://thefettyfirm.com/]|23|13|-10|DOWN|YAH
fort worth hipaa lawyer|[https://thefettyfirm.com/]|17|15|-2|DOWN|YAH
fort worth hipaa lawyers|[https://thefettyfirm.com/]|20|13|-7|DOWN|YAH
fort worth law firm small affidavit|[https://thefettyfirm.com/probate/small-estate-affidavit/]|8|1|-7|DOWN|YAH
fort worth small affidavit lawyers|[https://thefettyfirm.com/]|14|3|-11|DOWN|YAH
fort worth tx hipaa attorney|[https://thefettyfirm.com/]|17|0|9|NEW|YAH
fort worth tx hipaa lawyers|[https://thefettyfirm.com/]|20|0|6|NEW|YAH
free consultation divorce lawyer colleyville|[https://thefettyfirm.com/]|5|1|-4|DOWN|YAH
ft. worth estate planning law firm|[https://thefettyfirm.com/]|23|0|3|NEW|YAH
grapevine parental termination lawyer|[https://thefettyfirm.com/family-law/]|16|3|-13|DOWN|YAH
guardianship lawyer colleyville|[https://thefettyfirm.com/estate-planning/designation-of-guardian/colleyville-tx-guardian-ad-litem/]|3|6|3|UP|YAH
guardianship lawyers colleyville|[https://thefettyfirm.com/family-law/colleyville-tx-family-lawyers-near-me/]|6|8|2|UP|YAH
heirship affidavit colleyville tx|[https://thefettyfirm.com/probate/affidavit-of-heirship/colleyville-texas-affidavit-of-heirship/]|1|1|0|EQ|YAH
hipaa attorney colleyville|[https://thefettyfirm.com/estate-planning/colleyville-tx-estate-planning-lawyer/]|1|1|0|EQ|YAH
hipaa attorney keller tx|[https://thefettyfirm.com/estate-planning/hipaa-forms/[*YaB*]]|4|0|22|NEW|YAH
hipaa attorney tarrant county|[https://thefettyfirm.com/estate-planning/hipaa-forms/]|10|0|16|NEW|YAH
hipaa attorney tarrant county fort worth|[https://thefettyfirm.com/]|11|12|1|UP|YAH
hipaa attorney tarrant county tx|[https://thefettyfirm.com/estate-planning/hipaa-forms/]|8|17|9|UP|YAH
hipaa authorization form fort worth tx|[https://thefettyfirm.com/estate-planning/hipaa-forms/]|15|4|-11|DOWN|YAH
hipaa forms texas|[https://thefettyfirm.com/estate-planning/hipaa-forms/]|18|0|8|NEW|YAH
hipaa lawyer colleyville tx|[https://thefettyfirm.com/[*YaB*]]|1|1|0|EQ|YAH
hipaa lawyer tarrant county|[https://thefettyfirm.com/]|8|0|18|NEW|YAH
independent administration colleyville|[https://thefettyfirm.com/probate/independent-administration/]|1|4|3|UP|YAH
independent administrator colleyville tx|[https://thefettyfirm.com/probate/independent-administration/]|1|11|10|UP|YAH
independent administrator fort worth tx|[https://thefettyfirm.com/probate/independent-administration/]|7|0|19|NEW|YAH
insupportability divorce colleyville|[https://thefettyfirm.com/family-law/divorce/colleyville-texas-divorce-attorney/]|1|1|0|EQ|YAH
insupportability divorce colleyville texas|[https://thefettyfirm.com/[*YaB*]]|3|3|0|EQ|YAH
insupportability divorce lawyer colleyille|[https://thefettyfirm.com/colleyville-texas-divorce-attorney/]|2|1|-1|DOWN|YAH
law firm child support colleyville tx|[https://thefettyfirm.com/[*YaB*]]|1|5|4|UP|YAH
law firm muniment of title colleyville|[https://thefettyfirm.com/probate/muniment-of-title/]|2|1|-1|DOWN|YAH
lawyer for a will colleyville|[https://thefettyfirm.com/estate-planning/wills/]|9|8|-1|DOWN|YAH
lawyer for a will colleyville tx|[https://thefettyfirm.com/estate-planning/trusts/colleyville-tx-lawyer-for-wills-and-trusts-near-me/]|10|5|-5|DOWN|YAH
lawyer for a will near colleyville|[https://thefettyfirm.com/probate/colleyville-tx-probate-attorney/]|10|6|-4|DOWN|YAH
lawyer for wills and trusts colleyville tx|[https://thefettyfirm.com/estate-planning/trusts/colleyville-tx-lawyer-for-wills-and-trusts-near-me/]|5|6|1|UP|YAH
lawyer termination of pregnancy southlake tx|[https://thefettyfirm.com/family-law/termination-of-parental-rights/]|4|19|15|UP|YAH
marriage annulment lawyer colleyville|[https://thefettyfirm.com/family-law/divorce/colleyville-tx-divorce-lawyers/]|1|2|1|UP|YAH
media law attorney colleyville tx|[https://thefettyfirm.com/]|5|21|16|UP|YAH
media law colleyville tx|[https://thefettyfirm.com/]|7|29|22|UP|YAH
media lawyer colleyville tx|[https://thefettyfirm.com/]|8|0|18|NEW|YAH
military divorce attorney colleyville|[https://thefettyfirm.com/[*YaB*]]|3|9|6|UP|YAH
military divorce attorney colleyville tx|[https://thefettyfirm.com/family-law/divorce/colleyville-tx-divorce-lawyers/]|11|7|-4|DOWN|YAH
military divorce law colleyville|[https://thefettyfirm.com/family-law/divorce/colleyville-tx-divorce-lawyers/]|11|5|-6|DOWN|YAH
military divorce lawyer colleyville|[https://thefettyfirm.com/family-law/divorce/colleyville-tx-divorce-lawyers/]|8|10|2|UP|YAH
military divorce mediation colleyville|[https://thefettyfirm.com/family-law/divorce/]|4|4|0|EQ|YAH
military divorce mediator colleyville|[https://thefettyfirm.com/family-law/divorce/]|4|3|-1|DOWN|YAH
muniment of title colleyville law firm|[https://thefettyfirm.com/probate/muniment-of-title/]|1|1|0|EQ|YAH
muniment of title fort worth law firm|[https://thefettyfirm.com/]|12|1|-11|DOWN|YAH
muniment of title fort worth tx law firm|[https://thefettyfirm.com/probate/muniment-of-title/]|21|8|-13|DOWN|YAH
muniment of title tarrant county law firm|[https://thefettyfirm.com/probate/colleyville-tx-probate/]|16|2|-14|DOWN|YAH
office of independent administrator|[https://thefettyfirm.com/probate/independent-administration/]|15|0|11|NEW|YAH
parental custody attorney colleyville tx|[https://thefettyfirm.com/[*YaB*]]|2|1|-1|DOWN|YAH
parental custody lawyer colleyville tx|[https://thefettyfirm.com/[*YaB*]]|1|1|0|EQ|YAH
parental termination attorney colleyville|[https://thefettyfirm.com/family-law/termination-of-parental-rights/]|1|1|0|EQ|YAH
parental termination lawyer colleyville|[https://thefettyfirm.com/[*YaB*]]|2|1|-1|DOWN|YAH
parental termination lawyer grapevine|[https://thefettyfirm.com/family-law/termination-of-parental-rights/]|8|1|-7|DOWN|YAH
parental termination lawyer hurst tx|[https://thefettyfirm.com/family-law/termination-of-parental-rights/]|9|2|-7|DOWN|YAH
parole attorney colleyville|[https://thefettyfirm.com/family-law/child-custody/child-custody-lawyers-colleyville-tx/]|14|17|3|UP|YAH
paternal rights colleyville law firm|[https://thefettyfirm.com/[*YaB*]]|1|1|0|EQ|YAH
pregnancy termination colleyville law firm|[https://thefettyfirm.com/family-law/termination-of-parental-rights/]|1|1|0|EQ|YAH
pregnancy termination in colleyville tx|[https://thefettyfirm.com/family-law/termination-of-parental-rights/]|4|2|-2|DOWN|YAH
pregnancy termination lawyer hurst tx|[https://thefettyfirm.com/family-law/termination-of-parental-rights/]|8|0|18|NEW|YAH
probate attorney colleyville|[https://thefettyfirm.com/probate/colleyville-tx-probate-attorney/]|3|8|5|UP|YAH
probate law colleyville law firm|[https://thefettyfirm.com/]|5|1|-4|DOWN|YAH
probate lawyer colleyville|[https://thefettyfirm.com/probate/colleyville-tx-probate-attorney/]|5|4|-1|DOWN|YAH
probate lawyers in colleyville tx|[https://thefettyfirm.com/probate/colleyville-tx-probate-attorney/]|8|8|0|EQ|YAH
property division attorney colleyville|[https://thefettyfirm.com/[*YaB*]]|2|0|24|NEW|YAH
small affidavit lawyers fort worth tx|[https://thefettyfirm.com/probate/small-estate-affidavit/]|17|3|-14|DOWN|YAH
small estate affidavit colleyville|[https://thefettyfirm.com/probate/small-estate-affidavit/]|1|1|0|EQ|YAH
small estate affidavit colleyville tx|[https://thefettyfirm.com/probate/small-estate-affidavit/]|1|1|0|EQ|YAH
small estate affidavit tarrant county|[https://thefettyfirm.com/probate/small-estate-affidavit/]|22|0|4|NEW|YAH
southlake enforcement of orders attorneys|[https://thefettyfirm.com/]|17|0|9|NEW|YAH
southlake enforcement of orders lawyers|[https://thefettyfirm.com/]|14|0|12|NEW|YAH
special education attorney colleyville|[https://thefettyfirm.com/[*YaB*]]|3|0|23|NEW|YAH
spousal alimony lawyer colleyville|[https://thefettyfirm.com/[*YaB*]]|3|2|-1|DOWN|YAH
spousal alimony lawyers colleyville|[https://thefettyfirm.com/[*YaB*]]|3|2|-1|DOWN|YAH
spousal support attorney colleyville tx|[https://thefettyfirm.com/[*YaB*]]|3|1|-2|DOWN|YAH
termination of pregnancy colleyville lawyer|[https://thefettyfirm.com/family-law/termination-of-parental-rights/]|1|2|1|UP|YAH
termination of pregnancy in colleyville tx|[https://thefettyfirm.com/family-law/adoption/]|13|1|-12|DOWN|YAH
termination of pregnancy lawyer colleyville|[https://thefettyfirm.com/family-law/termination-of-parental-rights/]|1|1|0|EQ|YAH
texas child support attorney colleyville|[https://thefettyfirm.com/family-law/child-support/colleyville-texas-child-support-attorney/]|3|7|4|UP|YAH
thefettyfirm.com|[https://thefettyfirm.com/]|1|1|0|EQ|YAH
wills & trusts attorney colleyville tx|[https://thefettyfirm.com/estate-planning/trusts/colleyville-tx-lawyer-for-wills-and-trusts-near-me/]|9|12|3|UP|YAH
wills and trusts lawyer colleyille|[https://thefettyfirm.com/estate-planning/trusts/colleyville-tx-lawyer-for-wills-and-trusts-near-me/]|6|5|-1|DOWN|YAH
