omegacustompools.com|https://omegacustompools.com/|1|30|29|NEW
Cinco Ranch TX backyard pool designs|https://omegacustompools.com/about/custom-pools-cinco-ranch-tx/|1|30|29|NEW
bridgeland texas pool contractor|https://omegacustompools.com/about/custom-pools-bridgeland-tx/|1|30|29|NEW
custom pool constructor bridgeland tx|https://omegacustompools.com/about/custom-pools-bridgeland-tx/|1|30|29|NEW
bridgeland texas custom pool builder|https://omegacustompools.com/about/bridgeland-tx-pool-builders/|1|30|29|NEW
cross creek ranch, tx pool builders|https://omegacustompools.com/about/cross-creek-ranch-tx-pool-builders/|1|30|29|NEW
bridgeland custom pool and spa builders|https://omegacustompools.com/about/custom-pools-bridgeland-tx/|1|30|29|NEW
bridgeland custom pools|https://omegacustompools.com/about/custom-pools-bridgeland-tx/|1|30|29|NEW
pool designs cross creek ranch tx|https://omegacustompools.com/cross-creek-ranch-tx-luxury-pools/|2|30|28|NEW
modern pools builder cinco ranch|https://omegacustompools.com/modern-pool-designs-cinco-ranch-tx/|3|30|27|NEW
modern pools designs fulshear|https://omegacustompools.com/about/pool-designs-fulshear-tx/|1|30|29|NEW
modern pool designs Fulshear, TX|https://omegacustompools.com/about/pool-designs-fulshear-tx/|2|30|28|NEW
commercial pool contractors bridgeland tx|https://omegacustompools.com/about/custom-pools-bridgeland-tx/|2|30|28|NEW
Cinco Ranch TX luxury pools|https://omegacustompools.com/cinco-ranch-tx-luxury-pools/|3|30|27|NEW
Bridgeland TX inground pool designs|https://omegacustompools.com/bridgeland-tx-inground-pool-designs/|1|30|29|NEW
swimming pool design and builder bridgeland tx|https://omegacustompools.com/about/bridgeland-tx-pool-builders/|1|30|29|NEW
pool building companies bridgeland tx|https://omegacustompools.com/about/bridgeland-tx-pool-builders/|1|30|29|NEW
pool contractors near me bridgeland texas|https://omegacustompools.com/about/custom-pools-bridgeland-tx/|1|30|29|NEW
pool builder bridgeland texas|https://omegacustompools.com/about/bridgeland-tx-pool-builders/|1|30|29|NEW
pool contractors bridgeland texas|https://omegacustompools.com/about/bridgeland-tx-pool-builders/|2|30|28|NEW
cinco ranch tx swimming pool designers|https://omegacustompools.com/about/cinco-ranch-tx-swimming-pool-designers/|3|30|27|NEW
bridgeland texas pool builders|https://omegacustompools.com/about/bridgeland-tx-pool-builders/|1|30|29|NEW
bridgeland pool patio design|https://omegacustompools.com/about/bridgeland-tx-pool-designs/|1|30|29|NEW
pools builder company cinco ranch|https://omegacustompools.com/about/cinco-ranch-tx-pool-builders/|4|30|26|NEW
pools builders cinco ranch texas|https://omegacustompools.com/about/cinco-ranch-tx-pool-builders/|2|30|28|NEW
pool builders near cinco ranch tx|https://omegacustompools.com/about/cinco-ranch-tx-pool-builders-near-me/|4|30|26|NEW
cinco ranch, tx pools builders near katy|https://omegacustompools.com/|4|30|26|NEW
pool builders cinco ranch texas|https://omegacustompools.com/about/cinco-ranch-tx-pool-builders/|3|30|27|NEW
custom pools builders cinco ranch tx|https://omegacustompools.com/about/cinco-ranch-tx-pool-builders/|4|30|26|NEW
cinco ranch tx pool contractors|https://omegacustompools.com/about/cinco-ranch-tx-pool-builders/|5|30|25|NEW
cinco ranch tx indoor pool builders|https://omegacustompools.com/about/cinco-ranch-tx-pool-builders-near-me/|6|30|24|NEW
custom pools cinco ranch tx|https://omegacustompools.com/about/cinco-ranch-tx-pool-builders/|5|30|25|NEW
cinco ranch pools builder company|https://omegacustompools.com/about/cinco-ranch-tx-pool-builders/|5|30|25|NEW
fulshear backyard pool builders|https://omegacustompools.com/about/fulshear-tx-pool-builders/|5|30|25|NEW
custom pool builders cinco ranch tx|https://omegacustompools.com/about/cinco-ranch-tx-pool-builders/|6|30|24|NEW
pool plans bridgeland|https://omegacustompools.com/about/bridgeland-tx-pool-builders/|1|30|29|NEW
fulshear luxury pool and spa|https://omegacustompools.com/we-create-custom-luxury-pools-fulshear-tx/|4|30|26|NEW
fulshear custom pool and spa design|https://omegacustompools.com/about/pool-designs-fulshear-tx/|2|30|28|NEW
custom swimming pools cinco ranch|https://omegacustompools.com/about/cinco-ranch-tx-swimming-pool-designers/|6|30|24|NEW
fulshear tx swimming pool design|https://omegacustompools.com/about/fulshear-tx-swimming-pool-design/|4|30|26|NEW
pools builders near cinco ranch|https://omegacustompools.com/about/cinco-ranch-tx-pool-builders-near-me/|4|30|26|NEW
pool building construction cinco ranch tx|https://omegacustompools.com/about/custom-pools-cinco-ranch-tx/|7|30|23|NEW
fulshear custom pool and spa builders|https://omegacustompools.com/about/fulshear-tx-pool-builders/|3|30|27|NEW
custom pools contractors cinco ranch|https://omegacustompools.com/about/cinco-ranch-tx-pool-builders/|9|30|21|NEW
modern swimming pool designs cypress tx|https://omegacustompools.com/about/pool-designs-cypress-tx/|1|30|29|NEW
pool waterfall bridgeland|https://omegacustompools.com/about/bridgeland-texas-pool-builders-near-me/|6|30|24|NEW
katy tx custom pools|https://omegacustompools.com/|4|30|26|NEW
custom pools fulshear, tx|https://omegacustompools.com/we-create-custom-luxury-pools-fulshear-tx/|7|30|23|NEW
contemporary pools and spas fulshear|https://omegacustompools.com/modern-pool-designs-fulshear-tx/|5|30|25|NEW
katy pools designs|https://omegacustompools.com/about/katy-tx-pool-designs/|1|30|29|NEW
pools and spas contemporary fulshear|https://omegacustompools.com/modern-pool-designs-fulshear-tx/|2|30|28|NEW
custom pools katy, tx|https://omegacustompools.com/|4|30|26|NEW
custom built pool fulshear tx|https://omegacustompools.com/about/custom-pools-fulshear-tx/|8|30|22|NEW
above ground pools bridgeland tx|https://omegacustompools.com/about/bridgeland-tx-swimming-pool-design/|6|30|24|NEW
custom pool builder katy, tx|https://omegacustompools.com/|5|30|25|NEW
pool builders near me fulshear tx|https://omegacustompools.com/about/fulshear-tx-pool-builders/|9|30|21|NEW
fulshear pool contractors|https://omegacustompools.com/about/fulshear-tx-pool-builders/|9|30|21|NEW
best pool building company fulshear tx|https://omegacustompools.com/about/fulshear-tx-pool-builders/|12|30|18|NEW
custompools katy texas|https://omegacustompools.com/|6|30|24|NEW
swimming pool contractors fulshear|https://omegacustompools.com/about/fulshear-tx-pool-builders/|6|30|24|NEW
custom pool builder katy|https://omegacustompools.com/|5|30|25|NEW
custom pool builders fulshear tx|https://omegacustompools.com/about/fulshear-tx-pool-builders/|6|30|24|NEW
pool contractors in fulshear|https://omegacustompools.com/about/fulshear-tx-pool-builders/|10|30|20|NEW
custom pool katy|https://omegacustompools.com/katy-pools-residential/|2|30|28|NEW
commercial pool contractors cinco ranch|https://omegacustompools.com/|23|30|7|NEW
pool design company cypress tx|https://omegacustompools.com/about/pool-designs-cypress-tx/|3|30|27|NEW
cypress tx swimming pool design|https://omegacustompools.com/about/cypress-tx-swimming-pool-design/|4|30|26|NEW
residential pool installation katy tx|https://omegacustompools.com/katy-pools-residential/|7|30|23|NEW
luxury pool builder fulshear|https://omegacustompools.com/|16|30|14|NEW
pool installers in fulshear|https://omegacustompools.com/about/fulshear-tx-pool-builders/|18|30|12|NEW
katy tx luxury pool construction|https://omegacustompools.com/luxury-pools-katy-tx/|12|30|18|NEW
pool builder warranty fulshear|https://omegacustompools.com/about/fulshear-tx-pool-builders/|9|30|21|NEW
pools by design Brookshire, TX|https://omegacustompools.com/brookshire-tx-custom-swimming-pools/|2|30|30|NEW
modern pool design Cane Island, TX|https://omegacustompools.com/modern-pool-design-cane-island-tx/|2|30|30|NEW
katy texas pool builder near me|https://omegacustompools.com/|5|30|25|NEW
contemporary pools and spas bridgeland tx|https://omegacustompools.com/beautiful-modern-pool-designs-bridgeland-tx/|3|30|27|NEW
modern pool design Brookshire, TX|https://omegacustompools.com/modern-pool-design-brookshire-tx/|3|30|30|NEW
cross creek ranch pool builder|https://omegacustompools.com/about/cross-creek-ranch-tx-pool-builders/|4|30|26|NEW
pools in cinco ranch tx|https://omegacustompools.com/cinco-ranch-tx-luxury-pools/|7|30|23|NEW
Katy TX backyard pool designs|https://omegacustompools.com/katy-tx-backyard-pool-designs/|1|30|29|NEW
pool building companies in katy texas|https://omegacustompools.com/|9|30|21|NEW
custom pool builders katy|https://omegacustompools.com/|17|30|13|NEW
pool installation cinco ranch|https://omegacustompools.com/about/custom-pools-cinco-ranch-tx/|7|30|23|NEW
commercial swimming pools katy|https://omegacustompools.com/|5|30|25|NEW
contemporary swimming pool designs katy|https://omegacustompools.com/about/katy-tx-pool-designs/|1|30|29|NEW
geometric swimming pools cinco rancho texas|https://omegacustompools.com/about/cinco-ranch-tx-swimming-pool-designers/|2|30|28|NEW
pools by design katy tx|https://omegacustompools.com/about/katy-tx-pool-designs/|3|30|27|NEW
commercial swimming pool katy|https://omegacustompools.com/|23|30|7|NEW
residential pool installation company katy tx|https://omegacustompools.com/katy-pools-residential/|15|30|15|NEW
cinco ranch texas pool contractors near me|https://omegacustompools.com/about/pool-builders-near-me-cinco-ranch-texas/|13|30|17|NEW
cinco rancho texas ozone pools|https://omegacustompools.com/cinco-ranch-tx-luxury-pools/|3|30|27|NEW
pool builders katy tx|https://omegacustompools.com/|20|30|10|NEW
pool designs cypress tx|https://omegacustompools.com/about/pool-designs-cypress-tx/|3|30|27|NEW
swimming pool designs and plans cypress tx|https://omegacustompools.com/about/cypress-tx-swimming-pool-design/|1|30|29|NEW
pool designing companies near me katy tx|https://omegacustompools.com/|20|30|10|NEW
custom swimming pool builder katy|https://omegacustompools.com/|7|30|23|NEW
designer pools Cypress, TX|https://omegacustompools.com/designer-pools-cypress-tx/|8|30|22|NEW
pool designs katy tx|https://omegacustompools.com/katy-tx-backyard-pool-designs/|4|30|26|NEW
pool bridgeland|https://omegacustompools.com/about/bridgeland-tx-pool-builders/|10|30|20|NEW
residential pool installation cypress tx|https://omegacustompools.com/about/cypress-tx-pool-builders/|3|30|27|NEW
Katy TX inground pool designs|https://omegacustompools.com/inground-pool-designs-katy-tx/|11|30|19|NEW
katy tx swimming pools financing|https://omegacustompools.com/|9|30|21|NEW
residential pool installation service katy tx|https://omegacustompools.com/katy-pools-residential/|17|30|13|NEW
swimming pool installation services in cypress tx|https://omegacustompools.com/about/cypress-tx-pool-builders/|4|30|26|NEW
pool construction in cypress tx|https://omegacustompools.com/about/cypress-tx-pool-builders/|7|30|23|NEW
pool contractors katy texas|https://omegacustompools.com/|19|30|11|NEW
new pool construction cypress tx|https://omegacustompools.com/cypress-tx-pool-builders/|7|30|23|NEW
contemporary pools spas cinco ranch|https://omegacustompools.com/modern-pool-designs-cinco-ranch-tx/|4|30|26|NEW
pool financing katy tx|https://omegacustompools.com/financing/|10|30|20|NEW
contemporary pools and spas cinco ranch|https://omegacustompools.com/modern-pool-designs-cinco-ranch-tx/|4|30|26|NEW
inground pools katy tx|https://omegacustompools.com/photo-gallery/|17|30|13|NEW
katy swimming pool builders|https://omegacustompools.com/|23|30|7|NEW
katy pool builders|https://omegacustompools.com/photo-gallery/|30|30|0|NEW
outdoor pool katy tx|https://omegacustompools.com/katy-pools-residential/|9|30|21|NEW
katy pool designer|https://omegacustompools.com/katy-pools-residential/|27|30|3|NEW
best swimming pools katy texas|https://omegacustompools.com/|23|30|7|NEW
pool and spa builders katy tx|https://omegacustompools.com/|30|30|0|NEW
cypress texas pool contractors near me|https://omegacustompools.com/|26|30|4|NEW
swimming pool builders in katy|https://omegacustompools.com/|30|30|0|NEW
katy pool builders reviews|https://omegacustompools.com/|30|30|0|NEW
pools by design Cane Island, TX|https://omegacustompools.com/pools-by-design-cane-island-tx/|1|30|30|NEW
luxury pools Cypress TX|https://omegacustompools.com/luxury-pools-cypress-tx/|9|30|21|NEW
