advertising agencies in houston|[https://houstonseodirectory.com/seo-listings/lists/50-best-advertising-companies-in-houston/]|22|24|2|UP|BNG
advertising agencies in houston tx|[https://houstonseodirectory.com/seo-listings/lists/50-best-advertising-companies-in-houston/]|23|0|3|NEW|BNG
angel seo|[https://houstonseodirectory.com/seo-listings/angel-seo-services-marketing-llc/]|20|14|-6|DOWN|BNG
best marketing firms houston|[https://houstonseodirectory.com/seo-listings/lists/50-best-marketing-companies-in-houston/]|14|15|1|UP|BNG
best seo agencies in houston|[https://houstonseodirectory.com/seo-listings/lists/50-best-local-seo-agencies/]|12|13|1|UP|BNG
best seo firm houston|[https://houstonseodirectory.com/seo-listings/lists/50-best-local-seo-agencies/]|20|17|-3|DOWN|BNG
best seo houston|[https://houstonseodirectory.com/seo-listings/lists/50-best-local-seo-agencies/]|16|12|-4|DOWN|BNG
best seo web design companies houston tx|[https://houstonseodirectory.com/seo-listings/lists/50-best-local-seo-agencies/]|25|22|-3|DOWN|BNG
ethical seo company houston|[https://houstonseodirectory.com/seo-listings/lists/50-best-houston-seo-firms/]|22|0|4|NEW|BNG
ethical seo houston|[https://houstonseodirectory.com/seo-listings/lists/50-best-houston-seo-firms/]|24|31|7|UP|BNG
houston advertising agencies|[https://houstonseodirectory.com/seo-listings/lists/50-best-advertising-companies-in-houston/]|24|0|2|NEW|BNG
houston best seo companies for realtors|[https://houstonseodirectory.com/seo-listings/lists/50-best-local-seo-agencies/]|5|2|-3|DOWN|BNG
houston marketing firms|[https://houstonseodirectory.com/seo-listings/lists/houston-marketing-agency-best-50/]|21|20|-1|DOWN|BNG
houston reputation|[https://houstonseodirectory.com/seo-listings/lists/50-best-houston-reputation-management-companies/]|20|23|3|UP|BNG
houston search engine marketing|[https://houstonseodirectory.com/seo-listings/lists/50-best-houston-search-engine-marketing-companies/]|11|8|-3|DOWN|BNG
houston seo companies|[https://houstonseodirectory.com/seo-listings/lists/50-best-local-seo-agencies/]|21|0|5|NEW|BNG
houston seo consultant|[https://houstonseodirectory.com/seo-listings/lists/50-best-houston-seo-consultants/]|25|31|6|UP|BNG
houston seo consultants|[https://houstonseodirectory.com/seo-listings/lists/50-best-houston-seo-experts/]|15|17|2|UP|BNG
houston seo consulting|[https://houstonseodirectory.com/seo-listings/lists/50-best-houston-seo-experts/]|18|22|4|UP|BNG
houston seo experts|[https://houstonseodirectory.com/seo-listings/lists/50-best-houston-seo-experts/]|21|16|-5|DOWN|BNG
houston seo graphics by cindy|[https://houstonseodirectory.com/seo-listings/graphics-by-cindy/]|3|3|0|EQ|BNG
houston seo guru|[https://houstonseodirectory.com/seo-listings/seo-guru-houston/]|12|12|0|EQ|BNG
houston seo professionals|[https://houstonseodirectory.com/seo-listings/lists/50-best-houston-seo-experts/]|19|17|-2|DOWN|BNG
houstonseodirectory.com|[https://houstonseodirectory.com/]|1|1|0|EQ|BNG
kingwood seo firm|[https://houstonseodirectory.com/seo-listings/lists/50-best-houston-seo-firms/]|24|29|5|UP|BNG
local houston seo|[https://houstonseodirectory.com/seo-listings/lists/50-best-local-seo-agencies/]|14|10|-4|DOWN|BNG
local seo company houston|[https://houstonseodirectory.com/seo-listings/lists/50-best-local-seo-agencies/]|18|14|-4|DOWN|BNG
local seo houston|[https://houstonseodirectory.com/seo-listings/lists/50-best-local-seo-companies-in-houston/]|14|12|-2|DOWN|BNG
local seo kingwood|[https://houstonseodirectory.com/seo-listings/lists/50-best-local-seo-agencies/]|20|0|6|NEW|BNG
local seo services houston|[https://houstonseodirectory.com/seo-listings/lists/50-best-local-seo-agencies/]|19|13|-6|DOWN|BNG
local seo sugar land|[https://houstonseodirectory.com/seo-listings/lists/local-seo-houston/]|25|37|12|UP|BNG
marketing companies in houston|[https://houstonseodirectory.com/seo-listings/lists/50-best-advertising-companies-in-houston/]|18|18|0|EQ|BNG
marketing firms houston|[https://houstonseodirectory.com/seo-listings/lists/houston-marketing-agency-best-50/]|23|22|-1|DOWN|BNG
marketing firms in houston|[https://houstonseodirectory.com/seo-listings/lists/50-best-marketing-companies-in-houston/]|21|20|-1|DOWN|BNG
media companies houston|[https://houstonseodirectory.com/seo-listings/lists/50-best-marketing-companies-in-houston/]|14|0|12|NEW|BNG
national seo guru|[https://houstonseodirectory.com/seo-listings/lists/50-best-local-seo-companies-in-houston/]|22|20|-2|DOWN|BNG
new york seo agency houston|[https://houstonseodirectory.com/seo-listings/lists/50-best-houston-seo-companies/]|12|0|14|NEW|BNG
reputation houston|[https://houstonseodirectory.com/seo-listings/lists/50-best-houston-reputation-management-companies/]|19|18|-1|DOWN|BNG
reputation management firms houston|[https://houstonseodirectory.com/seo-listings/lists/50-best-houston-reputation-management-companies/]|7|4|-3|DOWN|BNG
revlocal directory scan|[https://houstonseodirectory.com/seo-listings/lists/local-seo-houston/]|17|19|2|UP|BNG
search engine advertising firm houston|[https://houstonseodirectory.com/seo-listings/lists/50-best-houston-search-engine-marketing-companies/]|1|1|0|EQ|BNG
search engine consultants houston|[https://houstonseodirectory.com/seo-listings/lists/50-best-houston-search-engine-marketing-companies/]|13|11|-2|DOWN|BNG
seo companies bellaire tx|[https://houstonseodirectory.com/seo-listings/lists/50-best-local-seo-agencies/]|21|0|5|NEW|BNG
seo companies houston tx|[https://houstonseodirectory.com/seo-listings/lists/50-best-local-seo-agencies/]|16|20|4|UP|BNG
seo company clear lake city tx|[https://houstonseodirectory.com/seo-listings/lists/50-best-local-seo-companies-in-houston/]|12|9|-3|DOWN|BNG
seo consultant clear lake city|[https://houstonseodirectory.com/seo-listings/lists/50-best-houston-seo-consultants/]|11|5|-6|DOWN|BNG
seo consultant south houston|[https://houstonseodirectory.com/seo-listings/lists/50-best-houston-seo-experts/]|8|0|18|NEW|BNG
seo consultants houston|[https://houstonseodirectory.com/seo-listings/lists/50-best-houston-seo-experts/]|21|18|-3|DOWN|BNG
seo houston pros houston tx|[https://houstonseodirectory.com/seo-listings/seo-houston-pros/]|19|15|-4|DOWN|BNG
seo services companies in houston|[https://houstonseodirectory.com/seo-listings/lists/50-best-local-seo-agencies/]|23|21|-2|DOWN|BNG
seo services for doctors houston|[https://houstonseodirectory.com/seo-listings/lists/50-best-local-seo-companies-in-houston/]|22|16|-6|DOWN|BNG
seo south houston|[https://houstonseodirectory.com/seo-listings/lists/50-best-houston-seo-experts/]|19|15|-4|DOWN|BNG
social media marketing companies houston|[https://houstonseodirectory.com/seo-listings/lists/50-best-marketing-companies-in-houston/]|21|15|-6|DOWN|BNG
top advertising agencies in houston|[https://houstonseodirectory.com/seo-listings/lists/50-best-advertising-companies-in-houston/]|21|19|-2|DOWN|BNG
top seo company houston|[https://houstonseodirectory.com/seo-listings/lists/50-best-local-seo-agencies/]|16|19|3|UP|BNG
top seo houston|[https://houstonseodirectory.com/seo-listings/lists/50-best-local-seo-agencies/]|20|17|-3|DOWN|BNG
top seo in houston|[https://houstonseodirectory.com/seo-listings/lists/50-best-houston-seo-experts/]|22|17|-5|DOWN|BNG
what is the best seo course available in houston texas|[https://houstonseodirectory.com/seo-listings/lists/50-best-local-seo-agencies/]|15|0|11|NEW|BNG
