advertising agencies in houston|[https://houstonseodirectory.com/seo-listings/lists/50-best-advertising-companies-in-houston/]|23|24|1|UP|YAH
advertising agencies in houston tx|[https://houstonseodirectory.com/seo-listings/lists/50-best-advertising-companies-in-houston/]|23|0|3|NEW|YAH
angel seo|[https://houstonseodirectory.com/seo-listings/angel-seo-services-marketing-llc/]|20|15|-5|DOWN|YAH
best marketing firms houston|[https://houstonseodirectory.com/seo-listings/lists/50-best-marketing-companies-in-houston/]|15|12|-3|DOWN|YAH
best seo agencies in houston|[https://houstonseodirectory.com/seo-listings/lists/50-best-local-seo-agencies/]|10|10|0|EQ|YAH
best seo firm houston|[https://houstonseodirectory.com/seo-listings/lists/50-best-local-seo-agencies/]|20|17|-3|DOWN|YAH
best seo houston|[https://houstonseodirectory.com/seo-listings/lists/50-best-local-seo-agencies/]|16|12|-4|DOWN|YAH
ethical seo company houston|[https://houstonseodirectory.com/seo-listings/lists/50-best-houston-seo-firms/]|24|0|2|NEW|YAH
ethical seo houston|[https://houstonseodirectory.com/seo-listings/lists/50-best-houston-seo-companies/]|25|29|4|UP|YAH
houston advertising agencies|[https://houstonseodirectory.com/seo-listings/lists/50-best-advertising-companies-in-houston/]|23|0|3|NEW|YAH
houston best seo companies for realtors|[https://houstonseodirectory.com/seo-listings/lists/50-best-local-seo-agencies/]|5|6|1|UP|YAH
houston marketing firms|[https://houstonseodirectory.com/seo-listings/lists/houston-marketing-agency-best-50/]|23|21|-2|DOWN|YAH
houston reputation|[https://houstonseodirectory.com/seo-listings/lists/50-best-houston-reputation-management-companies/]|24|23|-1|DOWN|YAH
houston search engine marketing|[https://houstonseodirectory.com/seo-listings/lists/50-best-houston-search-engine-marketing-companies/]|10|8|-2|DOWN|YAH
houston seo companies|[https://houstonseodirectory.com/seo-listings/lists/50-best-local-seo-agencies/]|20|0|6|NEW|YAH
houston seo consultants|[https://houstonseodirectory.com/seo-listings/lists/50-best-houston-seo-experts/]|12|17|5|UP|YAH
houston seo consulting|[https://houstonseodirectory.com/seo-listings/lists/50-best-houston-seo-experts/]|19|22|3|UP|YAH
houston seo experts|[https://houstonseodirectory.com/seo-listings/lists/50-best-houston-seo-experts/]|21|16|-5|DOWN|YAH
houston seo graphics by cindy|[https://houstonseodirectory.com/seo-listings/graphics-by-cindy/]|3|21|18|UP|YAH
houston seo guru|[https://houstonseodirectory.com/seo-listings/seo-guru-houston/]|12|12|0|EQ|YAH
houston seo professionals|[https://houstonseodirectory.com/seo-listings/lists/50-best-houston-seo-experts/]|17|16|-1|DOWN|YAH
houstonseodirectory.com|[https://houstonseodirectory.com/]|1|1|0|EQ|YAH
kingwood seo firm|[https://houstonseodirectory.com/seo-listings/lists/50-best-houston-seo-firms/]|23|27|4|UP|YAH
local houston seo|[https://houstonseodirectory.com/seo-listings/lists/50-best-local-seo-agencies/]|13|10|-3|DOWN|YAH
local seo company houston|[https://houstonseodirectory.com/seo-listings/lists/50-best-local-seo-agencies/]|17|13|-4|DOWN|YAH
local seo houston|[https://houstonseodirectory.com/seo-listings/lists/50-best-local-seo-companies-in-houston/]|15|12|-3|DOWN|YAH
local seo kingwood|[https://houstonseodirectory.com/seo-listings/lists/50-best-local-seo-agencies/]|25|0|1|NEW|YAH
local seo services houston|[https://houstonseodirectory.com/seo-listings/lists/50-best-local-seo-agencies/]|16|13|-3|DOWN|YAH
local seo sugar land|[https://houstonseodirectory.com/seo-listings/lists/local-seo-houston/]|24|37|13|UP|YAH
marketing companies in houston|[https://houstonseodirectory.com/seo-listings/lists/50-best-marketing-companies-in-houston/]|15|17|2|UP|YAH
marketing firms houston|[https://houstonseodirectory.com/seo-listings/lists/houston-marketing-agency-best-50/]|23|20|-3|DOWN|YAH
marketing firms in houston|[https://houstonseodirectory.com/seo-listings/lists/houston-marketing-agency-best-50/]|22|22|0|EQ|YAH
marketing firms in houston texas|[https://houstonseodirectory.com/seo-listings/lists/houston-marketing-agency-best-50/]|25|25|0|EQ|YAH
media companies houston|[https://houstonseodirectory.com/seo-listings/lists/50-best-marketing-companies-in-houston/]|16|0|10|NEW|YAH
national seo guru|[https://houstonseodirectory.com/seo-listings/lists/50-best-local-seo-companies-in-houston/]|22|20|-2|DOWN|YAH
new york seo agency houston|[https://houstonseodirectory.com/seo-listings/lists/50-best-houston-seo-companies/]|13|0|13|NEW|YAH
reputation houston|[https://houstonseodirectory.com/seo-listings/lists/50-best-houston-reputation-management-companies/]|19|15|-4|DOWN|YAH
reputation management firms houston|[https://houstonseodirectory.com/seo-listings/lists/50-best-houston-reputation-management-companies/]|7|4|-3|DOWN|YAH
revlocal directory scan|[https://houstonseodirectory.com/seo-listings/lists/local-seo-houston/]|18|20|2|UP|YAH
search engine advertising firm houston|[https://houstonseodirectory.com/seo-listings/lists/50-best-houston-search-engine-marketing-companies/]|1|1|0|EQ|YAH
search engine consultants houston|[https://houstonseodirectory.com/seo-listings/lists/50-best-houston-search-engine-marketing-companies/]|13|11|-2|DOWN|YAH
search marketing houston|[https://houstonseodirectory.com/seo-listings/lists/50-best-houston-search-engine-marketing-companies/]|17|13|-4|DOWN|YAH
seo companies bellaire tx|[https://houstonseodirectory.com/seo-listings/lists/50-best-local-seo-agencies/]|21|0|5|NEW|YAH
seo companies houston tx|[https://houstonseodirectory.com/seo-listings/lists/50-best-local-seo-agencies/]|17|20|3|UP|YAH
seo company clear lake city tx|[https://houstonseodirectory.com/seo-listings/lists/50-best-local-seo-companies-in-houston/]|12|9|-3|DOWN|YAH
seo consultant clear lake city|[https://houstonseodirectory.com/seo-listings/lists/50-best-houston-seo-consultants/]|10|6|-4|DOWN|YAH
seo consultant south houston|[https://houstonseodirectory.com/seo-listings/lists/50-best-houston-seo-experts/]|8|0|18|NEW|YAH
seo consultants houston|[https://houstonseodirectory.com/seo-listings/lists/50-best-houston-seo-experts/]|21|18|-3|DOWN|YAH
seo houston experts|[https://houstonseodirectory.com/seo-listings/lists/50-best-houston-seo-experts/]|13|7|-6|DOWN|YAH
seo houston pros houston tx|[https://houstonseodirectory.com/seo-listings/seo-houston-pros/]|22|16|-6|DOWN|YAH
seo houston seo experts|[https://houstonseodirectory.com/seo-listings/lists/50-best-houston-seo-experts/]|17|14|-3|DOWN|YAH
seo services companies in houston|[https://houstonseodirectory.com/seo-listings/lists/50-best-local-seo-agencies/]|24|24|0|EQ|YAH
seo services for doctors houston|[https://houstonseodirectory.com/seo-listings/lists/50-best-houston-seo-companies/]|21|15|-6|DOWN|YAH
social media marketing companies houston|[https://houstonseodirectory.com/seo-listings/lists/50-best-marketing-companies-in-houston/]|18|16|-2|DOWN|YAH
social media marketing houston|[https://houstonseodirectory.com/seo-listings/lists/houston-social-media-marketing/]|23|0|3|NEW|YAH
top advertising agencies in houston|[https://houstonseodirectory.com/seo-listings/lists/50-best-advertising-companies-in-houston/]|21|18|-3|DOWN|YAH
top seo company houston|[https://houstonseodirectory.com/seo-listings/lists/50-best-local-seo-agencies/]|16|20|4|UP|YAH
top seo houston|[https://houstonseodirectory.com/seo-listings/lists/50-best-local-seo-agencies/]|24|17|-7|DOWN|YAH
top seo in houston|[https://houstonseodirectory.com/seo-listings/lists/50-best-local-seo-agencies/]|25|19|-6|DOWN|YAH
what is the best seo course available in houston texas|[https://houstonseodirectory.com/seo-listings/lists/50-best-local-seo-companies-in-houston/]|24|0|2|NEW|YAH
