Cinco Ranch TX civil litigation|[https://realestatelawyerhouston.com/houston-tx-civil-litigation-lawyer/]|10|0|16|NEW|GOM
Cinco Ranch TX civil litigation attorney|[https://realestatelawyerhouston.com/cinco-ranch-tx-civil-litigation/]|2|0|24|NEW|GOM
Cinco Ranch TX eviction attorney|[https://realestatelawyerhouston.com/eviction-lawyer-cinco-ranch-tx/]|2|0|24|NEW|GOM
Cinco Ranch TX eviction lawyer|[https://realestatelawyerhouston.com/eviction-lawyer-cinco-ranch-tx/]|2|0|24|NEW|GOM
Cinco Ranch TX landlord tenant attorney|[https://realestatelawyerhouston.com/cinco-ranch-tx-real-estate-attorney-near-me/]|2|0|24|NEW|GOM
Cinco Ranch TX litigation lawer|[https://realestatelawyerhouston.com/cinco-ranch-tx-civil-litigation/]|5|0|21|NEW|GOM
Cinco Ranch TX litigation lawyer|[https://realestatelawyerhouston.com/cinco-ranch-tx-civil-litigation/]|5|0|21|NEW|GOM
Cinco Ranch TX Real Estate Attorney|[https://realestatelawyerhouston.com/cinco-ranch-tx-real-estate-attorney-near-me/]|2|3|1|UP|GOM
Cinco Ranch TX Real Estate Attorney Near Me|[https://realestatelawyerhouston.com/cinco-ranch-tx-real-estate-attorney-near-me/]|2|2|0|EQ|GOM
Cinco Ranch TX Real Estate Lawyer|[https://realestatelawyerhouston.com/cinco-ranch-tx-real-estate-attorney-near-me/]|3|3|0|EQ|GOM
Cinco Ranch TX real estate lawyer near me|[https://realestatelawyerhouston.com/cinco-ranch-tx-real-estate-attorney-near-me/]|2|0|24|NEW|GOM
Cinco Ranch TX rental lawyers|[https://realestatelawyerhouston.com/cinco-ranch-tx-rental-lawyers/]|2|0|24|NEW|GOM
Cinco Ranch TX tenant lawyer|[https://realestatelawyerhouston.com/cinco-ranch-tx-real-estate-attorney-near-me/]|2|0|24|NEW|GOM
Cinco Ranch TX will attorney|[https://realestatelawyerhouston.com/cinco-ranch-tx-will-attorney/]|4|0|22|NEW|GOM
Houston TX apartment lawyer|[https://realestatelawyerhouston.com/houston-tx-landlord-tenant-lawyer-free-consultation/]|12|0|14|NEW|GOM
Houston TX attorney for landlord tenant issues|[https://realestatelawyerhouston.com/houston-tx-landlord-tenant-lawyer-free-consultation/]|12|15|3|UP|GOM
Houston TX evicntion attorney|[https://realestatelawyerhouston.com/houston-tx-eviction-attorney-for-landlord/]|19|27|8|UP|GOM
Houston TX eviction attorney for landlord|[https://realestatelawyerhouston.com/houston-tx-eviction-attorney-for-landlord/]|12|20|8|UP|GOM
Houston TX eviction attorney near me|[https://realestatelawyerhouston.com/houston-tx-eviction-attorney-for-landlord/]|22|24|2|UP|GOM
Houston TX eviction lawyer|[https://realestatelawyerhouston.com/houston-tx-eviction-attorney-for-landlord/]|17|19|2|UP|GOM
Houston TX Eviction Lawyer Near Me|[https://realestatelawyerhouston.com/houston-tx-landlord-tenant-lawyer-free-consultation/]|22|19|-3|DOWN|GOM
Houston TX eviction lawyers|[https://realestatelawyerhouston.com/houston-tx-tenant-eviction-attorney/]|23|21|-2|DOWN|GOM
Houston TX eviction lawyers for landlords|[https://realestatelawyerhouston.com/houston-tx-eviction-lawyers-for-landlords/]|16|22|6|UP|GOM
Houston TX Eviction Lawyers for Tenants|[https://realestatelawyerhouston.com/houston-tx-eviction-lawyers-for-landlords/]|21|27|6|UP|GOM
Houston TX eviction lawyers for tenants near me|[https://realestatelawyerhouston.com/houston-tx-eviction-lawyers-for-tenants-near-me/]|19|23|4|UP|GOM
Houston TX eviction removal lawyer|[https://realestatelawyerhouston.com/houston-tx-eviction-removal-lawyer/]|3|0|23|NEW|GOM
Houston TX Housing Attorney|[https://realestatelawyerhouston.com/houston-tx-landlord-tenant-lawyer-free-consultation/]|19|0|7|NEW|GOM
Houston TX housing attorney near me|[https://realestatelawyerhouston.com/houston-tx-landlord-tenant-lawyer-free-consultation/]|23|0|3|NEW|GOM
Houston TX Housing Lawyers|[https://realestatelawyerhouston.com/houston-tx-landlord-tenant-lawyer-free-consultation/]|15|0|11|NEW|GOM
Houston TX housing lawyers near me|[https://realestatelawyerhouston.com/houston-tx-landlord-tenant-lawyer-free-consultation/]|17|0|9|NEW|GOM
Houston TX landlord and tenant attorney|[https://realestatelawyerhouston.com/houston-tx-landlord-tenant-lawyer-free-consultation/]|9|11|2|UP|GOM
Houston TX landlord and tenant lawyer|[https://realestatelawyerhouston.com/houston-tx-landlord-tenant-lawyer-free-consultation/]|9|14|5|UP|GOM
Houston TX landlord attorney|[https://realestatelawyerhouston.com/houston-tx-landlord-tenant-lawyer-free-consultation/]|14|16|2|UP|GOM
Houston TX landlord attorney near me|[https://realestatelawyerhouston.com/houston-tx-landlord-tenant-lawyer-free-consultation/]|18|19|1|UP|GOM
Houston TX landlord dispute lawyer|[https://realestatelawyerhouston.com/houston-tx-landlord-tenant-lawyer-free-consultation/]|7|13|6|UP|GOM
Houston TX landlord lawyer|[https://realestatelawyerhouston.com/houston-tx-landlord-tenant-lawyer-free-consultation/]|11|14|3|UP|GOM
Houston TX landlord lawyer near me|[https://realestatelawyerhouston.com/houston-tx-landlord-tenant-lawyer-free-consultation/]|11|17|6|UP|GOM
Houston TX landlord tenant attorney|[https://realestatelawyerhouston.com/houston-tx-landlord-tenant-lawyer-free-consultation/]|10|11|1|UP|GOM
Houston TX Landlord Tenant Attorney Near Me|[https://realestatelawyerhouston.com/houston-tx-landlord-tenant-lawyer-free-consultation/]|11|28|17|UP|GOM
Houston TX landlord tenant dispute|[https://realestatelawyerhouston.com/houston-tx-landlord-tenant-lawyer-free-consultation/]|11|15|4|UP|GOM
Houston TX landlord tenant law attorney|[https://realestatelawyerhouston.com/houston-tx-landlord-tenant-lawyer-free-consultation/]|10|12|2|UP|GOM
Houston TX Landlord Tenant Lawyer Free Consultation|[https://realestatelawyerhouston.com/houston-tx-landlord-tenant-lawyer-free-consultation/]|3|4|1|UP|GOM
Houston TX Landlord Tenant Lawyer Free Consultation Near Me|[https://realestatelawyerhouston.com/houston-tx-landlord-tenant-lawyer-free-consultation/]|3|5|2|UP|GOM
Houston TX landlord tenant lawyer near me|[https://realestatelawyerhouston.com/houston-tx-landlord-tenant-lawyer-free-consultation/]|10|10|0|EQ|GOM
Houston TX lawyer for landlord tenants dispute|[https://realestatelawyerhouston.com/houston-tx-landlord-tenant-lawyer-free-consultation/]|12|14|2|UP|GOM
Houston TX lawyers condo management|[https://realestatelawyerhouston.com/houston-tx-lawyers-condo-management/]|3|0|23|NEW|GOM
Houston TX lease lawyers|[https://realestatelawyerhouston.com/houston-tx-landlord-tenant-lawyer-free-consultation/]|17|21|4|UP|GOM
Houston TX lease lawyers near me|[https://realestatelawyerhouston.com/houston-tx-landlord-tenant-lawyer-free-consultation/]|14|16|2|UP|GOM
Houston TX mortgage attorney near me|[https://realestatelawyerhouston.com/houston-tx-mortgage-attorney-near-me/]|15|0|11|NEW|GOM
Houston TX Mortgage Lawyer|[https://realestatelawyerhouston.com/houston-tx-mortgage-lawyer-near-me/]|24|0|2|NEW|GOM
Houston TX mortgage lawyer near me|[https://realestatelawyerhouston.com/houston-tx-mortgage-lawyer-near-me/]|15|18|3|UP|GOM
Houston TX property dispute lawyer|[https://realestatelawyerhouston.com/houston-tx-property-dispute-lawyer/]|10|0|16|NEW|GOM
Houston TX property management lawyer|[https://realestatelawyerhouston.com/houston-tx-property-management-lawyer/]|7|0|19|NEW|GOM
Houston TX Real Estate Closing Attorney|[https://realestatelawyerhouston.com/houston-tx-closing-attorney/]|16|0|10|NEW|GOM
Houston TX real estate closing attorney near me|[https://realestatelawyerhouston.com/houston-tx-real-estate-closing-attorney-near-me/]|25|25|0|EQ|GOM
Houston TX Real Estate Power of Attorney|[https://realestatelawyerhouston.com/houston-tx-real-estate-power-of-attorney/]|3|3|0|EQ|GOM
Houston TX Rental Attorney|[https://realestatelawyerhouston.com/houston-tx-landlord-tenant-lawyer-free-consultation/]|14|19|5|UP|GOM
Houston TX rental dispute lawyer|[https://realestatelawyerhouston.com/houston-tx-landlord-tenant-lawyer-free-consultation/]|11|7|-4|DOWN|GOM
Houston TX rental lawyers|[https://realestatelawyerhouston.com/houston-tx-landlord-tenant-lawyer-free-consultation/]|13|16|3|UP|GOM
Houston TX Rental Lawyers Near Me|[https://realestatelawyerhouston.com/houston-tx-landlord-tenant-lawyer-free-consultation/]|14|0|12|NEW|GOM
Houston TX rental property attorney|[https://realestatelawyerhouston.com/houston-tx-rental-property-attorney/]|13|14|1|UP|GOM
Houston TX renters rights lawyers|[https://realestatelawyerhouston.com/houston-tx-landlord-tenant-lawyer-free-consultation/]|17|17|0|EQ|GOM
Houston TX Tenant Attorney|[https://realestatelawyerhouston.com/houston-tx-landlord-tenant-lawyer-free-consultation/]|13|16|3|UP|GOM
Houston TX tenant attorney near me|[https://realestatelawyerhouston.com/houston-tx-landlord-tenant-lawyer-free-consultation/]|13|23|10|UP|GOM
Houston TX tenant eviction attorney|[https://realestatelawyerhouston.com/houston-tx-tenant-eviction-attorney/]|20|21|1|UP|GOM
Houston TX tenant eviction lawyer near me|[https://realestatelawyerhouston.com/houston-tx-landlord-tenant-lawyer-free-consultation/]|20|22|2|UP|GOM
Houston TX Tenant Landlord Lawyer|[https://realestatelawyerhouston.com/houston-tx-landlord-tenant-lawyer-free-consultation/]|10|13|3|UP|GOM
Houston TX tenant lawyer|[https://realestatelawyerhouston.com/houston-tx-landlord-tenant-lawyer-free-consultation/]|11|16|5|UP|GOM
Houston TX tenant lawyer free consultation|[https://realestatelawyerhouston.com/houston-tx-landlord-tenant-lawyer-free-consultation/]|4|5|1|UP|GOM
Houston TX Tenant Lawyer Near Me|[https://realestatelawyerhouston.com/houston-tx-landlord-tenant-lawyer-free-consultation/]|10|11|1|UP|GOM
Houston TX Tenant Rights Attorney|[https://realestatelawyerhouston.com/houston-tx-landlord-tenant-lawyer-free-consultation/]|12|15|3|UP|GOM
Houston TX Tenant Rights Lawyer|[https://realestatelawyerhouston.com/houston-tx-landlord-tenant-lawyer-free-consultation/]|12|13|1|UP|GOM
Houston TX tenant rights lawyer near me|[https://realestatelawyerhouston.com/houston-tx-landlord-tenant-lawyer-free-consultation/]|10|15|5|UP|GOM
Houston TX top real estate attorneys near me|[https://realestatelawyerhouston.com/]|25|0|1|NEW|GOM
Katy TX best real estate lawyer near me|[https://realestatelawyerhouston.com/]|13|13|0|EQ|GOM
Katy TX closing attorney cost|[https://realestatelawyerhouston.com/all-inclusive-katy-tx-closing-attorney-cost/]|1|0|25|NEW|GOM
Katy TX Eviction Attorney|[https://realestatelawyerhouston.com/katy-tx-eviction-attorney/]|7|7|0|EQ|GOM
Katy TX Eviction Lawyer|[https://realestatelawyerhouston.com/katy-tx-eviction-attorney/]|7|6|-1|DOWN|GOM
Katy TX Eviction Lawyers|[https://realestatelawyerhouston.com/katy-tx-eviction-lawyers/]|6|6|0|EQ|GOM
Katy TX foreclosure defense attorney|[https://realestatelawyerhouston.com/reliable-katy-tx-foreclosure-defense-attorney/]|7|8|1|UP|GOM
Katy TX foreclosure lawyers|[https://realestatelawyerhouston.com/reliable-katy-tx-foreclosure-defense-attorney/]|12|0|14|NEW|GOM
Katy TX Landlord Tenant Attorney|[https://realestatelawyerhouston.com/katy-tx-tenant-lawyer/]|8|10|2|UP|GOM
Katy TX Landlord Tenant Lawyer Near Me|[https://realestatelawyerhouston.com/katy-tx-landlord-tenant-lawyer-near-me/]|10|9|-1|DOWN|GOM
Katy TX lawyer to sue landlord|[https://realestatelawyerhouston.com/find-a-confident-lawyer-to-sue-your-landlord-in-katy-tx/]|5|4|-1|DOWN|GOM
Katy TX lease attorney|[https://realestatelawyerhouston.com/a-passionate-katy-tx-lease-attorney/]|9|13|4|UP|GOM
Katy TX Property Lawyers Near Me|[https://realestatelawyerhouston.com/]|14|13|-1|DOWN|GOM
Katy TX Real Estate Attorney|[https://realestatelawyerhouston.com/]|17|14|-3|DOWN|GOM
Katy TX real estate attorney fees for closing|[https://realestatelawyerhouston.com/katy-tx-real-estate-attorney-fees-for-closing/]|1|1|0|EQ|GOM
Katy TX Real Estate Attorney Near Me|[https://realestatelawyerhouston.com/]|14|13|-1|DOWN|GOM
Katy TX Real Estate Lawyer|[https://realestatelawyerhouston.com/]|15|13|-2|DOWN|GOM
Katy TX real estate lawyer cost|[https://realestatelawyerhouston.com/affordable-katy-tx-real-estate-lawyer-cost/]|3|5|2|UP|GOM
Katy TX real estate lawyer near me|[https://realestatelawyerhouston.com/]|12|0|14|NEW|GOM
Katy TX real estate tax attorney near me|[https://realestatelawyerhouston.com/the-best-katy-tx-real-estate-tax-attorney-near-me/]|9|0|17|NEW|GOM
Katy TX realtor attorney near me|[https://realestatelawyerhouston.com/cinco-ranch-tx-real-estate-attorney-near-me/]|11|8|-3|DOWN|GOM
Katy TX rental attorneys near me|[https://realestatelawyerhouston.com/excellent-katy-tx-rental-attorneys-near-me/]|11|11|0|EQ|GOM
Katy TX Rental Lawyers|[https://realestatelawyerhouston.com/katy-tx-rental-lawyers/]|6|6|0|EQ|GOM
Katy TX rental property lawyers|[https://realestatelawyerhouston.com/katy-tx-rental-lawyers/]|6|11|5|UP|GOM
Katy TX renters advocate|[https://realestatelawyerhouston.com/an-informative-katy-tx-renters-advocate/]|4|7|3|UP|GOM
Katy TX renters rights attorney|[https://realestatelawyerhouston.com/katy-tx-tenant-lawyer/]|6|11|5|UP|GOM
Katy TX residential lawyer|[https://realestatelawyerhouston.com/]|17|16|-1|DOWN|GOM
Katy TX Tenant Lawyer|[https://realestatelawyerhouston.com/katy-tx-tenant-lawyer/]|7|11|4|UP|GOM
Katy TX tenants law firm|[https://realestatelawyerhouston.com/katy-tx-tenant-lawyer/]|7|9|2|UP|GOM
okonji law|[https://realestatelawyerhouston.com/]|1|1|0|EQ|GOM
realestatelawyerhouston.com|[https://realestatelawyerhouston.com/]|25|0|1|NEW|GOM
