3pl warehouse near me|[https://www.mclanegloballogistics.com/our-locations/california-warehouse/california-3pl-warehouse-near-me/]|5|19|14|UP|YAH
california food grade warehousing|[https://www.mclanegloballogistics.com/solutions/warehousing/]|16|0|10|NEW|YAH
cold storage warehousing houston|[https://www.mclanegloballogistics.com/our-locations/location-houston-texas/houston-cold-storage-warehouse/]|2|3|1|UP|YAH
ecommerce fulfillment centers houston tx|[https://www.mclanegloballogistics.com/solutions/fulfillment/houston-ecommerce-fulfillment/]|16|0|10|NEW|YAH
ecommerce warehouse california|[https://www.mclanegloballogistics.com/our-locations/california-warehouse/california-ecommerce-warehouse/]|2|4|2|UP|YAH
export business service solutions|[https://www.mclanegloballogistics.com/solutions/import-export/]|20|23|3|UP|YAH
food distribution logistics california|[https://www.mclanegloballogistics.com/our-locations/california-warehouse/california-food-distribution-companies/]|1|1|0|EQ|YAH
food distribution logistics houston|[https://www.mclanegloballogistics.com/about/]|6|2|-4|DOWN|YAH
food distribution warehousing california|[https://www.mclanegloballogistics.com/our-locations/riverside-california/]|8|13|5|UP|YAH
food distribution warehousing houston|[https://www.mclanegloballogistics.com/about/]|13|14|1|UP|YAH
food freight distribution houston|[https://www.mclanegloballogistics.com/about/]|6|15|9|UP|YAH
food grade warehouse houston tx|[https://www.mclanegloballogistics.com/solutions/warehousing/]|15|17|2|UP|YAH
food grade warehouse los angeles|[https://www.mclanegloballogistics.com/solutions/warehousing/]|12|0|14|NEW|YAH
food grade warehousing houston|[https://www.mclanegloballogistics.com/solutions/warehousing/]|5|3|-2|DOWN|YAH
food logistics and transportation houston|[https://www.mclanegloballogistics.com/solutions/]|4|2|-2|DOWN|YAH
food logistics company|[https://www.mclanegloballogistics.com/]|3|3|0|EQ|YAH
food logistics company houston tx|[https://www.mclanegloballogistics.com/]|1|1|0|EQ|YAH
food logistics houston|[https://www.mclanegloballogistics.com/]|2|2|0|EQ|YAH
food logistics houston tx|[https://www.mclanegloballogistics.com/]|1|1|0|EQ|YAH
food logistics riverside ca|[https://www.mclanegloballogistics.com/our-locations/riverside-california/]|2|2|0|EQ|YAH
food service warehouses international shipping|[https://www.mclanegloballogistics.com/our-locations/california-warehouse/]|2|11|9|UP|YAH
food trading logistics california|[https://www.mclanegloballogistics.com/about/]|4|4|0|EQ|YAH
food trading warehouses california|[https://www.mclanegloballogistics.com/about/]|17|0|9|NEW|YAH
food warehouse & logistics calfornia|[https://www.mclanegloballogistics.com/solutions/warehousing/california-3pl-warehouse/]|12|13|1|UP|YAH
freight global logistics california|[https://www.mclanegloballogistics.com/our-locations/california-warehouse/california-air-freight-forwarders/]|7|4|-3|DOWN|YAH
global food freight solutions houston|[https://www.mclanegloballogistics.com/technology/]|1|1|0|EQ|YAH
global fulfillment houston tx|[https://www.mclanegloballogistics.com/our-locations/]|7|5|-2|DOWN|YAH
global logistic services houston|[https://www.mclanegloballogistics.com/our-locations/location-houston-texas/houston-global-logistics-freight-services/]|3|3|0|EQ|YAH
global logistics services california|[https://www.mclanegloballogistics.com/our-locations/california-warehouse/california-international-logistics-solutions/]|6|5|-1|DOWN|YAH
global warehouse california|[https://www.mclanegloballogistics.com/our-locations/california-warehouse/]|4|5|1|UP|YAH
houston 3pl services|[https://www.mclanegloballogistics.com/our-locations/location-houston-texas/houston-3pl-logistics/]|3|2|-1|DOWN|YAH
houston cold chain logistics|[https://www.mclanegloballogistics.com/our-locations/location-houston-texas/houston-cold-storage-warehouse/]|1|1|0|EQ|YAH
houston cold storage|[https://www.mclanegloballogistics.com/our-locations/location-houston-texas/houston-cold-storage-warehouse/[*YaB*]]|2|4|2|UP|YAH
houston ecommerce fulfillment|[https://www.mclanegloballogistics.com/solutions/fulfillment/houston-ecommerce-fulfillment/]|5|5|0|EQ|YAH
houston food distributions logistics|[https://www.mclanegloballogistics.com/]|3|2|-1|DOWN|YAH
houston food global logistics|[https://www.mclanegloballogistics.com/solutions/houston-worldwide-logistics/]|1|1|0|EQ|YAH
houston food grade warehousing|[https://www.mclanegloballogistics.com/solutions/warehousing/]|3|3|0|EQ|YAH
houston food storage & logistics|[https://www.mclanegloballogistics.com/our-locations/location-houston-texas/houston-cold-storage-warehouse/]|1|1|0|EQ|YAH
houston food warehousing services|[https://www.mclanegloballogistics.com/solutions/warehousing/]|7|17|10|UP|YAH
houston global logistic services|[https://www.mclanegloballogistics.com/solutions/houston-logistics-services/]|2|2|0|EQ|YAH
houston global logistics|[https://www.mclanegloballogistics.com/solutions/houston-worldwide-global-logistics/]|3|6|3|UP|YAH
houston global logistics services|[https://www.mclanegloballogistics.com/our-locations/location-houston-texas/houston-global-logistics-freight-services/]|4|4|0|EQ|YAH
houston global warehouse|[https://www.mclanegloballogistics.com/]|7|1|-6|DOWN|YAH
houston import logistics company|[https://www.mclanegloballogistics.com/solutions/import-export/]|2|7|5|UP|YAH
houston logistics companies|[https://www.mclanegloballogistics.com/our-locations/location-houston-texas/logistics-companies-in-houston-tx/]|22|0|4|NEW|YAH
houston logistics services|[https://www.mclanegloballogistics.com/solutions/houston-logistics-services/]|5|4|-1|DOWN|YAH
houston third party logistics|[https://www.mclanegloballogistics.com/our-locations/location-houston-texas/logistics-companies-in-houston-tx/]|4|7|3|UP|YAH
houston third party logistics company|[https://www.mclanegloballogistics.com/our-locations/location-houston-texas/logistics-companies-in-houston-tx/]|4|4|0|EQ|YAH
import business service solutions|[https://www.mclanegloballogistics.com/solutions/import-export/]|19|15|-4|DOWN|YAH
import export distribution houston|[https://www.mclanegloballogistics.com/solutions/import-export/]|6|6|0|EQ|YAH
import logistics houston tx|[https://www.mclanegloballogistics.com/solutions/import-export/]|13|6|-7|DOWN|YAH
international freight forwarders houston|[https://www.mclanegloballogistics.com/our-locations/location-houston-texas/houston-international-freight-forwarders/]|23|19|-4|DOWN|YAH
international logistics service houston|[https://www.mclanegloballogistics.com/solutions/houston-logistics-companies-near-me/]|15|15|0|EQ|YAH
logistics companies in houston tx|[https://www.mclanegloballogistics.com/our-locations/location-houston-texas/logistics-companies-in-houston-tx/]|12|0|14|NEW|YAH
logistics space houston|[https://www.mclanegloballogistics.com/]|9|10|1|UP|YAH
mcclain global logistics|[https://www.mclanegloballogistics.com/]|1|1|0|EQ|YAH
mclain global|[https://www.mclanegloballogistics.com/]|3|2|-1|DOWN|YAH
mclane global|[https://www.mclanegloballogistics.com/]|2|2|0|EQ|YAH
mclane global houston|[https://www.mclanegloballogistics.com/]|2|2|0|EQ|YAH
mclane global houston tx|[https://www.mclanegloballogistics.com/]|2|2|0|EQ|YAH
mclane global houston tx 77090|[https://www.mclanegloballogistics.com/]|2|2|0|EQ|YAH
mclane global logistics|[https://www.mclanegloballogistics.com/]|1|1|0|EQ|YAH
mclane global logistics houston|[https://www.mclanegloballogistics.com/]|1|1|0|EQ|YAH
mclane global logistics houston tx|[https://www.mclanegloballogistics.com/]|1|1|0|EQ|YAH
mclane global riverside ca|[https://www.mclanegloballogistics.com/our-locations/riverside-california/]|1|1|0|EQ|YAH
mclane logistics|[https://www.mclanegloballogistics.com/]|1|1|0|EQ|YAH
mclanegloballogistics.com|[https://www.mclanegloballogistics.com/]|1|1|0|EQ|YAH
riverside ca food logistics companies|[https://www.mclanegloballogistics.com/our-locations/riverside-california/]|1|0|25|NEW|YAH
riverside ca food storage & distribution|[https://www.mclanegloballogistics.com/our-locations/riverside-california/]|5|0|21|NEW|YAH
riverside ca food storage & logistics|[https://www.mclanegloballogistics.com/our-locations/riverside-california/]|1|0|25|NEW|YAH
warehouse food ligistics houston|[https://www.mclanegloballogistics.com/]|5|13|8|UP|YAH
