3pl warehouse california|[https://www.mclanegloballogistics.com/solutions/warehousing/california-3pl-warehouse/]|12|0|14|NEW|BNG
3pl warehouse near me|[https://www.mclanegloballogistics.com/our-locations/california-warehouse/california-3pl-warehouse-near-me/]|4|10|6|UP|BNG
california food grade warehousing|[https://www.mclanegloballogistics.com/solutions/warehousing/]|7|0|19|NEW|BNG
california food warehouse & distribution|[https://www.mclanegloballogistics.com/our-locations/california-warehouse/]|25|0|1|NEW|BNG
california fulfillment services|[http://mclanegloballogistics.com/[*BiB*]]|1|0|25|NEW|BNG
cold storage warehouse houston|[http://www.mclanegloballogistics.com[*BiB*]]|1|1|0|EQ|BNG
cold storage warehousing houston|[https://www.mclanegloballogistics.com/our-locations/location-houston-texas/houston-cold-storage-warehouse/]|3|4|1|UP|BNG
cold warehousing & distribution houston|[https://www.mclanegloballogistics.com/our-locations/location-houston-texas/houston-cold-storage-warehouse/]|2|2|0|EQ|BNG
ecommerce fulfillment california|[https://www.mclanegloballogistics.com/our-locations/california-warehouse/california-ecommerce-fulfillment/]|6|6|0|EQ|BNG
ecommerce fulfillment centers houston tx|[https://www.mclanegloballogistics.com/solutions/fulfillment/houston-ecommerce-fulfillment/]|6|7|1|UP|BNG
ecommerce fulfillment houston|[https://www.mclanegloballogistics.com/solutions/fulfillment/houston-ecommerce-fulfillment/]|9|0|17|NEW|BNG
ecommerce warehouse california|[https://www.mclanegloballogistics.com/our-locations/california-warehouse/california-ecommerce-warehouse/]|2|5|3|UP|BNG
efulfillment services california|[https://www.mclanegloballogistics.com/our-locations/california-warehouse/california-e-fulfillment/]|19|0|7|NEW|BNG
export business service solutions|[https://www.mclanegloballogistics.com/solutions/import-export/]|3|2|-1|DOWN|BNG
food and beverage warehousing|[https://www.mclanegloballogistics.com/solutions/warehousing/]|8|0|18|NEW|BNG
food distribution logistics california|[http://mclanegloballogistics.com/[*BiB*]]|4|5|1|UP|BNG
food distribution logistics houston|[https://www.mclanegloballogistics.com/about/]|6|3|-3|DOWN|BNG
food distribution warehouses|[https://www.mclanegloballogistics.com/solutions/warehousing/]|4|0|22|NEW|BNG
food distribution warehouses california|[http://mclanegloballogistics.com/[*BiB*]]|3|0|23|NEW|BNG
food distribution warehousing california|[https://www.mclanegloballogistics.com/our-locations/riverside-california/]|9|4|-5|DOWN|BNG
food distribution warehousing houston|[https://www.mclanegloballogistics.com/about/]|10|3|-7|DOWN|BNG
food freight distribution houston|[https://www.mclanegloballogistics.com/about/]|6|3|-3|DOWN|BNG
food grade warehouse california|[https://www.mclanegloballogistics.com/solutions/warehousing/california-3pl-warehouse/]|2|2|0|EQ|BNG
food grade warehouse houston tx|[https://www.mclanegloballogistics.com/solutions/warehousing/]|4|4|0|EQ|BNG
food grade warehouse los angeles|[https://www.mclanegloballogistics.com/solutions/warehousing/]|24|0|2|NEW|BNG
food grade warehouse near california|[https://www.mclanegloballogistics.com/our-locations/california-warehouse/]|21|14|-7|DOWN|BNG
food grade warehousing houston|[https://www.mclanegloballogistics.com/solutions/warehousing/]|6|5|-1|DOWN|BNG
food grade warehousing services houston|[https://www.mclanegloballogistics.com/]|12|19|7|UP|BNG
food logistics and transportation houston|[https://www.mclanegloballogistics.com/solutions/]|5|4|-1|DOWN|BNG
food logistics company|[https://www.mclanegloballogistics.com/]|1|5|4|UP|BNG
food logistics company houston tx|[https://www.mclanegloballogistics.com/]|2|1|-1|DOWN|BNG
food logistics houston|[https://www.mclanegloballogistics.com/solutions/houston-worldwide-logistics/]|2|3|1|UP|BNG
food logistics houston tx|[https://www.mclanegloballogistics.com/]|1|1|0|EQ|BNG
food logistics riverside ca|[https://www.mclanegloballogistics.com/our-locations/riverside-california/]|1|1|0|EQ|BNG
food service warehouses international shipping|[https://www.mclanegloballogistics.com/solutions/import-export/]|1|1|0|EQ|BNG
food storage & distribution houston|[https://www.mclanegloballogistics.com/about/]|18|23|5|UP|BNG
food trading logistics california|[https://www.mclanegloballogistics.com/about/]|6|2|-4|DOWN|BNG
food warehouse & logistics calfornia|[https://www.mclanegloballogistics.com/solutions/warehousing/california-3pl-warehouse/]|5|2|-3|DOWN|BNG
freight forwarder houston|[https://www.mclanegloballogistics.com/our-locations/location-houston-texas/houston-freight-forwarder/]|25|27|2|UP|BNG
freight global logistics california|[https://www.mclanegloballogistics.com/our-locations/california-warehouse/california-air-freight-forwarders/]|11|6|-5|DOWN|BNG
global food freight solutions houston|[https://www.mclanegloballogistics.com/technology/]|1|1|0|EQ|BNG
global fulfillment houston tx|[https://www.mclanegloballogistics.com/solutions/fulfillment/houston-ecommerce-fulfillment/]|5|5|0|EQ|BNG
global logistic services houston|[https://www.mclanegloballogistics.com/our-locations/location-houston-texas/houston-global-logistics-freight-services/]|2|2|0|EQ|BNG
global logistics houston tx|[https://www.mclanegloballogistics.com/]|5|0|21|NEW|BNG
global logistics services california|[http://mclanegloballogistics.com/[*BiB*]]|2|3|1|UP|BNG
global warehouse california|[https://www.mclanegloballogistics.com/our-locations/california-warehouse/]|3|4|1|UP|BNG
houston 3pl logistics company|[https://www.mclanegloballogistics.com/our-locations/location-houston-texas/houston-3pl-logistics/]|2|3|1|UP|BNG
houston 3pl services|[https://www.mclanegloballogistics.com/our-locations/location-houston-texas/houston-3pl-logistics/]|5|4|-1|DOWN|BNG
houston cold chain logistics|[https://www.mclanegloballogistics.com/our-locations/location-houston-texas/houston-cold-storage-warehouse/]|1|1|0|EQ|BNG
houston cold storage|[http://www.mclanegloballogistics.com[*BiB*]]|2|1|-1|DOWN|BNG
houston cold storage logistics|[https://www.mclanegloballogistics.com/our-locations/location-houston-texas/houston-cold-storage-warehouse/]|2|2|0|EQ|BNG
houston cold storage warehouse|[http://www.mclanegloballogistics.com[*BiB*]]|1|1|0|EQ|BNG
houston ecommerce fulfillment|[https://www.mclanegloballogistics.com/solutions/fulfillment/houston-ecommerce-fulfillment/]|5|5|0|EQ|BNG
houston food distribution warehouses|[https://www.mclanegloballogistics.com/our-locations/location-houston-texas/]|17|11|-6|DOWN|BNG
houston food distributions logistics|[https://www.mclanegloballogistics.com/about/]|5|2|-3|DOWN|BNG
houston food global logistics|[https://www.mclanegloballogistics.com/solutions/houston-worldwide-logistics/]|1|1|0|EQ|BNG
houston food logistics companies|[https://www.mclanegloballogistics.com/solutions/houston-worldwide-logistics/]|2|2|0|EQ|BNG
houston food storage & logistics|[https://www.mclanegloballogistics.com/our-locations/location-houston-texas/houston-cold-storage-warehouse/]|2|2|0|EQ|BNG
houston food warehousing services|[https://www.mclanegloballogistics.com/solutions/warehousing/]|7|7|0|EQ|BNG
houston fulfillment services|[https://www.mclanegloballogistics.com/solutions/warehousing/houston-fulfillment-warehouse/]|18|18|0|EQ|BNG
houston global logistic services|[https://www.mclanegloballogistics.com/solutions/houston-logistics-services/]|2|2|0|EQ|BNG
houston global logistics|[https://www.mclanegloballogistics.com/our-locations/location-houston-texas/houston-american-logistic-company/]|8|7|-1|DOWN|BNG
houston global logistics freight services|[https://www.mclanegloballogistics.com/our-locations/location-houston-texas/houston-global-logistics-freight-services/]|2|2|0|EQ|BNG
houston global logistics services|[https://www.mclanegloballogistics.com/our-locations/location-houston-texas/houston-global-logistics-freight-services/]|2|4|2|UP|BNG
houston global warehouse|[https://www.mclanegloballogistics.com/about/]|6|2|-4|DOWN|BNG
houston import logistics company|[https://www.mclanegloballogistics.com/solutions/import-export/]|5|4|-1|DOWN|BNG
houston intermodal container freight brokers|[https://www.mclanegloballogistics.com/our-locations/california-warehouse/california-intermodal-container-freight-brokers/]|18|0|8|NEW|BNG
houston international food trading company|[https://www.mclanegloballogistics.com/]|14|26|12|UP|BNG
houston international logistics service|[https://www.mclanegloballogistics.com/solutions/houston-logistics-companies-near-me/]|10|16|6|UP|BNG
houston international logistics services|[https://www.mclanegloballogistics.com/solutions/houston-logistics-companies-near-me/]|11|5|-6|DOWN|BNG
houston logistics & food warehousing services|[https://www.mclanegloballogistics.com/our-locations/location-houston-texas/houston-cold-storage-warehouse/]|3|3|0|EQ|BNG
houston logistics company|[https://www.mclanegloballogistics.com/]|16|18|2|UP|BNG
houston logistics services|[https://www.mclanegloballogistics.com/solutions/houston-logistics-services/]|7|7|0|EQ|BNG
houston third party logistics|[https://www.mclanegloballogistics.com/our-locations/location-houston-texas/logistics-companies-in-houston-tx/]|4|6|2|UP|BNG
houston third party logistics company|[https://www.mclanegloballogistics.com/our-locations/location-houston-texas/logistics-companies-in-houston-tx/]|4|4|0|EQ|BNG
houston third party warehouse logistics|[https://www.mclanegloballogistics.com/our-locations/location-houston-texas/logistics-companies-in-houston-tx/]|8|5|-3|DOWN|BNG
houston trading logistics|[https://www.mclanegloballogistics.com/]|6|6|0|EQ|BNG
import business service solutions|[https://www.mclanegloballogistics.com/solutions/import-export/]|2|2|0|EQ|BNG
import export distribution houston|[https://www.mclanegloballogistics.com/about/]|8|8|0|EQ|BNG
import logistics company houston|[https://www.mclanegloballogistics.com/]|5|6|1|UP|BNG
import logistics houston tx|[https://www.mclanegloballogistics.com/solutions/import-export/]|6|17|11|UP|BNG
intermodal container freight brokers|[https://www.mclanegloballogistics.com/our-locations/california-warehouse/california-intermodal-container-freight-brokers/]|9|5|-4|DOWN|BNG
international food logistics|[https://www.mclanegloballogistics.com/]|1|2|1|UP|BNG
logistics companies houston tx|[https://www.mclanegloballogistics.com/our-locations/location-houston-texas/logistics-companies-in-houston-tx/]|23|22|-1|DOWN|BNG
logistics company houston|[https://www.mclanegloballogistics.com/]|22|16|-6|DOWN|BNG
logistics space houston|[https://www.mclanegloballogistics.com/]|14|0|12|NEW|BNG
mcclain global logistics|[https://www.mclanegloballogistics.com/]|1|1|0|EQ|BNG
mcclane global logistics|[https://www.mclanegloballogistics.com/]|1|1|0|EQ|BNG
mclain global|[https://www.mclanegloballogistics.com/]|2|2|0|EQ|BNG
mclane global|[https://www.mclanegloballogistics.com/]|2|2|0|EQ|BNG
mclane global houston|[https://www.mclanegloballogistics.com/]|2|2|0|EQ|BNG
mclane global houston tx|[https://www.mclanegloballogistics.com/]|2|2|0|EQ|BNG
mclane global houston tx 77090|[https://www.mclanegloballogistics.com/]|2|2|0|EQ|BNG
mclane global logistics|[https://www.mclanegloballogistics.com/]|1|1|0|EQ|BNG
mclane global logistics houston|[https://www.mclanegloballogistics.com/]|1|1|0|EQ|BNG
mclane global logistics houston tx|[https://www.mclanegloballogistics.com/]|1|1|0|EQ|BNG
mclane global riverside ca|[https://www.mclanegloballogistics.com/our-locations/riverside-california/]|1|1|0|EQ|BNG
mclane logistics|[https://www.mclanegloballogistics.com/]|1|1|0|EQ|BNG
mclanegloballogistics.com|[https://www.mclanegloballogistics.com/]|1|1|0|EQ|BNG
reverse logistics in food fulfillment|[https://www.mclanegloballogistics.com/solutions/fulfillment/]|2|1|-1|DOWN|BNG
riverside ca food logistics companies|[http://mclanegloballogistics.com/[*BiB*]]|4|0|22|NEW|BNG
riverside ca food storage & distribution|[https://www.mclanegloballogistics.com/our-locations/riverside-california/]|2|0|24|NEW|BNG
riverside ca food storage & logistics|[http://mclanegloballogistics.com/[*BiB*]]|4|0|22|NEW|BNG
riverside ca food warehousing services|[http://mclanegloballogistics.com/[*BiB*]]|1|0|25|NEW|BNG
trading logistics houston|[https://www.mclanegloballogistics.com/]|7|7|0|EQ|BNG
warehouse food ligistics houston|[https://www.mclanegloballogistics.com/]|4|7|3|UP|BNG
warehouse storage consulting lake riverside|[https://www.mclanegloballogistics.com/our-locations/california-warehouse/]|5|9|4|UP|BNG
worldwide global logistics houston|[https://www.mclanegloballogistics.com/solutions/houston-worldwide-global-logistics/]|1|1|0|EQ|BNG
